theme,text_token,text_value,surface,surface_layers,surface_is_solid,plate_blur_px,surface_on_body,surface_on_plate_median_desktop,ratio_body,ratio_desktop_p05,ratio_desktop_p50,ratio_desktop_p95,ratio_mobile_p05,ratio_mobile_p50,ratio_mobile_p95,ratio_min,worst_case_backdrop,AA_normal_4.5_at_min,AA_large_3.0_at_min,AAA_normal_7.0_at_min,typical_pair
natt,--page-ink,#fff7e9,"page (plate, no surface)",plate,False,0,#171232,#282d46,16.88,17.25,12.7,6.53,16.32,11.78,6.27,6.27,mobile_p95,pass,pass,fail,yes
natt,--page-sub,#d9cfee,"page (plate, no surface)",plate,False,0,#171232,#282d46,12.07,12.34,9.08,4.67,11.67,8.42,4.49,4.49,mobile_p95,fail,pass,fail,yes
natt,--micro-ink,#d9cfee @0.85,"page (plate, no surface)",plate,False,0,#171232,#282d46,8.99,9.15,7.03,3.88,8.74,6.58,3.74,3.74,mobile_p95,fail,pass,fail,yes
natt,--accent,#f5c542,"page (plate, no surface)",plate,False,0,#171232,#282d46,11.08,11.32,8.33,4.29,10.71,7.73,4.12,4.12,mobile_p95,fail,pass,fail,yes
natt,--accent-ink,#f5c542,"page (plate, no surface)",plate,False,0,#171232,#282d46,11.08,11.32,8.33,4.29,10.71,7.73,4.12,4.12,mobile_p95,fail,pass,fail,yes
natt,--logo-ink,#f5c542,"page (plate, no surface)",plate,False,0,#171232,#282d46,11.08,11.32,8.33,4.29,10.71,7.73,4.12,4.12,mobile_p95,fail,pass,fail,yes
natt,--foot-ink,#b7a9d6,"page (plate, no surface)",plate,False,0,#171232,#282d46,8.26,8.44,6.22,3.2,7.99,5.77,3.07,3.07,mobile_p95,fail,pass,fail,yes
natt,--card-ink,#f2eeff,"page (plate, no surface)",plate,False,0,#171232,#282d46,15.78,16.13,11.87,6.11,15.26,11.01,5.87,5.87,mobile_p95,pass,pass,fail,
natt,--card-sub,#b5acd3,"page (plate, no surface)",plate,False,0,#171232,#282d46,8.39,8.57,6.31,3.25,8.11,5.85,3.12,3.12,mobile_p95,fail,pass,fail,
natt,--prose-ink,#eae4f5,"page (plate, no surface)",plate,False,0,#171232,#282d46,14.47,14.79,10.88,5.6,13.99,10.1,5.38,5.38,mobile_p95,pass,pass,fail,
natt,--chip-ink,#e8dfc9,"page (plate, no surface)",plate,False,0,#171232,#282d46,13.54,13.84,10.19,5.24,13.09,9.45,5.03,5.03,mobile_p95,pass,pass,fail,
natt,--pill-ink,#c9bcff,"page (plate, no surface)",plate,False,0,#171232,#282d46,10.37,10.6,7.8,4.01,10.02,7.24,3.85,3.85,mobile_p95,fail,pass,fail,
natt,--gold-chip-ink,#ffd98f,"page (plate, no surface)",plate,False,0,#171232,#282d46,13.32,13.62,10.02,5.16,12.88,9.3,4.95,4.95,mobile_p95,pass,pass,fail,
natt,--coral-chip-ink,#ffab9f,"page (plate, no surface)",plate,False,0,#171232,#282d46,9.9,10.12,7.45,3.83,9.58,6.91,3.68,3.68,mobile_p95,fail,pass,fail,
natt,--trait-ink,#cfc5ec,"page (plate, no surface)",plate,False,0,#171232,#282d46,10.99,11.23,8.27,4.25,10.63,7.67,4.09,4.09,mobile_p95,fail,pass,fail,
natt,--trait-on-ink,#e9e2ff,"page (plate, no surface)",plate,False,0,#171232,#282d46,14.36,14.68,10.8,5.56,13.88,10.02,5.34,5.34,mobile_p95,pass,pass,fail,
natt,--choice-ink,#f2eeff,"page (plate, no surface)",plate,False,0,#171232,#282d46,15.78,16.13,11.87,6.11,15.26,11.01,5.87,5.87,mobile_p95,pass,pass,fail,
natt,--ghost-ink,#fff3d9,"page (plate, no surface)",plate,False,0,#171232,#282d46,16.32,16.68,12.27,6.31,15.78,11.39,6.07,6.07,mobile_p95,pass,pass,fail,
natt,--btn-ink,#3a2b10,"page (plate, no surface)",plate,False,0,#171232,#282d46,1.31,1.34,1.01,1.97,1.27,1.09,2.05,1.01,desktop_p50,fail,fail,fail,
natt,"footer Beta label (--foot-ink, opacity .8)",#b7a9d6 @0.80,"page (plate, no surface)",plate,False,0,#171232,#282d46,5.7,5.8,4.56,2.61,5.56,4.29,2.52,2.52,mobile_p95,fail,fail,fail,yes
natt,"footer version (--card-sub, opacity .85)",#b5acd3 @0.85,"page (plate, no surface)",plate,False,0,#171232,#282d46,6.37,6.49,5.01,2.79,6.2,4.69,2.69,2.69,mobile_p95,fail,fail,fail,yes
natt,skip-link ink #241608,#241608,"page (plate, no surface)",plate,False,0,#171232,#282d46,1.02,1.04,1.3,2.53,1.01,1.4,2.64,1.01,mobile_p05,fail,fail,fail,
natt,primitive --violet #6d4fe0,#6d4fe0,"page (plate, no surface)",plate,False,0,#171232,#282d46,3.29,3.36,2.47,1.27,3.18,2.3,1.22,1.22,mobile_p95,fail,fail,fail,
natt,primitive --violet-soft #9b87f5,#9b87f5,"page (plate, no surface)",plate,False,0,#171232,#282d46,6.14,6.28,4.62,2.38,5.94,4.29,2.28,2.28,mobile_p95,fail,fail,fail,
natt,primitive --gold #f2b22e,#f2b22e,"page (plate, no surface)",plate,False,0,#171232,#282d46,9.57,9.78,7.2,3.7,9.25,6.68,3.56,3.56,mobile_p95,fail,pass,fail,
natt,primitive --coral #ff6154,#ff6154,"page (plate, no surface)",plate,False,0,#171232,#282d46,6.06,6.2,4.56,2.35,5.86,4.23,2.25,2.25,mobile_p95,fail,fail,fail,
natt,--page-ink,#fff7e9,--card glass,--card over plate,False,22,#12152b,#171e32,16.93,16.94,15.58,13.48,16.65,15.22,13.46,13.46,mobile_p95,pass,pass,pass,
natt,--page-sub,#d9cfee,--card glass,--card over plate,False,22,#12152b,#171e32,12.11,12.11,11.14,9.64,11.91,10.88,9.63,9.63,mobile_p95,pass,pass,pass,
natt,--micro-ink,#d9cfee @0.85,--card glass,--card over plate,False,22,#12152b,#171e32,9.02,9.02,8.41,7.41,8.89,8.24,7.4,7.4,mobile_p95,pass,pass,pass,
natt,--accent,#f5c542,--card glass,--card over plate,False,22,#12152b,#171e32,11.11,11.11,10.22,8.85,10.93,9.99,8.83,8.83,mobile_p95,pass,pass,pass,
natt,--accent-ink,#f5c542,--card glass,--card over plate,False,22,#12152b,#171e32,11.11,11.11,10.22,8.85,10.93,9.99,8.83,8.83,mobile_p95,pass,pass,pass,yes
natt,--logo-ink,#f5c542,--card glass,--card over plate,False,22,#12152b,#171e32,11.11,11.11,10.22,8.85,10.93,9.99,8.83,8.83,mobile_p95,pass,pass,pass,
natt,--foot-ink,#b7a9d6,--card glass,--card over plate,False,22,#12152b,#171e32,8.29,8.29,7.63,6.6,8.15,7.45,6.59,6.59,mobile_p95,pass,pass,fail,
natt,--card-ink,#f2eeff,--card glass,--card over plate,False,22,#12152b,#171e32,15.83,15.83,14.56,12.6,15.57,14.23,12.59,12.59,mobile_p95,pass,pass,pass,yes
natt,--card-sub,#b5acd3,--card glass,--card over plate,False,22,#12152b,#171e32,8.42,8.42,7.74,6.7,8.28,7.56,6.69,6.69,mobile_p95,pass,pass,fail,yes
natt,--prose-ink,#eae4f5,--card glass,--card over plate,False,22,#12152b,#171e32,14.52,14.52,13.35,11.55,14.28,13.05,11.54,11.54,mobile_p95,pass,pass,pass,yes
natt,--chip-ink,#e8dfc9,--card glass,--card over plate,False,22,#12152b,#171e32,13.58,13.59,12.5,10.81,13.36,12.21,10.8,10.8,mobile_p95,pass,pass,pass,
natt,--pill-ink,#c9bcff,--card glass,--card over plate,False,22,#12152b,#171e32,10.4,10.4,9.57,8.28,10.23,9.35,8.27,8.27,mobile_p95,pass,pass,pass,
natt,--gold-chip-ink,#ffd98f,--card glass,--card over plate,False,22,#12152b,#171e32,13.36,13.37,12.29,10.64,13.14,12.01,10.63,10.63,mobile_p95,pass,pass,pass,
natt,--coral-chip-ink,#ffab9f,--card glass,--card over plate,False,22,#12152b,#171e32,9.94,9.94,9.14,7.91,9.77,8.93,7.9,7.9,mobile_p95,pass,pass,pass,
natt,--trait-ink,#cfc5ec,--card glass,--card over plate,False,22,#12152b,#171e32,11.03,11.03,10.14,8.78,10.85,9.91,8.77,8.77,mobile_p95,pass,pass,pass,yes
natt,--trait-on-ink,#e9e2ff,--card glass,--card over plate,False,22,#12152b,#171e32,14.41,14.41,13.25,11.47,14.17,12.95,11.45,11.45,mobile_p95,pass,pass,pass,
natt,--choice-ink,#f2eeff,--card glass,--card over plate,False,22,#12152b,#171e32,15.83,15.83,14.56,12.6,15.57,14.23,12.59,12.59,mobile_p95,pass,pass,pass,
natt,--ghost-ink,#fff3d9,--card glass,--card over plate,False,22,#12152b,#171e32,16.37,16.37,15.06,13.03,16.1,14.71,13.01,13.01,mobile_p95,pass,pass,pass,
natt,--btn-ink,#3a2b10,--card glass,--card over plate,False,22,#12152b,#171e32,1.32,1.32,1.21,1.05,1.29,1.18,1.05,1.05,mobile_p95,fail,fail,fail,
natt,"footer Beta label (--foot-ink, opacity .8)",#b7a9d6 @0.80,--card glass,--card over plate,False,22,#12152b,#171e32,5.72,5.72,5.37,4.79,5.65,5.28,4.78,4.78,mobile_p95,pass,pass,fail,
natt,"footer version (--card-sub, opacity .85)",#b5acd3 @0.85,--card glass,--card over plate,False,22,#12152b,#171e32,6.39,6.39,5.97,5.28,6.31,5.85,5.27,5.27,mobile_p95,pass,pass,fail,
natt,skip-link ink #241608,#241608,--card glass,--card over plate,False,22,#12152b,#171e32,1.02,1.02,1.06,1.23,1.01,1.09,1.23,1.01,mobile_p05,fail,fail,fail,
natt,primitive --violet #6d4fe0,#6d4fe0,--card glass,--card over plate,False,22,#12152b,#171e32,3.3,3.3,3.04,2.63,3.25,2.97,2.62,2.62,mobile_p95,fail,fail,fail,
natt,primitive --violet-soft #9b87f5,#9b87f5,--card glass,--card over plate,False,22,#12152b,#171e32,6.16,6.16,5.67,4.9,6.06,5.54,4.9,4.9,mobile_p95,pass,pass,fail,
natt,primitive --gold #f2b22e,#f2b22e,--card glass,--card over plate,False,22,#12152b,#171e32,9.6,9.6,8.83,7.64,9.44,8.63,7.63,7.63,mobile_p95,pass,pass,pass,
natt,primitive --coral #ff6154,#ff6154,--card glass,--card over plate,False,22,#12152b,#171e32,6.08,6.08,5.6,4.84,5.98,5.47,4.84,4.84,mobile_p95,pass,pass,fail,
natt,--page-ink,#fff7e9,--chip-bg on plate,--chip-bg over plate,False,0,#2f2a45,#3e4257,12.9,13.25,9.32,5.11,12.31,8.67,4.93,4.93,mobile_p95,pass,pass,fail,
natt,--page-sub,#d9cfee,--chip-bg on plate,--chip-bg over plate,False,0,#2f2a45,#3e4257,9.22,9.47,6.67,3.65,8.8,6.2,3.53,3.53,mobile_p95,fail,pass,fail,
natt,--micro-ink,#d9cfee @0.85,--chip-bg on plate,--chip-bg over plate,False,0,#2f2a45,#3e4257,7.13,7.3,5.34,3.11,6.84,5.0,3.01,3.01,mobile_p95,fail,pass,fail,
natt,--accent,#f5c542,--chip-bg on plate,--chip-bg over plate,False,0,#2f2a45,#3e4257,8.46,8.69,6.12,3.35,8.08,5.69,3.24,3.24,mobile_p95,fail,pass,fail,
natt,--accent-ink,#f5c542,--chip-bg on plate,--chip-bg over plate,False,0,#2f2a45,#3e4257,8.46,8.69,6.12,3.35,8.08,5.69,3.24,3.24,mobile_p95,fail,pass,fail,
natt,--logo-ink,#f5c542,--chip-bg on plate,--chip-bg over plate,False,0,#2f2a45,#3e4257,8.46,8.69,6.12,3.35,8.08,5.69,3.24,3.24,mobile_p95,fail,pass,fail,
natt,--foot-ink,#b7a9d6,--chip-bg on plate,--chip-bg over plate,False,0,#2f2a45,#3e4257,6.31,6.49,4.56,2.5,6.03,4.24,2.41,2.41,mobile_p95,fail,fail,fail,
natt,--card-ink,#f2eeff,--chip-bg on plate,--chip-bg over plate,False,0,#2f2a45,#3e4257,12.06,12.39,8.72,4.78,11.51,8.1,4.61,4.61,mobile_p95,pass,pass,fail,
natt,--card-sub,#b5acd3,--chip-bg on plate,--chip-bg over plate,False,0,#2f2a45,#3e4257,6.41,6.58,4.63,2.54,6.12,4.31,2.45,2.45,mobile_p95,fail,fail,fail,
natt,--prose-ink,#eae4f5,--chip-bg on plate,--chip-bg over plate,False,0,#2f2a45,#3e4257,11.06,11.36,7.99,4.38,10.55,7.43,4.23,4.23,mobile_p95,fail,pass,fail,
natt,--chip-ink,#e8dfc9,--chip-bg on plate,--chip-bg over plate,False,0,#2f2a45,#3e4257,10.35,10.63,7.48,4.1,9.88,6.95,3.96,3.96,mobile_p95,fail,pass,fail,yes
natt,--pill-ink,#c9bcff,--chip-bg on plate,--chip-bg over plate,False,0,#2f2a45,#3e4257,7.92,8.14,5.73,3.14,7.56,5.32,3.03,3.03,mobile_p95,fail,pass,fail,
natt,--gold-chip-ink,#ffd98f,--chip-bg on plate,--chip-bg over plate,False,0,#2f2a45,#3e4257,10.18,10.46,7.36,4.03,9.72,6.84,3.89,3.89,mobile_p95,fail,pass,fail,
natt,--coral-chip-ink,#ffab9f,--chip-bg on plate,--chip-bg over plate,False,0,#2f2a45,#3e4257,7.57,7.77,5.47,3.0,7.22,5.09,2.89,2.89,mobile_p95,fail,fail,fail,
natt,--trait-ink,#cfc5ec,--chip-bg on plate,--chip-bg over plate,False,0,#2f2a45,#3e4257,8.4,8.63,6.07,3.33,8.02,5.64,3.21,3.21,mobile_p95,fail,pass,fail,
natt,--trait-on-ink,#e9e2ff,--chip-bg on plate,--chip-bg over plate,False,0,#2f2a45,#3e4257,10.97,11.27,7.93,4.35,10.47,7.37,4.2,4.2,mobile_p95,fail,pass,fail,
natt,--choice-ink,#f2eeff,--chip-bg on plate,--chip-bg over plate,False,0,#2f2a45,#3e4257,12.06,12.39,8.72,4.78,11.51,8.1,4.61,4.61,mobile_p95,pass,pass,fail,
natt,--ghost-ink,#fff3d9,--chip-bg on plate,--chip-bg over plate,False,0,#2f2a45,#3e4257,12.47,12.81,9.01,4.94,11.9,8.38,4.77,4.77,mobile_p95,pass,pass,fail,
natt,--btn-ink,#3a2b10,--chip-bg on plate,--chip-bg over plate,False,0,#2f2a45,#3e4257,1.0,1.03,1.38,2.52,1.05,1.49,2.61,1.0,body,fail,fail,fail,
natt,"footer Beta label (--foot-ink, opacity .8)",#b7a9d6 @0.80,--chip-bg on plate,--chip-bg over plate,False,0,#2f2a45,#3e4257,4.62,4.72,3.52,2.12,4.45,3.31,2.06,2.06,mobile_p95,fail,fail,fail,
natt,"footer version (--card-sub, opacity .85)",#b5acd3 @0.85,--chip-bg on plate,--chip-bg over plate,False,0,#2f2a45,#3e4257,5.08,5.2,3.82,2.24,4.88,3.58,2.18,2.18,mobile_p95,fail,fail,fail,
natt,skip-link ink #241608,#241608,--chip-bg on plate,--chip-bg over plate,False,0,#2f2a45,#3e4257,1.28,1.25,1.77,3.24,1.34,1.91,3.35,1.25,desktop_p05,fail,fail,fail,
natt,primitive --violet #6d4fe0,#6d4fe0,--chip-bg on plate,--chip-bg over plate,False,0,#2f2a45,#3e4257,2.51,2.58,1.82,1.0,2.4,1.69,1.04,1.0,desktop_p95,fail,fail,fail,
natt,primitive --violet-soft #9b87f5,#9b87f5,--chip-bg on plate,--chip-bg over plate,False,0,#2f2a45,#3e4257,4.69,4.82,3.39,1.86,4.48,3.15,1.79,1.79,mobile_p95,fail,fail,fail,
natt,primitive --gold #f2b22e,#f2b22e,--chip-bg on plate,--chip-bg over plate,False,0,#2f2a45,#3e4257,7.31,7.51,5.28,2.9,6.98,4.91,2.79,2.79,mobile_p95,fail,fail,fail,
natt,primitive --coral #ff6154,#ff6154,--chip-bg on plate,--chip-bg over plate,False,0,#2f2a45,#3e4257,4.63,4.76,3.35,1.84,4.42,3.11,1.77,1.77,mobile_p95,fail,fail,fail,
natt,--page-ink,#fff7e9,--chip-bg on --card,--chip-bg over --card over plate,False,22,#2a2c3f,#2f3445,12.9,12.9,11.61,9.91,12.62,11.3,9.9,9.9,mobile_p95,pass,pass,pass,
natt,--page-sub,#d9cfee,--chip-bg on --card,--chip-bg over --card over plate,False,22,#2a2c3f,#2f3445,9.23,9.23,8.3,7.08,9.02,8.08,7.08,7.08,mobile_p95,pass,pass,pass,
natt,--micro-ink,#d9cfee @0.85,--chip-bg on --card,--chip-bg over --card over plate,False,22,#2a2c3f,#2f3445,7.14,7.13,6.5,5.64,6.99,6.34,5.63,5.63,mobile_p95,pass,pass,fail,
natt,--accent,#f5c542,--chip-bg on --card,--chip-bg over --card over plate,False,22,#2a2c3f,#2f3445,8.47,8.47,7.62,6.5,8.28,7.41,6.49,6.49,mobile_p95,pass,pass,fail,
natt,--accent-ink,#f5c542,--chip-bg on --card,--chip-bg over --card over plate,False,22,#2a2c3f,#2f3445,8.47,8.47,7.62,6.5,8.28,7.41,6.49,6.49,mobile_p95,pass,pass,fail,
natt,--logo-ink,#f5c542,--chip-bg on --card,--chip-bg over --card over plate,False,22,#2a2c3f,#2f3445,8.47,8.47,7.62,6.5,8.28,7.41,6.49,6.49,mobile_p95,pass,pass,fail,
natt,--foot-ink,#b7a9d6,--chip-bg on --card,--chip-bg over --card over plate,False,22,#2a2c3f,#2f3445,6.32,6.32,5.68,4.85,6.18,5.53,4.84,4.84,mobile_p95,pass,pass,fail,
natt,--card-ink,#f2eeff,--chip-bg on --card,--chip-bg over --card over plate,False,22,#2a2c3f,#2f3445,12.07,12.06,10.85,9.26,11.79,10.56,9.25,9.25,mobile_p95,pass,pass,pass,
natt,--card-sub,#b5acd3,--chip-bg on --card,--chip-bg over --card over plate,False,22,#2a2c3f,#2f3445,6.41,6.41,5.77,4.92,6.27,5.61,4.92,4.92,mobile_p95,pass,pass,fail,
natt,--prose-ink,#eae4f5,--chip-bg on --card,--chip-bg over --card over plate,False,22,#2a2c3f,#2f3445,11.06,11.06,9.95,8.49,10.81,9.68,8.48,8.48,mobile_p95,pass,pass,pass,
natt,--chip-ink,#e8dfc9,--chip-bg on --card,--chip-bg over --card over plate,False,22,#2a2c3f,#2f3445,10.35,10.35,9.31,7.95,10.12,9.06,7.94,7.94,mobile_p95,pass,pass,pass,yes
natt,--pill-ink,#c9bcff,--chip-bg on --card,--chip-bg over --card over plate,False,22,#2a2c3f,#2f3445,7.93,7.92,7.13,6.09,7.75,6.94,6.08,6.08,mobile_p95,pass,pass,fail,
natt,--gold-chip-ink,#ffd98f,--chip-bg on --card,--chip-bg over --card over plate,False,22,#2a2c3f,#2f3445,10.18,10.18,9.16,7.82,9.96,8.91,7.81,7.81,mobile_p95,pass,pass,pass,
natt,--coral-chip-ink,#ffab9f,--chip-bg on --card,--chip-bg over --card over plate,False,22,#2a2c3f,#2f3445,7.57,7.57,6.81,5.81,7.4,6.63,5.81,5.81,mobile_p95,pass,pass,fail,
natt,--trait-ink,#cfc5ec,--chip-bg on --card,--chip-bg over --card over plate,False,22,#2a2c3f,#2f3445,8.4,8.4,7.56,6.45,8.22,7.36,6.45,6.45,mobile_p95,pass,pass,fail,
natt,--trait-on-ink,#e9e2ff,--chip-bg on --card,--chip-bg over --card over plate,False,22,#2a2c3f,#2f3445,10.98,10.98,9.88,8.43,10.73,9.61,8.42,8.42,mobile_p95,pass,pass,pass,
natt,--choice-ink,#f2eeff,--chip-bg on --card,--chip-bg over --card over plate,False,22,#2a2c3f,#2f3445,12.07,12.06,10.85,9.26,11.79,10.56,9.25,9.25,mobile_p95,pass,pass,pass,
natt,--ghost-ink,#fff3d9,--chip-bg on --card,--chip-bg over --card over plate,False,22,#2a2c3f,#2f3445,12.47,12.47,11.22,9.58,12.19,10.92,9.57,9.57,mobile_p95,pass,pass,pass,
natt,--btn-ink,#3a2b10,--chip-bg on --card,--chip-bg over --card over plate,False,22,#2a2c3f,#2f3445,1.0,1.0,1.11,1.3,1.02,1.14,1.3,1.0,desktop_p05,fail,fail,fail,
natt,"footer Beta label (--foot-ink, opacity .8)",#b7a9d6 @0.80,--chip-bg on --card,--chip-bg over --card over plate,False,22,#2a2c3f,#2f3445,4.62,4.62,4.23,3.71,4.54,4.14,3.71,3.71,mobile_p95,fail,pass,fail,
natt,"footer version (--card-sub, opacity .85)",#b5acd3 @0.85,--chip-bg on --card,--chip-bg over --card over plate,False,22,#2a2c3f,#2f3445,5.08,5.08,4.63,4.03,4.98,4.52,4.03,4.03,mobile_p95,fail,pass,fail,
natt,skip-link ink #241608,#241608,--chip-bg on --card,--chip-bg over --card over plate,False,22,#2a2c3f,#2f3445,1.28,1.28,1.42,1.67,1.31,1.46,1.67,1.28,body,fail,fail,fail,
natt,primitive --violet #6d4fe0,#6d4fe0,--chip-bg on --card,--chip-bg over --card over plate,False,22,#2a2c3f,#2f3445,2.51,2.51,2.26,1.93,2.46,2.2,1.93,1.93,mobile_p95,fail,fail,fail,
natt,primitive --violet-soft #9b87f5,#9b87f5,--chip-bg on --card,--chip-bg over --card over plate,False,22,#2a2c3f,#2f3445,4.69,4.69,4.22,3.6,4.59,4.11,3.6,3.6,mobile_p95,fail,pass,fail,
natt,primitive --gold #f2b22e,#f2b22e,--chip-bg on --card,--chip-bg over --card over plate,False,22,#2a2c3f,#2f3445,7.31,7.31,6.58,5.61,7.15,6.4,5.61,5.61,mobile_p95,pass,pass,fail,
natt,primitive --coral #ff6154,#ff6154,--chip-bg on --card,--chip-bg over --card over plate,False,22,#2a2c3f,#2f3445,4.64,4.64,4.17,3.56,4.53,4.06,3.56,3.56,mobile_p95,fail,pass,fail,
natt,--page-ink,#fff7e9,--pill-bg on --card,--pill-bg over --card over plate,False,22,#28274c,#2d2f52,13.3,13.32,12.1,10.46,13.05,11.8,10.45,10.45,mobile_p95,pass,pass,pass,
natt,--page-sub,#d9cfee,--pill-bg on --card,--pill-bg over --card over plate,False,22,#28274c,#2d2f52,9.51,9.52,8.65,7.48,9.33,8.44,7.47,7.47,mobile_p95,pass,pass,pass,
natt,--micro-ink,#d9cfee @0.85,--pill-bg on --card,--pill-bg over --card over plate,False,22,#28274c,#2d2f52,7.32,7.33,6.73,5.91,7.2,6.59,5.91,5.91,mobile_p95,pass,pass,fail,
natt,--accent,#f5c542,--pill-bg on --card,--pill-bg over --card over plate,False,22,#28274c,#2d2f52,8.73,8.74,7.94,6.86,8.56,7.74,6.86,6.86,mobile_p95,pass,pass,fail,
natt,--accent-ink,#f5c542,--pill-bg on --card,--pill-bg over --card over plate,False,22,#28274c,#2d2f52,8.73,8.74,7.94,6.86,8.56,7.74,6.86,6.86,mobile_p95,pass,pass,fail,
natt,--logo-ink,#f5c542,--pill-bg on --card,--pill-bg over --card over plate,False,22,#28274c,#2d2f52,8.73,8.74,7.94,6.86,8.56,7.74,6.86,6.86,mobile_p95,pass,pass,fail,
natt,--foot-ink,#b7a9d6,--pill-bg on --card,--pill-bg over --card over plate,False,22,#28274c,#2d2f52,6.51,6.52,5.92,5.12,6.39,5.78,5.12,5.12,mobile_p95,pass,pass,fail,
natt,--card-ink,#f2eeff,--pill-bg on --card,--pill-bg over --card over plate,False,22,#28274c,#2d2f52,12.43,12.45,11.31,9.78,12.2,11.03,9.77,9.77,mobile_p95,pass,pass,pass,
natt,--card-sub,#b5acd3,--pill-bg on --card,--pill-bg over --card over plate,False,22,#28274c,#2d2f52,6.61,6.62,6.01,5.2,6.49,5.86,5.19,5.19,mobile_p95,pass,pass,fail,
natt,--prose-ink,#eae4f5,--pill-bg on --card,--pill-bg over --card over plate,False,22,#28274c,#2d2f52,11.4,11.41,10.37,8.97,11.19,10.12,8.96,8.96,mobile_p95,pass,pass,pass,
natt,--chip-ink,#e8dfc9,--pill-bg on --card,--pill-bg over --card over plate,False,22,#28274c,#2d2f52,10.67,10.68,9.71,8.39,10.47,9.47,8.38,8.38,mobile_p95,pass,pass,pass,
natt,--pill-ink,#c9bcff,--pill-bg on --card,--pill-bg over --card over plate,False,22,#28274c,#2d2f52,8.17,8.18,7.43,6.43,8.02,7.25,6.42,6.42,mobile_p95,pass,pass,fail,yes
natt,--gold-chip-ink,#ffd98f,--pill-bg on --card,--pill-bg over --card over plate,False,22,#28274c,#2d2f52,10.5,10.51,9.55,8.26,10.3,9.31,8.25,8.25,mobile_p95,pass,pass,pass,
natt,--coral-chip-ink,#ffab9f,--pill-bg on --card,--pill-bg over --card over plate,False,22,#28274c,#2d2f52,7.8,7.81,7.1,6.14,7.66,6.92,6.13,6.13,mobile_p95,pass,pass,fail,
natt,--trait-ink,#cfc5ec,--pill-bg on --card,--pill-bg over --card over plate,False,22,#28274c,#2d2f52,8.66,8.67,7.88,6.81,8.5,7.69,6.81,6.81,mobile_p95,pass,pass,fail,
natt,--trait-on-ink,#e9e2ff,--pill-bg on --card,--pill-bg over --card over plate,False,22,#28274c,#2d2f52,11.31,11.33,10.29,8.9,11.1,10.04,8.89,8.89,mobile_p95,pass,pass,pass,
natt,--choice-ink,#f2eeff,--pill-bg on --card,--pill-bg over --card over plate,False,22,#28274c,#2d2f52,12.43,12.45,11.31,9.78,12.2,11.03,9.77,9.77,mobile_p95,pass,pass,pass,
natt,--ghost-ink,#fff3d9,--pill-bg on --card,--pill-bg over --card over plate,False,22,#28274c,#2d2f52,12.86,12.87,11.69,10.11,12.61,11.41,10.1,10.1,mobile_p95,pass,pass,pass,
natt,--btn-ink,#3a2b10,--pill-bg on --card,--pill-bg over --card over plate,False,22,#28274c,#2d2f52,1.03,1.03,1.06,1.23,1.01,1.09,1.23,1.01,mobile_p05,fail,fail,fail,
natt,"footer Beta label (--foot-ink, opacity .8)",#b7a9d6 @0.80,--pill-bg on --card,--pill-bg over --card over plate,False,22,#28274c,#2d2f52,4.73,4.74,4.38,3.88,4.66,4.29,3.88,3.88,mobile_p95,fail,pass,fail,
natt,"footer version (--card-sub, opacity .85)",#b5acd3 @0.85,--pill-bg on --card,--pill-bg over --card over plate,False,22,#28274c,#2d2f52,5.21,5.22,4.8,4.23,5.13,4.7,4.22,4.22,mobile_p95,fail,pass,fail,
natt,skip-link ink #241608,#241608,--pill-bg on --card,--pill-bg over --card over plate,False,22,#28274c,#2d2f52,1.24,1.24,1.37,1.58,1.27,1.4,1.58,1.24,desktop_p05,fail,fail,fail,
natt,primitive --violet #6d4fe0,#6d4fe0,--pill-bg on --card,--pill-bg over --card over plate,False,22,#28274c,#2d2f52,2.59,2.59,2.36,2.04,2.54,2.3,2.04,2.04,mobile_p95,fail,fail,fail,
natt,primitive --violet-soft #9b87f5,#9b87f5,--pill-bg on --card,--pill-bg over --card over plate,False,22,#28274c,#2d2f52,4.84,4.84,4.4,3.81,4.75,4.29,3.8,3.8,mobile_p95,fail,pass,fail,
natt,primitive --gold #f2b22e,#f2b22e,--pill-bg on --card,--pill-bg over --card over plate,False,22,#28274c,#2d2f52,7.54,7.55,6.86,5.93,7.4,6.69,5.92,5.92,mobile_p95,pass,pass,fail,
natt,primitive --coral #ff6154,#ff6154,--pill-bg on --card,--pill-bg over --card over plate,False,22,#28274c,#2d2f52,4.78,4.78,4.35,3.76,4.69,4.24,3.76,3.76,mobile_p95,fail,pass,fail,
natt,--page-ink,#fff7e9,--ghost-bg (blur 14px) on plate,--ghost-bg over plate,False,14,#2f2a45,#3f4358,12.9,12.96,9.19,5.46,12.16,8.43,5.48,5.46,desktop_p95,pass,pass,fail,
natt,--page-sub,#d9cfee,--ghost-bg (blur 14px) on plate,--ghost-bg over plate,False,14,#2f2a45,#3f4358,9.22,9.26,6.57,3.91,8.69,6.03,3.92,3.91,desktop_p95,fail,pass,fail,
natt,--micro-ink,#d9cfee @0.85,--ghost-bg (blur 14px) on plate,--ghost-bg over plate,False,14,#2f2a45,#3f4358,7.13,7.16,5.27,3.3,6.77,4.87,3.31,3.3,desktop_p95,fail,pass,fail,
natt,--accent,#f5c542,--ghost-bg (blur 14px) on plate,--ghost-bg over plate,False,14,#2f2a45,#3f4358,8.46,8.5,6.03,3.59,7.98,5.53,3.59,3.59,desktop_p95,fail,pass,fail,
natt,--accent-ink,#f5c542,--ghost-bg (blur 14px) on plate,--ghost-bg over plate,False,14,#2f2a45,#3f4358,8.46,8.5,6.03,3.59,7.98,5.53,3.59,3.59,desktop_p95,fail,pass,fail,
natt,--logo-ink,#f5c542,--ghost-bg (blur 14px) on plate,--ghost-bg over plate,False,14,#2f2a45,#3f4358,8.46,8.5,6.03,3.59,7.98,5.53,3.59,3.59,desktop_p95,fail,pass,fail,
natt,--foot-ink,#b7a9d6,--ghost-bg (blur 14px) on plate,--ghost-bg over plate,False,14,#2f2a45,#3f4358,6.31,6.34,4.5,2.67,5.95,4.12,2.68,2.67,desktop_p95,fail,fail,fail,
natt,--card-ink,#f2eeff,--ghost-bg (blur 14px) on plate,--ghost-bg over plate,False,14,#2f2a45,#3f4358,12.06,12.11,8.6,5.11,11.37,7.88,5.12,5.11,desktop_p95,pass,pass,fail,
natt,--card-sub,#b5acd3,--ghost-bg (blur 14px) on plate,--ghost-bg over plate,False,14,#2f2a45,#3f4358,6.41,6.44,4.57,2.72,6.04,4.19,2.72,2.72,desktop_p95,fail,fail,fail,
natt,--prose-ink,#eae4f5,--ghost-bg (blur 14px) on plate,--ghost-bg over plate,False,14,#2f2a45,#3f4358,11.06,11.1,7.88,4.68,10.42,7.22,4.69,4.68,desktop_p95,pass,pass,fail,
natt,--chip-ink,#e8dfc9,--ghost-bg (blur 14px) on plate,--ghost-bg over plate,False,14,#2f2a45,#3f4358,10.35,10.39,7.38,4.38,9.75,6.76,4.39,4.38,desktop_p95,fail,pass,fail,
natt,--pill-ink,#c9bcff,--ghost-bg (blur 14px) on plate,--ghost-bg over plate,False,14,#2f2a45,#3f4358,7.92,7.96,5.65,3.36,7.47,5.18,3.36,3.36,desktop_p95,fail,pass,fail,
natt,--gold-chip-ink,#ffd98f,--ghost-bg (blur 14px) on plate,--ghost-bg over plate,False,14,#2f2a45,#3f4358,10.18,10.22,7.26,4.31,9.59,6.65,4.32,4.31,desktop_p95,fail,pass,fail,
natt,--coral-chip-ink,#ffab9f,--ghost-bg (blur 14px) on plate,--ghost-bg over plate,False,14,#2f2a45,#3f4358,7.57,7.6,5.39,3.21,7.13,4.94,3.21,3.21,desktop_p95,fail,pass,fail,
natt,--trait-ink,#cfc5ec,--ghost-bg (blur 14px) on plate,--ghost-bg over plate,False,14,#2f2a45,#3f4358,8.4,8.44,5.99,3.56,7.92,5.49,3.57,3.56,desktop_p95,fail,pass,fail,
natt,--trait-on-ink,#e9e2ff,--ghost-bg (blur 14px) on plate,--ghost-bg over plate,False,14,#2f2a45,#3f4358,10.97,11.02,7.82,4.65,10.34,7.17,4.66,4.65,desktop_p95,pass,pass,fail,
natt,--choice-ink,#f2eeff,--ghost-bg (blur 14px) on plate,--ghost-bg over plate,False,14,#2f2a45,#3f4358,12.06,12.11,8.6,5.11,11.37,7.88,5.12,5.11,desktop_p95,pass,pass,fail,
natt,--ghost-ink,#fff3d9,--ghost-bg (blur 14px) on plate,--ghost-bg over plate,False,14,#2f2a45,#3f4358,12.47,12.52,8.89,5.28,11.75,8.15,5.29,5.28,desktop_p95,pass,pass,fail,yes
natt,--btn-ink,#3a2b10,--ghost-bg (blur 14px) on plate,--ghost-bg over plate,False,14,#2f2a45,#3f4358,1.0,1.01,1.4,2.36,1.06,1.53,2.35,1.0,body,fail,fail,fail,
natt,"footer Beta label (--foot-ink, opacity .8)",#b7a9d6 @0.80,--ghost-bg (blur 14px) on plate,--ghost-bg over plate,False,14,#2f2a45,#3f4358,4.62,4.64,3.48,2.25,4.4,3.24,2.25,2.25,desktop_p95,fail,fail,fail,
natt,"footer version (--card-sub, opacity .85)",#b5acd3 @0.85,--ghost-bg (blur 14px) on plate,--ghost-bg over plate,False,14,#2f2a45,#3f4358,5.08,5.1,3.77,2.38,4.82,3.49,2.39,2.38,desktop_p95,fail,fail,fail,
natt,skip-link ink #241608,#241608,--ghost-bg (blur 14px) on plate,--ghost-bg over plate,False,14,#2f2a45,#3f4358,1.28,1.28,1.8,3.03,1.36,1.96,3.02,1.28,desktop_p05,fail,fail,fail,
natt,primitive --violet #6d4fe0,#6d4fe0,--ghost-bg (blur 14px) on plate,--ghost-bg over plate,False,14,#2f2a45,#3f4358,2.51,2.52,1.79,1.06,2.37,1.64,1.07,1.06,desktop_p95,fail,fail,fail,
natt,primitive --violet-soft #9b87f5,#9b87f5,--ghost-bg (blur 14px) on plate,--ghost-bg over plate,False,14,#2f2a45,#3f4358,4.69,4.71,3.34,1.99,4.42,3.07,1.99,1.99,desktop_p95,fail,fail,fail,
natt,primitive --gold #f2b22e,#f2b22e,--ghost-bg (blur 14px) on plate,--ghost-bg over plate,False,14,#2f2a45,#3f4358,7.31,7.34,5.21,3.1,6.89,4.78,3.1,3.1,desktop_p95,fail,pass,fail,
natt,primitive --coral #ff6154,#ff6154,--ghost-bg (blur 14px) on plate,--ghost-bg over plate,False,14,#2f2a45,#3f4358,4.63,4.65,3.3,1.96,4.37,3.03,1.97,1.96,desktop_p95,fail,fail,fail,
natt,--page-ink,#fff7e9,--choice-bg on --card,--choice-bg over --card over plate,False,22,#202238,#252b3e,14.61,14.61,13.21,11.28,14.3,12.86,11.27,11.27,mobile_p95,pass,pass,pass,
natt,--page-sub,#d9cfee,--choice-bg on --card,--choice-bg over --card over plate,False,22,#202238,#252b3e,10.44,10.44,9.44,8.07,10.23,9.2,8.06,8.06,mobile_p95,pass,pass,pass,
natt,--micro-ink,#d9cfee @0.85,--choice-bg on --card,--choice-bg over --card over plate,False,22,#202238,#252b3e,7.95,7.95,7.28,6.33,7.81,7.11,6.32,6.32,mobile_p95,pass,pass,fail,
natt,--accent,#f5c542,--choice-bg on --card,--choice-bg over --card over plate,False,22,#202238,#252b3e,9.58,9.58,8.67,7.4,9.38,8.44,7.39,7.39,mobile_p95,pass,pass,pass,
natt,--accent-ink,#f5c542,--choice-bg on --card,--choice-bg over --card over plate,False,22,#202238,#252b3e,9.58,9.58,8.67,7.4,9.38,8.44,7.39,7.39,mobile_p95,pass,pass,pass,
natt,--logo-ink,#f5c542,--choice-bg on --card,--choice-bg over --card over plate,False,22,#202238,#252b3e,9.58,9.58,8.67,7.4,9.38,8.44,7.39,7.39,mobile_p95,pass,pass,pass,
natt,--foot-ink,#b7a9d6,--choice-bg on --card,--choice-bg over --card over plate,False,22,#202238,#252b3e,7.15,7.15,6.47,5.52,7.0,6.3,5.52,5.52,mobile_p95,pass,pass,fail,
natt,--card-ink,#f2eeff,--choice-bg on --card,--choice-bg over --card over plate,False,22,#202238,#252b3e,13.66,13.66,12.35,10.55,13.37,12.02,10.54,10.54,mobile_p95,pass,pass,pass,
natt,--card-sub,#b5acd3,--choice-bg on --card,--choice-bg over --card over plate,False,22,#202238,#252b3e,7.26,7.26,6.56,5.61,7.11,6.39,5.6,5.6,mobile_p95,pass,pass,fail,
natt,--prose-ink,#eae4f5,--choice-bg on --card,--choice-bg over --card over plate,False,22,#202238,#252b3e,12.52,12.52,11.32,9.67,12.26,11.02,9.66,9.66,mobile_p95,pass,pass,pass,
natt,--chip-ink,#e8dfc9,--choice-bg on --card,--choice-bg over --card over plate,False,22,#202238,#252b3e,11.72,11.72,10.6,9.05,11.47,10.32,9.04,9.04,mobile_p95,pass,pass,pass,
natt,--pill-ink,#c9bcff,--choice-bg on --card,--choice-bg over --card over plate,False,22,#202238,#252b3e,8.97,8.97,8.11,6.93,8.78,7.9,6.92,6.92,mobile_p95,pass,pass,fail,
natt,--gold-chip-ink,#ffd98f,--choice-bg on --card,--choice-bg over --card over plate,False,22,#202238,#252b3e,11.53,11.53,10.42,8.9,11.29,10.15,8.89,8.89,mobile_p95,pass,pass,pass,
natt,--coral-chip-ink,#ffab9f,--choice-bg on --card,--choice-bg over --card over plate,False,22,#202238,#252b3e,8.57,8.57,7.75,6.62,8.39,7.55,6.61,6.61,mobile_p95,pass,pass,fail,
natt,--trait-ink,#cfc5ec,--choice-bg on --card,--choice-bg over --card over plate,False,22,#202238,#252b3e,9.51,9.51,8.6,7.35,9.31,8.38,7.34,7.34,mobile_p95,pass,pass,pass,
natt,--trait-on-ink,#e9e2ff,--choice-bg on --card,--choice-bg over --card over plate,False,22,#202238,#252b3e,12.43,12.42,11.24,9.6,12.17,10.94,9.59,9.59,mobile_p95,pass,pass,pass,
natt,--choice-ink,#f2eeff,--choice-bg on --card,--choice-bg over --card over plate,False,22,#202238,#252b3e,13.66,13.66,12.35,10.55,13.37,12.02,10.54,10.54,mobile_p95,pass,pass,pass,yes
natt,--ghost-ink,#fff3d9,--choice-bg on --card,--choice-bg over --card over plate,False,22,#202238,#252b3e,14.12,14.12,12.77,10.91,13.82,12.43,10.89,10.89,mobile_p95,pass,pass,pass,
natt,--btn-ink,#3a2b10,--choice-bg on --card,--choice-bg over --card over plate,False,22,#202238,#252b3e,1.13,1.13,1.03,1.14,1.11,1.0,1.14,1.0,mobile_p50,fail,fail,fail,
natt,"footer Beta label (--foot-ink, opacity .8)",#b7a9d6 @0.80,--choice-bg on --card,--choice-bg over --card over plate,False,22,#202238,#252b3e,5.11,5.11,4.71,4.13,5.02,4.61,4.13,4.13,mobile_p95,fail,pass,fail,
natt,"footer version (--card-sub, opacity .85)",#b5acd3 @0.85,--choice-bg on --card,--choice-bg over --card over plate,False,22,#202238,#252b3e,5.66,5.65,5.19,4.52,5.55,5.07,4.51,4.51,mobile_p95,pass,pass,fail,
natt,skip-link ink #241608,#241608,--choice-bg on --card,--choice-bg over --card over plate,False,22,#202238,#252b3e,1.13,1.13,1.25,1.47,1.16,1.29,1.47,1.13,body,fail,fail,fail,
natt,primitive --violet #6d4fe0,#6d4fe0,--choice-bg on --card,--choice-bg over --card over plate,False,22,#202238,#252b3e,2.85,2.85,2.57,2.2,2.79,2.51,2.2,2.2,mobile_p95,fail,fail,fail,
natt,primitive --violet-soft #9b87f5,#9b87f5,--choice-bg on --card,--choice-bg over --card over plate,False,22,#202238,#252b3e,5.31,5.31,4.8,4.1,5.2,4.68,4.1,4.1,mobile_p95,fail,pass,fail,
natt,primitive --gold #f2b22e,#f2b22e,--choice-bg on --card,--choice-bg over --card over plate,False,22,#202238,#252b3e,8.28,8.28,7.49,6.39,8.1,7.29,6.39,6.39,mobile_p95,pass,pass,fail,
natt,primitive --coral #ff6154,#ff6154,--choice-bg on --card,--choice-bg over --card over plate,False,22,#202238,#252b3e,5.25,5.25,4.75,4.05,5.14,4.62,4.05,4.05,mobile_p95,fail,pass,fail,
natt,--page-ink,#fff7e9,--gold-chip-bg on --card,--gold-chip-bg over --card over plate,False,22,#362e2c,#3b3632,12.48,12.48,11.29,9.73,12.21,11.0,9.73,9.73,mobile_p95,pass,pass,pass,
natt,--page-sub,#d9cfee,--gold-chip-bg on --card,--gold-chip-bg over --card over plate,False,22,#362e2c,#3b3632,8.92,8.92,8.07,6.96,8.73,7.86,6.96,6.96,mobile_p95,pass,pass,fail,
natt,--micro-ink,#d9cfee @0.85,--gold-chip-bg on --card,--gold-chip-bg over --card over plate,False,22,#362e2c,#3b3632,6.93,6.93,6.34,5.55,6.8,6.19,5.55,5.55,mobile_p95,pass,pass,fail,
natt,--accent,#f5c542,--gold-chip-bg on --card,--gold-chip-bg over --card over plate,False,22,#362e2c,#3b3632,8.19,8.19,7.41,6.39,8.01,7.22,6.38,6.38,mobile_p95,pass,pass,fail,
natt,--accent-ink,#f5c542,--gold-chip-bg on --card,--gold-chip-bg over --card over plate,False,22,#362e2c,#3b3632,8.19,8.19,7.41,6.39,8.01,7.22,6.38,6.38,mobile_p95,pass,pass,fail,
natt,--logo-ink,#f5c542,--gold-chip-bg on --card,--gold-chip-bg over --card over plate,False,22,#362e2c,#3b3632,8.19,8.19,7.41,6.39,8.01,7.22,6.38,6.38,mobile_p95,pass,pass,fail,
natt,--foot-ink,#b7a9d6,--gold-chip-bg on --card,--gold-chip-bg over --card over plate,False,22,#362e2c,#3b3632,6.11,6.11,5.53,4.76,5.98,5.38,4.76,4.76,mobile_p95,pass,pass,fail,
natt,--card-ink,#f2eeff,--gold-chip-bg on --card,--gold-chip-bg over --card over plate,False,22,#362e2c,#3b3632,11.66,11.67,10.56,9.1,11.42,10.28,9.1,9.1,mobile_p95,pass,pass,pass,
natt,--card-sub,#b5acd3,--gold-chip-bg on --card,--gold-chip-bg over --card over plate,False,22,#362e2c,#3b3632,6.2,6.2,5.61,4.84,6.07,5.46,4.83,4.83,mobile_p95,pass,pass,fail,
natt,--prose-ink,#eae4f5,--gold-chip-bg on --card,--gold-chip-bg over --card over plate,False,22,#362e2c,#3b3632,10.69,10.7,9.68,8.34,10.47,9.43,8.34,8.34,mobile_p95,pass,pass,pass,
natt,--chip-ink,#e8dfc9,--gold-chip-bg on --card,--gold-chip-bg over --card over plate,False,22,#362e2c,#3b3632,10.01,10.01,9.06,7.81,9.8,8.82,7.8,7.8,mobile_p95,pass,pass,pass,
natt,--pill-ink,#c9bcff,--gold-chip-bg on --card,--gold-chip-bg over --card over plate,False,22,#362e2c,#3b3632,7.66,7.66,6.93,5.98,7.5,6.75,5.98,5.98,mobile_p95,pass,pass,fail,
natt,--gold-chip-ink,#ffd98f,--gold-chip-bg on --card,--gold-chip-bg over --card over plate,False,22,#362e2c,#3b3632,9.85,9.85,8.91,7.68,9.64,8.68,7.68,7.68,mobile_p95,pass,pass,pass,yes
natt,--coral-chip-ink,#ffab9f,--gold-chip-bg on --card,--gold-chip-bg over --card over plate,False,22,#362e2c,#3b3632,7.32,7.32,6.62,5.71,7.17,6.45,5.71,5.71,mobile_p95,pass,pass,fail,
natt,--trait-ink,#cfc5ec,--gold-chip-bg on --card,--gold-chip-bg over --card over plate,False,22,#362e2c,#3b3632,8.12,8.13,7.35,6.34,7.95,7.16,6.34,6.34,mobile_p95,pass,pass,fail,
natt,--trait-on-ink,#e9e2ff,--gold-chip-bg on --card,--gold-chip-bg over --card over plate,False,22,#362e2c,#3b3632,10.61,10.61,9.6,8.28,10.39,9.36,8.28,8.28,mobile_p95,pass,pass,pass,
natt,--choice-ink,#f2eeff,--gold-chip-bg on --card,--gold-chip-bg over --card over plate,False,22,#362e2c,#3b3632,11.66,11.67,10.56,9.1,11.42,10.28,9.1,9.1,mobile_p95,pass,pass,pass,
natt,--ghost-ink,#fff3d9,--gold-chip-bg on --card,--gold-chip-bg over --card over plate,False,22,#362e2c,#3b3632,12.06,12.06,10.91,9.41,11.81,10.63,9.4,9.4,mobile_p95,pass,pass,pass,
natt,--btn-ink,#3a2b10,--gold-chip-bg on --card,--gold-chip-bg over --card over plate,False,22,#362e2c,#3b3632,1.03,1.03,1.14,1.32,1.05,1.17,1.32,1.03,desktop_p05,fail,fail,fail,
natt,"footer Beta label (--foot-ink, opacity .8)",#b7a9d6 @0.80,--gold-chip-bg on --card,--gold-chip-bg over --card over plate,False,22,#362e2c,#3b3632,4.49,4.49,4.14,3.65,4.42,4.05,3.65,3.65,mobile_p95,fail,pass,fail,
natt,"footer version (--card-sub, opacity .85)",#b5acd3 @0.85,--gold-chip-bg on --card,--gold-chip-bg over --card over plate,False,22,#362e2c,#3b3632,4.93,4.94,4.52,3.97,4.84,4.42,3.97,3.97,mobile_p95,fail,pass,fail,
natt,skip-link ink #241608,#241608,--gold-chip-bg on --card,--gold-chip-bg over --card over plate,False,22,#362e2c,#3b3632,1.33,1.33,1.46,1.7,1.35,1.5,1.7,1.33,desktop_p05,fail,fail,fail,
natt,primitive --violet #6d4fe0,#6d4fe0,--gold-chip-bg on --card,--gold-chip-bg over --card over plate,False,22,#362e2c,#3b3632,2.43,2.43,2.2,1.9,2.38,2.14,1.9,1.9,mobile_p95,fail,fail,fail,
natt,primitive --violet-soft #9b87f5,#9b87f5,--gold-chip-bg on --card,--gold-chip-bg over --card over plate,False,22,#362e2c,#3b3632,4.54,4.54,4.11,3.54,4.44,4.0,3.54,3.54,mobile_p95,fail,pass,fail,
natt,primitive --gold #f2b22e,#f2b22e,--gold-chip-bg on --card,--gold-chip-bg over --card over plate,False,22,#362e2c,#3b3632,7.07,7.07,6.4,5.52,6.92,6.23,5.51,5.51,mobile_p95,pass,pass,fail,
natt,primitive --coral #ff6154,#ff6154,--gold-chip-bg on --card,--gold-chip-bg over --card over plate,False,22,#362e2c,#3b3632,4.48,4.48,4.06,3.5,4.39,3.95,3.5,3.5,mobile_p95,fail,pass,fail,
natt,--page-ink,#fff7e9,--gold-chip-bg on plate,--gold-chip-bg over plate,False,0,#3a2c31,#484242,12.47,12.81,9.19,5.24,11.96,8.59,5.05,5.05,mobile_p95,pass,pass,fail,
natt,--page-sub,#d9cfee,--gold-chip-bg on plate,--gold-chip-bg over plate,False,0,#3a2c31,#484242,8.92,9.16,6.57,3.74,8.55,6.14,3.61,3.61,mobile_p95,fail,pass,fail,
natt,--micro-ink,#d9cfee @0.85,--gold-chip-bg on plate,--gold-chip-bg over plate,False,0,#3a2c31,#484242,6.92,7.09,5.27,3.18,6.67,4.96,3.08,3.08,mobile_p95,fail,pass,fail,
natt,--accent,#f5c542,--gold-chip-bg on plate,--gold-chip-bg over plate,False,0,#3a2c31,#484242,8.18,8.4,6.03,3.44,7.85,5.64,3.31,3.31,mobile_p95,fail,pass,fail,
natt,--accent-ink,#f5c542,--gold-chip-bg on plate,--gold-chip-bg over plate,False,0,#3a2c31,#484242,8.18,8.4,6.03,3.44,7.85,5.64,3.31,3.31,mobile_p95,fail,pass,fail,
natt,--logo-ink,#f5c542,--gold-chip-bg on plate,--gold-chip-bg over plate,False,0,#3a2c31,#484242,8.18,8.4,6.03,3.44,7.85,5.64,3.31,3.31,mobile_p95,fail,pass,fail,
natt,--foot-ink,#b7a9d6,--gold-chip-bg on plate,--gold-chip-bg over plate,False,0,#3a2c31,#484242,6.1,6.27,4.5,2.56,5.85,4.21,2.47,2.47,mobile_p95,fail,fail,fail,
natt,--card-ink,#f2eeff,--gold-chip-bg on plate,--gold-chip-bg over plate,False,0,#3a2c31,#484242,11.66,11.97,8.59,4.89,11.18,8.03,4.72,4.72,mobile_p95,pass,pass,fail,
natt,--card-sub,#b5acd3,--gold-chip-bg on plate,--gold-chip-bg over plate,False,0,#3a2c31,#484242,6.2,6.36,4.57,2.6,5.94,4.27,2.51,2.51,mobile_p95,fail,fail,fail,
natt,--prose-ink,#eae4f5,--gold-chip-bg on plate,--gold-chip-bg over plate,False,0,#3a2c31,#484242,10.69,10.98,7.88,4.49,10.25,7.36,4.33,4.33,mobile_p95,fail,pass,fail,
natt,--chip-ink,#e8dfc9,--gold-chip-bg on plate,--gold-chip-bg over plate,False,0,#3a2c31,#484242,10.0,10.27,7.37,4.2,9.59,6.89,4.05,4.05,mobile_p95,fail,pass,fail,
natt,--pill-ink,#c9bcff,--gold-chip-bg on plate,--gold-chip-bg over plate,False,0,#3a2c31,#484242,7.66,7.87,5.65,3.22,7.35,5.28,3.1,3.1,mobile_p95,fail,pass,fail,
natt,--gold-chip-ink,#ffd98f,--gold-chip-bg on plate,--gold-chip-bg over plate,False,0,#3a2c31,#484242,9.84,10.11,7.26,4.13,9.44,6.78,3.99,3.99,mobile_p95,fail,pass,fail,yes
natt,--coral-chip-ink,#ffab9f,--gold-chip-bg on plate,--gold-chip-bg over plate,False,0,#3a2c31,#484242,7.32,7.51,5.39,3.07,7.02,5.04,2.96,2.96,mobile_p95,fail,fail,fail,
natt,--trait-ink,#cfc5ec,--gold-chip-bg on plate,--gold-chip-bg over plate,False,0,#3a2c31,#484242,8.12,8.34,5.99,3.41,7.79,5.59,3.29,3.29,mobile_p95,fail,pass,fail,
natt,--trait-on-ink,#e9e2ff,--gold-chip-bg on plate,--gold-chip-bg over plate,False,0,#3a2c31,#484242,10.61,10.89,7.82,4.45,10.17,7.31,4.3,4.3,mobile_p95,fail,pass,fail,
natt,--choice-ink,#f2eeff,--gold-chip-bg on plate,--gold-chip-bg over plate,False,0,#3a2c31,#484242,11.66,11.97,8.59,4.89,11.18,8.03,4.72,4.72,mobile_p95,pass,pass,fail,
natt,--ghost-ink,#fff3d9,--gold-chip-bg on plate,--gold-chip-bg over plate,False,0,#3a2c31,#484242,12.05,12.38,8.89,5.06,11.56,8.3,4.88,4.88,mobile_p95,pass,pass,fail,
natt,--btn-ink,#3a2b10,--gold-chip-bg on plate,--gold-chip-bg over plate,False,0,#3a2c31,#484242,1.03,1.01,1.4,2.46,1.08,1.5,2.55,1.01,desktop_p05,fail,fail,fail,
natt,"footer Beta label (--foot-ink, opacity .8)",#b7a9d6 @0.80,--gold-chip-bg on plate,--gold-chip-bg over plate,False,0,#3a2c31,#484242,4.49,4.59,3.48,2.17,4.34,3.29,2.1,2.1,mobile_p95,fail,fail,fail,
natt,"footer version (--card-sub, opacity .85)",#b5acd3 @0.85,--gold-chip-bg on plate,--gold-chip-bg over plate,False,0,#3a2c31,#484242,4.93,5.05,3.77,2.29,4.76,3.55,2.22,2.22,mobile_p95,fail,fail,fail,
natt,skip-link ink #241608,#241608,--gold-chip-bg on plate,--gold-chip-bg over plate,False,0,#3a2c31,#484242,1.33,1.29,1.8,3.16,1.38,1.93,3.27,1.29,desktop_p05,fail,fail,fail,
natt,primitive --violet #6d4fe0,#6d4fe0,--gold-chip-bg on plate,--gold-chip-bg over plate,False,0,#3a2c31,#484242,2.43,2.5,1.79,1.02,2.33,1.67,1.02,1.02,mobile_p95,fail,fail,fail,
natt,primitive --violet-soft #9b87f5,#9b87f5,--gold-chip-bg on plate,--gold-chip-bg over plate,False,0,#3a2c31,#484242,4.54,4.66,3.34,1.9,4.35,3.12,1.84,1.84,mobile_p95,fail,fail,fail,
natt,primitive --gold #f2b22e,#f2b22e,--gold-chip-bg on plate,--gold-chip-bg over plate,False,0,#3a2c31,#484242,7.07,7.26,5.21,2.97,6.78,4.87,2.86,2.86,mobile_p95,fail,fail,fail,
natt,primitive --coral #ff6154,#ff6154,--gold-chip-bg on plate,--gold-chip-bg over plate,False,0,#3a2c31,#484242,4.48,4.6,3.3,1.88,4.3,3.09,1.81,1.81,mobile_p95,fail,fail,fail,
natt,--page-ink,#fff7e9,--coral-chip-bg on --card,--coral-chip-bg over --card over plate,False,22,#331f31,#382737,14.23,14.27,13.01,11.27,14.01,12.69,11.27,11.27,desktop_p95,pass,pass,pass,
natt,--page-sub,#d9cfee,--coral-chip-bg on --card,--coral-chip-bg over --card over plate,False,22,#331f31,#382737,10.18,10.21,9.3,8.06,10.02,9.07,8.06,8.06,desktop_p95,pass,pass,pass,
natt,--micro-ink,#d9cfee @0.85,--coral-chip-bg on --card,--coral-chip-bg over --card over plate,False,22,#331f31,#382737,7.77,7.79,7.18,6.32,7.67,7.03,6.32,6.32,desktop_p95,pass,pass,fail,
natt,--accent,#f5c542,--coral-chip-bg on --card,--coral-chip-bg over --card over plate,False,22,#331f31,#382737,9.34,9.37,8.54,7.39,9.19,8.32,7.4,7.39,desktop_p95,pass,pass,pass,
natt,--accent-ink,#f5c542,--coral-chip-bg on --card,--coral-chip-bg over --card over plate,False,22,#331f31,#382737,9.34,9.37,8.54,7.39,9.19,8.32,7.4,7.39,desktop_p95,pass,pass,pass,
natt,--logo-ink,#f5c542,--coral-chip-bg on --card,--coral-chip-bg over --card over plate,False,22,#331f31,#382737,9.34,9.37,8.54,7.39,9.19,8.32,7.4,7.39,desktop_p95,pass,pass,pass,
natt,--foot-ink,#b7a9d6,--coral-chip-bg on --card,--coral-chip-bg over --card over plate,False,22,#331f31,#382737,6.97,6.99,6.37,5.52,6.86,6.21,5.52,5.52,desktop_p95,pass,pass,fail,
natt,--card-ink,#f2eeff,--coral-chip-bg on --card,--coral-chip-bg over --card over plate,False,22,#331f31,#382737,13.31,13.35,12.16,10.53,13.1,11.86,10.54,10.53,desktop_p95,pass,pass,pass,
natt,--card-sub,#b5acd3,--coral-chip-bg on --card,--coral-chip-bg over --card over plate,False,22,#331f31,#382737,7.07,7.09,6.47,5.6,6.96,6.3,5.6,5.6,desktop_p95,pass,pass,fail,
natt,--prose-ink,#eae4f5,--coral-chip-bg on --card,--coral-chip-bg over --card over plate,False,22,#331f31,#382737,12.2,12.23,11.15,9.66,12.01,10.87,9.66,9.66,desktop_p95,pass,pass,pass,
natt,--chip-ink,#e8dfc9,--coral-chip-bg on --card,--coral-chip-bg over --card over plate,False,22,#331f31,#382737,11.42,11.45,10.44,9.04,11.24,10.18,9.04,9.04,desktop_p95,pass,pass,pass,
natt,--pill-ink,#c9bcff,--coral-chip-bg on --card,--coral-chip-bg over --card over plate,False,22,#331f31,#382737,8.74,8.77,7.99,6.92,8.6,7.79,6.92,6.92,desktop_p95,pass,pass,fail,
natt,--gold-chip-ink,#ffd98f,--coral-chip-bg on --card,--coral-chip-bg over --card over plate,False,22,#331f31,#382737,11.23,11.27,10.27,8.89,11.05,10.01,8.9,8.89,desktop_p95,pass,pass,pass,
natt,--coral-chip-ink,#ffab9f,--coral-chip-bg on --card,--coral-chip-bg over --card over plate,False,22,#331f31,#382737,8.35,8.37,7.63,6.61,8.22,7.44,6.61,6.61,desktop_p95,pass,pass,fail,yes
natt,--trait-ink,#cfc5ec,--coral-chip-bg on --card,--coral-chip-bg over --card over plate,False,22,#331f31,#382737,9.27,9.3,8.47,7.34,9.12,8.26,7.34,7.34,desktop_p95,pass,pass,pass,
natt,--trait-on-ink,#e9e2ff,--coral-chip-bg on --card,--coral-chip-bg over --card over plate,False,22,#331f31,#382737,12.11,12.14,11.07,9.59,11.92,10.79,9.59,9.59,desktop_p95,pass,pass,pass,
natt,--choice-ink,#f2eeff,--coral-chip-bg on --card,--coral-chip-bg over --card over plate,False,22,#331f31,#382737,13.31,13.35,12.16,10.53,13.1,11.86,10.54,10.53,desktop_p95,pass,pass,pass,
natt,--ghost-ink,#fff3d9,--coral-chip-bg on --card,--coral-chip-bg over --card over plate,False,22,#331f31,#382737,13.76,13.8,12.58,10.89,13.54,12.26,10.89,10.89,desktop_p95,pass,pass,pass,
natt,--btn-ink,#3a2b10,--coral-chip-bg on --card,--coral-chip-bg over --card over plate,False,22,#331f31,#382737,1.11,1.11,1.01,1.14,1.09,1.01,1.14,1.01,desktop_p50,fail,fail,fail,
natt,"footer Beta label (--foot-ink, opacity .8)",#b7a9d6 @0.80,--coral-chip-bg on --card,--coral-chip-bg over --card over plate,False,22,#331f31,#382737,5.0,5.01,4.65,4.13,4.94,4.56,4.13,4.13,desktop_p95,fail,pass,fail,
natt,"footer version (--card-sub, opacity .85)",#b5acd3 @0.85,--coral-chip-bg on --card,--coral-chip-bg over --card over plate,False,22,#331f31,#382737,5.53,5.54,5.12,4.51,5.45,5.01,4.51,4.51,desktop_p95,pass,pass,fail,
natt,skip-link ink #241608,#241608,--coral-chip-bg on --card,--coral-chip-bg over --card over plate,False,22,#331f31,#382737,1.16,1.16,1.27,1.47,1.18,1.3,1.47,1.16,desktop_p05,fail,fail,fail,
natt,primitive --violet #6d4fe0,#6d4fe0,--coral-chip-bg on --card,--coral-chip-bg over --card over plate,False,22,#331f31,#382737,2.77,2.78,2.53,2.2,2.73,2.47,2.2,2.2,desktop_p95,fail,fail,fail,
natt,primitive --violet-soft #9b87f5,#9b87f5,--coral-chip-bg on --card,--coral-chip-bg over --card over plate,False,22,#331f31,#382737,5.18,5.19,4.73,4.1,5.09,4.61,4.1,4.1,desktop_p95,fail,pass,fail,
natt,primitive --gold #f2b22e,#f2b22e,--coral-chip-bg on --card,--coral-chip-bg over --card over plate,False,22,#331f31,#382737,8.06,8.09,7.37,6.39,7.94,7.19,6.39,6.39,desktop_p95,pass,pass,fail,
natt,primitive --coral #ff6154,#ff6154,--coral-chip-bg on --card,--coral-chip-bg over --card over plate,False,22,#331f31,#382737,5.11,5.13,4.67,4.05,5.03,4.56,4.05,4.05,desktop_p95,fail,pass,fail,
natt,--page-ink,#fff7e9,--trait-on-bg on --card,--trait-on-bg over --card over plate,False,22,#2d2c54,#323359,12.39,12.41,11.28,9.8,12.16,11.01,9.79,9.79,mobile_p95,pass,pass,pass,
natt,--page-sub,#d9cfee,--trait-on-bg on --card,--trait-on-bg over --card over plate,False,22,#2d2c54,#323359,8.86,8.87,8.07,7.0,8.7,7.87,7.0,7.0,mobile_p95,pass,pass,fail,
natt,--micro-ink,#d9cfee @0.85,--trait-on-bg on --card,--trait-on-bg over --card over plate,False,22,#2d2c54,#323359,6.88,6.89,6.33,5.58,6.76,6.19,5.57,5.57,mobile_p95,pass,pass,fail,
natt,--accent,#f5c542,--trait-on-bg on --card,--trait-on-bg over --card over plate,False,22,#2d2c54,#323359,8.13,8.14,7.4,6.43,7.98,7.23,6.42,6.42,mobile_p95,pass,pass,fail,
natt,--accent-ink,#f5c542,--trait-on-bg on --card,--trait-on-bg over --card over plate,False,22,#2d2c54,#323359,8.13,8.14,7.4,6.43,7.98,7.23,6.42,6.42,mobile_p95,pass,pass,fail,
natt,--logo-ink,#f5c542,--trait-on-bg on --card,--trait-on-bg over --card over plate,False,22,#2d2c54,#323359,8.13,8.14,7.4,6.43,7.98,7.23,6.42,6.42,mobile_p95,pass,pass,fail,
natt,--foot-ink,#b7a9d6,--trait-on-bg on --card,--trait-on-bg over --card over plate,False,22,#2d2c54,#323359,6.07,6.07,5.52,4.8,5.95,5.39,4.79,4.79,mobile_p95,pass,pass,fail,
natt,--card-ink,#f2eeff,--trait-on-bg on --card,--trait-on-bg over --card over plate,False,22,#2d2c54,#323359,11.59,11.6,10.55,9.16,11.37,10.3,9.15,9.15,mobile_p95,pass,pass,pass,
natt,--card-sub,#b5acd3,--trait-on-bg on --card,--trait-on-bg over --card over plate,False,22,#2d2c54,#323359,6.16,6.17,5.61,4.87,6.04,5.47,4.86,4.86,mobile_p95,pass,pass,fail,
natt,--prose-ink,#eae4f5,--trait-on-bg on --card,--trait-on-bg over --card over plate,False,22,#2d2c54,#323359,10.62,10.64,9.67,8.4,10.43,9.44,8.39,8.39,mobile_p95,pass,pass,pass,
natt,--chip-ink,#e8dfc9,--trait-on-bg on --card,--trait-on-bg over --card over plate,False,22,#2d2c54,#323359,9.94,9.95,9.05,7.86,9.76,8.83,7.85,7.85,mobile_p95,pass,pass,pass,
natt,--pill-ink,#c9bcff,--trait-on-bg on --card,--trait-on-bg over --card over plate,False,22,#2d2c54,#323359,7.61,7.62,6.93,6.02,7.47,6.76,6.01,6.01,mobile_p95,pass,pass,fail,
natt,--gold-chip-ink,#ffd98f,--trait-on-bg on --card,--trait-on-bg over --card over plate,False,22,#2d2c54,#323359,9.78,9.79,8.91,7.73,9.6,8.69,7.72,7.72,mobile_p95,pass,pass,pass,
natt,--coral-chip-ink,#ffab9f,--trait-on-bg on --card,--trait-on-bg over --card over plate,False,22,#2d2c54,#323359,7.27,7.28,6.62,5.75,7.14,6.46,5.74,5.74,mobile_p95,pass,pass,fail,
natt,--trait-ink,#cfc5ec,--trait-on-bg on --card,--trait-on-bg over --card over plate,False,22,#2d2c54,#323359,8.07,8.08,7.35,6.38,7.92,7.17,6.37,6.37,mobile_p95,pass,pass,fail,
natt,--trait-on-ink,#e9e2ff,--trait-on-bg on --card,--trait-on-bg over --card over plate,False,22,#2d2c54,#323359,10.54,10.56,9.6,8.33,10.35,9.37,8.33,8.33,mobile_p95,pass,pass,pass,yes
natt,--choice-ink,#f2eeff,--trait-on-bg on --card,--trait-on-bg over --card over plate,False,22,#2d2c54,#323359,11.59,11.6,10.55,9.16,11.37,10.3,9.15,9.15,mobile_p95,pass,pass,pass,
natt,--ghost-ink,#fff3d9,--trait-on-bg on --card,--trait-on-bg over --card over plate,False,22,#2d2c54,#323359,11.98,11.99,10.91,9.47,11.76,10.64,9.46,9.46,mobile_p95,pass,pass,pass,
natt,--btn-ink,#3a2b10,--trait-on-bg on --card,--trait-on-bg over --card over plate,False,22,#2d2c54,#323359,1.04,1.04,1.14,1.31,1.06,1.17,1.32,1.04,desktop_p05,fail,fail,fail,
natt,"footer Beta label (--foot-ink, opacity .8)",#b7a9d6 @0.80,--trait-on-bg on --card,--trait-on-bg over --card over plate,False,22,#2d2c54,#323359,4.47,4.47,4.13,3.67,4.4,4.05,3.67,3.67,mobile_p95,fail,pass,fail,
natt,"footer version (--card-sub, opacity .85)",#b5acd3 @0.85,--trait-on-bg on --card,--trait-on-bg over --card over plate,False,22,#2d2c54,#323359,4.9,4.91,4.52,3.99,4.82,4.42,3.98,3.98,mobile_p95,fail,pass,fail,
natt,skip-link ink #241608,#241608,--trait-on-bg on --card,--trait-on-bg over --card over plate,False,22,#2d2c54,#323359,1.33,1.33,1.47,1.69,1.36,1.5,1.69,1.33,desktop_p05,fail,fail,fail,
natt,primitive --violet #6d4fe0,#6d4fe0,--trait-on-bg on --card,--trait-on-bg over --card over plate,False,22,#2d2c54,#323359,2.41,2.42,2.2,1.91,2.37,2.15,1.91,1.91,mobile_p95,fail,fail,fail,
natt,primitive --violet-soft #9b87f5,#9b87f5,--trait-on-bg on --card,--trait-on-bg over --card over plate,False,22,#2d2c54,#323359,4.51,4.51,4.1,3.56,4.42,4.01,3.56,3.56,mobile_p95,fail,pass,fail,
natt,primitive --gold #f2b22e,#f2b22e,--trait-on-bg on --card,--trait-on-bg over --card over plate,False,22,#2d2c54,#323359,7.02,7.03,6.4,5.55,6.89,6.24,5.55,5.55,mobile_p95,pass,pass,fail,
natt,primitive --coral #ff6154,#ff6154,--trait-on-bg on --card,--trait-on-bg over --card over plate,False,22,#2d2c54,#323359,4.45,4.46,4.05,3.52,4.37,3.96,3.52,3.52,mobile_p95,fail,pass,fail,
natt,--page-ink,#fff7e9,--bar-bg on --card,--bar-bg over --card over plate,False,22,#333649,#383e4f,11.2,11.2,10.06,8.61,10.94,9.79,8.6,8.6,mobile_p95,pass,pass,pass,
natt,--page-sub,#d9cfee,--bar-bg on --card,--bar-bg over --card over plate,False,22,#333649,#383e4f,8.01,8.01,7.2,6.16,7.83,7.0,6.15,6.15,mobile_p95,pass,pass,fail,
natt,--micro-ink,#d9cfee @0.85,--bar-bg on --card,--bar-bg over --card over plate,False,22,#333649,#383e4f,6.29,6.29,5.72,4.97,6.16,5.58,4.97,4.97,mobile_p95,pass,pass,fail,
natt,--accent,#f5c542,--bar-bg on --card,--bar-bg over --card over plate,False,22,#333649,#383e4f,7.35,7.35,6.6,5.65,7.18,6.43,5.65,5.65,mobile_p95,pass,pass,fail,
natt,--accent-ink,#f5c542,--bar-bg on --card,--bar-bg over --card over plate,False,22,#333649,#383e4f,7.35,7.35,6.6,5.65,7.18,6.43,5.65,5.65,mobile_p95,pass,pass,fail,
natt,--logo-ink,#f5c542,--bar-bg on --card,--bar-bg over --card over plate,False,22,#333649,#383e4f,7.35,7.35,6.6,5.65,7.18,6.43,5.65,5.65,mobile_p95,pass,pass,fail,
natt,--foot-ink,#b7a9d6,--bar-bg on --card,--bar-bg over --card over plate,False,22,#333649,#383e4f,5.48,5.48,4.93,4.22,5.36,4.79,4.21,4.21,mobile_p95,fail,pass,fail,
natt,--card-ink,#f2eeff,--bar-bg on --card,--bar-bg over --card over plate,False,22,#333649,#383e4f,10.47,10.47,9.41,8.05,10.23,9.16,8.04,8.04,mobile_p95,pass,pass,pass,
natt,--card-sub,#b5acd3,--bar-bg on --card,--bar-bg over --card over plate,False,22,#333649,#383e4f,5.57,5.57,5.0,4.28,5.44,4.87,4.28,4.28,mobile_p95,fail,pass,fail,
natt,--prose-ink,#eae4f5,--bar-bg on --card,--bar-bg over --card over plate,False,22,#333649,#383e4f,9.6,9.6,8.63,7.38,9.38,8.39,7.38,7.38,mobile_p95,pass,pass,pass,
natt,--chip-ink,#e8dfc9,--bar-bg on --card,--bar-bg over --card over plate,False,22,#333649,#383e4f,8.99,8.98,8.07,6.91,8.78,7.86,6.9,6.9,mobile_p95,pass,pass,fail,
natt,--pill-ink,#c9bcff,--bar-bg on --card,--bar-bg over --card over plate,False,22,#333649,#383e4f,6.88,6.88,6.18,5.29,6.72,6.02,5.29,5.29,mobile_p95,pass,pass,fail,
natt,--gold-chip-ink,#ffd98f,--bar-bg on --card,--bar-bg over --card over plate,False,22,#333649,#383e4f,8.84,8.84,7.94,6.8,8.64,7.73,6.79,6.79,mobile_p95,pass,pass,fail,
natt,--coral-chip-ink,#ffab9f,--bar-bg on --card,--bar-bg over --card over plate,False,22,#333649,#383e4f,6.57,6.57,5.91,5.05,6.42,5.75,5.05,5.05,mobile_p95,pass,pass,fail,
natt,--trait-ink,#cfc5ec,--bar-bg on --card,--bar-bg over --card over plate,False,22,#333649,#383e4f,7.3,7.29,6.55,5.61,7.13,6.38,5.6,5.6,mobile_p95,pass,pass,fail,
natt,--trait-on-ink,#e9e2ff,--bar-bg on --card,--bar-bg over --card over plate,False,22,#333649,#383e4f,9.53,9.53,8.56,7.33,9.31,8.33,7.32,7.32,mobile_p95,pass,pass,pass,
natt,--choice-ink,#f2eeff,--bar-bg on --card,--bar-bg over --card over plate,False,22,#333649,#383e4f,10.47,10.47,9.41,8.05,10.23,9.16,8.04,8.04,mobile_p95,pass,pass,pass,
natt,--ghost-ink,#fff3d9,--bar-bg on --card,--bar-bg over --card over plate,False,22,#333649,#383e4f,10.83,10.82,9.73,8.33,10.58,9.47,8.32,8.32,mobile_p95,pass,pass,pass,
natt,--btn-ink,#3a2b10,--bar-bg on --card,--bar-bg over --card over plate,False,22,#333649,#383e4f,1.15,1.15,1.28,1.49,1.18,1.31,1.5,1.15,body,fail,fail,fail,
natt,"footer Beta label (--foot-ink, opacity .8)",#b7a9d6 @0.80,--bar-bg on --card,--bar-bg over --card over plate,False,22,#333649,#383e4f,4.11,4.11,3.76,3.3,4.03,3.67,3.29,3.29,mobile_p95,fail,pass,fail,
natt,"footer version (--card-sub, opacity .85)",#b5acd3 @0.85,--bar-bg on --card,--bar-bg over --card over plate,False,22,#333649,#383e4f,4.49,4.49,4.09,3.56,4.4,3.99,3.56,3.56,mobile_p95,fail,pass,fail,
natt,skip-link ink #241608,#241608,--bar-bg on --card,--bar-bg over --card over plate,False,22,#333649,#383e4f,1.48,1.48,1.64,1.92,1.51,1.69,1.92,1.48,body,fail,fail,fail,
natt,primitive --violet #6d4fe0,#6d4fe0,--bar-bg on --card,--bar-bg over --card over plate,False,22,#333649,#383e4f,2.18,2.18,1.96,1.68,2.13,1.91,1.68,1.68,mobile_p95,fail,fail,fail,
natt,primitive --violet-soft #9b87f5,#9b87f5,--bar-bg on --card,--bar-bg over --card over plate,False,22,#333649,#383e4f,4.07,4.07,3.66,3.13,3.98,3.56,3.13,3.13,mobile_p95,fail,pass,fail,
natt,primitive --gold #f2b22e,#f2b22e,--bar-bg on --card,--bar-bg over --card over plate,False,22,#333649,#383e4f,6.35,6.35,5.7,4.88,6.2,5.55,4.88,4.88,mobile_p95,pass,pass,fail,
natt,primitive --coral #ff6154,#ff6154,--bar-bg on --card,--bar-bg over --card over plate,False,22,#333649,#383e4f,4.02,4.02,3.62,3.09,3.93,3.52,3.09,3.09,mobile_p95,fail,pass,fail,
natt,--page-ink,#fff7e9,--frame (solid),--frame,True,0,#101a30,#101a30,16.28,16.28,16.28,16.28,16.28,16.28,16.28,16.28,body,pass,pass,pass,
natt,--page-sub,#d9cfee,--frame (solid),--frame,True,0,#101a30,#101a30,11.64,11.64,11.64,11.64,11.64,11.64,11.64,11.64,body,pass,pass,pass,
natt,--micro-ink,#d9cfee @0.85,--frame (solid),--frame,True,0,#101a30,#101a30,8.72,8.72,8.72,8.72,8.72,8.72,8.72,8.72,body,pass,pass,pass,
natt,--accent,#f5c542,--frame (solid),--frame,True,0,#101a30,#101a30,10.68,10.68,10.68,10.68,10.68,10.68,10.68,10.68,body,pass,pass,pass,
natt,--accent-ink,#f5c542,--frame (solid),--frame,True,0,#101a30,#101a30,10.68,10.68,10.68,10.68,10.68,10.68,10.68,10.68,body,pass,pass,pass,
natt,--logo-ink,#f5c542,--frame (solid),--frame,True,0,#101a30,#101a30,10.68,10.68,10.68,10.68,10.68,10.68,10.68,10.68,body,pass,pass,pass,
natt,--foot-ink,#b7a9d6,--frame (solid),--frame,True,0,#101a30,#101a30,7.97,7.97,7.97,7.97,7.97,7.97,7.97,7.97,body,pass,pass,pass,
natt,--card-ink,#f2eeff,--frame (solid),--frame,True,0,#101a30,#101a30,15.22,15.22,15.22,15.22,15.22,15.22,15.22,15.22,body,pass,pass,pass,yes
natt,--card-sub,#b5acd3,--frame (solid),--frame,True,0,#101a30,#101a30,8.09,8.09,8.09,8.09,8.09,8.09,8.09,8.09,body,pass,pass,pass,yes
natt,--prose-ink,#eae4f5,--frame (solid),--frame,True,0,#101a30,#101a30,13.95,13.95,13.95,13.95,13.95,13.95,13.95,13.95,body,pass,pass,pass,
natt,--chip-ink,#e8dfc9,--frame (solid),--frame,True,0,#101a30,#101a30,13.06,13.06,13.06,13.06,13.06,13.06,13.06,13.06,body,pass,pass,pass,
natt,--pill-ink,#c9bcff,--frame (solid),--frame,True,0,#101a30,#101a30,10.0,10.0,10.0,10.0,10.0,10.0,10.0,10.0,body,pass,pass,pass,
natt,--gold-chip-ink,#ffd98f,--frame (solid),--frame,True,0,#101a30,#101a30,12.84,12.84,12.84,12.84,12.84,12.84,12.84,12.84,body,pass,pass,pass,
natt,--coral-chip-ink,#ffab9f,--frame (solid),--frame,True,0,#101a30,#101a30,9.55,9.55,9.55,9.55,9.55,9.55,9.55,9.55,body,pass,pass,pass,
natt,--trait-ink,#cfc5ec,--frame (solid),--frame,True,0,#101a30,#101a30,10.6,10.6,10.6,10.6,10.6,10.6,10.6,10.6,body,pass,pass,pass,
natt,--trait-on-ink,#e9e2ff,--frame (solid),--frame,True,0,#101a30,#101a30,13.85,13.85,13.85,13.85,13.85,13.85,13.85,13.85,body,pass,pass,pass,
natt,--choice-ink,#f2eeff,--frame (solid),--frame,True,0,#101a30,#101a30,15.22,15.22,15.22,15.22,15.22,15.22,15.22,15.22,body,pass,pass,pass,
natt,--ghost-ink,#fff3d9,--frame (solid),--frame,True,0,#101a30,#101a30,15.73,15.73,15.73,15.73,15.73,15.73,15.73,15.73,body,pass,pass,pass,
natt,--btn-ink,#3a2b10,--frame (solid),--frame,True,0,#101a30,#101a30,1.26,1.26,1.26,1.26,1.26,1.26,1.26,1.26,body,fail,fail,fail,
natt,"footer Beta label (--foot-ink, opacity .8)",#b7a9d6 @0.80,--frame (solid),--frame,True,0,#101a30,#101a30,5.55,5.55,5.55,5.55,5.55,5.55,5.55,5.55,body,pass,pass,fail,
natt,"footer version (--card-sub, opacity .85)",#b5acd3 @0.85,--frame (solid),--frame,True,0,#101a30,#101a30,6.19,6.19,6.19,6.19,6.19,6.19,6.19,6.19,body,pass,pass,fail,
natt,skip-link ink #241608,#241608,--frame (solid),--frame,True,0,#101a30,#101a30,1.02,1.02,1.02,1.02,1.02,1.02,1.02,1.02,body,fail,fail,fail,
natt,primitive --violet #6d4fe0,#6d4fe0,--frame (solid),--frame,True,0,#101a30,#101a30,3.17,3.17,3.17,3.17,3.17,3.17,3.17,3.17,body,fail,pass,fail,
natt,primitive --violet-soft #9b87f5,#9b87f5,--frame (solid),--frame,True,0,#101a30,#101a30,5.92,5.92,5.92,5.92,5.92,5.92,5.92,5.92,body,pass,pass,fail,
natt,primitive --gold #f2b22e,#f2b22e,--frame (solid),--frame,True,0,#101a30,#101a30,9.22,9.22,9.22,9.22,9.22,9.22,9.22,9.22,body,pass,pass,pass,
natt,primitive --coral #ff6154,#ff6154,--frame (solid),--frame,True,0,#101a30,#101a30,5.85,5.85,5.85,5.85,5.85,5.85,5.85,5.85,body,pass,pass,fail,
natt,--page-ink,#fff7e9,--btn-grad start (solid),--btn-grad-a,True,0,#ffe08a,#ffe08a,1.21,1.21,1.21,1.21,1.21,1.21,1.21,1.21,body,fail,fail,fail,
natt,--page-sub,#d9cfee,--btn-grad start (solid),--btn-grad-a,True,0,#ffe08a,#ffe08a,1.15,1.15,1.15,1.15,1.15,1.15,1.15,1.15,body,fail,fail,fail,
natt,--micro-ink,#d9cfee @0.85,--btn-grad start (solid),--btn-grad-a,True,0,#ffe08a,#ffe08a,1.13,1.13,1.13,1.13,1.13,1.13,1.13,1.13,body,fail,fail,fail,
natt,--accent,#f5c542,--btn-grad start (solid),--btn-grad-a,True,0,#ffe08a,#ffe08a,1.26,1.26,1.26,1.26,1.26,1.26,1.26,1.26,body,fail,fail,fail,
natt,--accent-ink,#f5c542,--btn-grad start (solid),--btn-grad-a,True,0,#ffe08a,#ffe08a,1.26,1.26,1.26,1.26,1.26,1.26,1.26,1.26,body,fail,fail,fail,
natt,--logo-ink,#f5c542,--btn-grad start (solid),--btn-grad-a,True,0,#ffe08a,#ffe08a,1.26,1.26,1.26,1.26,1.26,1.26,1.26,1.26,body,fail,fail,fail,
natt,--foot-ink,#b7a9d6,--btn-grad start (solid),--btn-grad-a,True,0,#ffe08a,#ffe08a,1.69,1.69,1.69,1.69,1.69,1.69,1.69,1.69,body,fail,fail,fail,
natt,--card-ink,#f2eeff,--btn-grad start (solid),--btn-grad-a,True,0,#ffe08a,#ffe08a,1.13,1.13,1.13,1.13,1.13,1.13,1.13,1.13,body,fail,fail,fail,
natt,--card-sub,#b5acd3,--btn-grad start (solid),--btn-grad-a,True,0,#ffe08a,#ffe08a,1.66,1.66,1.66,1.66,1.66,1.66,1.66,1.66,body,fail,fail,fail,
natt,--prose-ink,#eae4f5,--btn-grad start (solid),--btn-grad-a,True,0,#ffe08a,#ffe08a,1.04,1.04,1.04,1.04,1.04,1.04,1.04,1.04,body,fail,fail,fail,
natt,--chip-ink,#e8dfc9,--btn-grad start (solid),--btn-grad-a,True,0,#ffe08a,#ffe08a,1.03,1.03,1.03,1.03,1.03,1.03,1.03,1.03,body,fail,fail,fail,
natt,--pill-ink,#c9bcff,--btn-grad start (solid),--btn-grad-a,True,0,#ffe08a,#ffe08a,1.34,1.34,1.34,1.34,1.34,1.34,1.34,1.34,body,fail,fail,fail,
natt,--gold-chip-ink,#ffd98f,--btn-grad start (solid),--btn-grad-a,True,0,#ffe08a,#ffe08a,1.05,1.05,1.05,1.05,1.05,1.05,1.05,1.05,body,fail,fail,fail,
natt,--coral-chip-ink,#ffab9f,--btn-grad start (solid),--btn-grad-a,True,0,#ffe08a,#ffe08a,1.41,1.41,1.41,1.41,1.41,1.41,1.41,1.41,body,fail,fail,fail,
natt,--trait-ink,#cfc5ec,--btn-grad start (solid),--btn-grad-a,True,0,#ffe08a,#ffe08a,1.27,1.27,1.27,1.27,1.27,1.27,1.27,1.27,body,fail,fail,fail,
natt,--trait-on-ink,#e9e2ff,--btn-grad start (solid),--btn-grad-a,True,0,#ffe08a,#ffe08a,1.03,1.03,1.03,1.03,1.03,1.03,1.03,1.03,body,fail,fail,fail,
natt,--choice-ink,#f2eeff,--btn-grad start (solid),--btn-grad-a,True,0,#ffe08a,#ffe08a,1.13,1.13,1.13,1.13,1.13,1.13,1.13,1.13,body,fail,fail,fail,
natt,--ghost-ink,#fff3d9,--btn-grad start (solid),--btn-grad-a,True,0,#ffe08a,#ffe08a,1.17,1.17,1.17,1.17,1.17,1.17,1.17,1.17,body,fail,fail,fail,
natt,--btn-ink,#3a2b10,--btn-grad start (solid),--btn-grad-a,True,0,#ffe08a,#ffe08a,10.62,10.62,10.62,10.62,10.62,10.62,10.62,10.62,body,pass,pass,pass,yes
natt,"footer Beta label (--foot-ink, opacity .8)",#b7a9d6 @0.80,--btn-grad start (solid),--btn-grad-a,True,0,#ffe08a,#ffe08a,1.52,1.52,1.52,1.52,1.52,1.52,1.52,1.52,body,fail,fail,fail,
natt,"footer version (--card-sub, opacity .85)",#b5acd3 @0.85,--btn-grad start (solid),--btn-grad-a,True,0,#ffe08a,#ffe08a,1.54,1.54,1.54,1.54,1.54,1.54,1.54,1.54,body,fail,fail,fail,
natt,skip-link ink #241608,#241608,--btn-grad start (solid),--btn-grad-a,True,0,#ffe08a,#ffe08a,13.64,13.64,13.64,13.64,13.64,13.64,13.64,13.64,body,pass,pass,pass,
natt,primitive --violet #6d4fe0,#6d4fe0,--btn-grad start (solid),--btn-grad-a,True,0,#ffe08a,#ffe08a,4.23,4.23,4.23,4.23,4.23,4.23,4.23,4.23,body,fail,pass,fail,
natt,primitive --violet-soft #9b87f5,#9b87f5,--btn-grad start (solid),--btn-grad-a,True,0,#ffe08a,#ffe08a,2.27,2.27,2.27,2.27,2.27,2.27,2.27,2.27,body,fail,fail,fail,
natt,primitive --gold #f2b22e,#f2b22e,--btn-grad start (solid),--btn-grad-a,True,0,#ffe08a,#ffe08a,1.46,1.46,1.46,1.46,1.46,1.46,1.46,1.46,body,fail,fail,fail,
natt,primitive --coral #ff6154,#ff6154,--btn-grad start (solid),--btn-grad-a,True,0,#ffe08a,#ffe08a,2.3,2.3,2.3,2.3,2.3,2.3,2.3,2.3,body,fail,fail,fail,
natt,--page-ink,#fff7e9,--btn-grad end (solid),--btn-grad-b,True,0,#f5c542,#f5c542,1.52,1.52,1.52,1.52,1.52,1.52,1.52,1.52,body,fail,fail,fail,
natt,--page-sub,#d9cfee,--btn-grad end (solid),--btn-grad-b,True,0,#f5c542,#f5c542,1.09,1.09,1.09,1.09,1.09,1.09,1.09,1.09,body,fail,fail,fail,
natt,--micro-ink,#d9cfee @0.85,--btn-grad end (solid),--btn-grad-b,True,0,#f5c542,#f5c542,1.07,1.07,1.07,1.07,1.07,1.07,1.07,1.07,body,fail,fail,fail,
natt,--accent,#f5c542,--btn-grad end (solid),--btn-grad-b,True,0,#f5c542,#f5c542,1.0,1.0,1.0,1.0,1.0,1.0,1.0,1.0,body,fail,fail,fail,
natt,--accent-ink,#f5c542,--btn-grad end (solid),--btn-grad-b,True,0,#f5c542,#f5c542,1.0,1.0,1.0,1.0,1.0,1.0,1.0,1.0,body,fail,fail,fail,
natt,--logo-ink,#f5c542,--btn-grad end (solid),--btn-grad-b,True,0,#f5c542,#f5c542,1.0,1.0,1.0,1.0,1.0,1.0,1.0,1.0,body,fail,fail,fail,
natt,--foot-ink,#b7a9d6,--btn-grad end (solid),--btn-grad-b,True,0,#f5c542,#f5c542,1.34,1.34,1.34,1.34,1.34,1.34,1.34,1.34,body,fail,fail,fail,
natt,--card-ink,#f2eeff,--btn-grad end (solid),--btn-grad-b,True,0,#f5c542,#f5c542,1.42,1.42,1.42,1.42,1.42,1.42,1.42,1.42,body,fail,fail,fail,
natt,--card-sub,#b5acd3,--btn-grad end (solid),--btn-grad-b,True,0,#f5c542,#f5c542,1.32,1.32,1.32,1.32,1.32,1.32,1.32,1.32,body,fail,fail,fail,
natt,--prose-ink,#eae4f5,--btn-grad end (solid),--btn-grad-b,True,0,#f5c542,#f5c542,1.31,1.31,1.31,1.31,1.31,1.31,1.31,1.31,body,fail,fail,fail,
natt,--chip-ink,#e8dfc9,--btn-grad end (solid),--btn-grad-b,True,0,#f5c542,#f5c542,1.22,1.22,1.22,1.22,1.22,1.22,1.22,1.22,body,fail,fail,fail,
natt,--pill-ink,#c9bcff,--btn-grad end (solid),--btn-grad-b,True,0,#f5c542,#f5c542,1.07,1.07,1.07,1.07,1.07,1.07,1.07,1.07,body,fail,fail,fail,
natt,--gold-chip-ink,#ffd98f,--btn-grad end (solid),--btn-grad-b,True,0,#f5c542,#f5c542,1.2,1.2,1.2,1.2,1.2,1.2,1.2,1.2,body,fail,fail,fail,
natt,--coral-chip-ink,#ffab9f,--btn-grad end (solid),--btn-grad-b,True,0,#f5c542,#f5c542,1.12,1.12,1.12,1.12,1.12,1.12,1.12,1.12,body,fail,fail,fail,
natt,--trait-ink,#cfc5ec,--btn-grad end (solid),--btn-grad-b,True,0,#f5c542,#f5c542,1.01,1.01,1.01,1.01,1.01,1.01,1.01,1.01,body,fail,fail,fail,
natt,--trait-on-ink,#e9e2ff,--btn-grad end (solid),--btn-grad-b,True,0,#f5c542,#f5c542,1.3,1.3,1.3,1.3,1.3,1.3,1.3,1.3,body,fail,fail,fail,
natt,--choice-ink,#f2eeff,--btn-grad end (solid),--btn-grad-b,True,0,#f5c542,#f5c542,1.42,1.42,1.42,1.42,1.42,1.42,1.42,1.42,body,fail,fail,fail,
natt,--ghost-ink,#fff3d9,--btn-grad end (solid),--btn-grad-b,True,0,#f5c542,#f5c542,1.47,1.47,1.47,1.47,1.47,1.47,1.47,1.47,body,fail,fail,fail,
natt,--btn-ink,#3a2b10,--btn-grad end (solid),--btn-grad-b,True,0,#f5c542,#f5c542,8.45,8.45,8.45,8.45,8.45,8.45,8.45,8.45,body,pass,pass,pass,yes
natt,"footer Beta label (--foot-ink, opacity .8)",#b7a9d6 @0.80,--btn-grad end (solid),--btn-grad-b,True,0,#f5c542,#f5c542,1.28,1.28,1.28,1.28,1.28,1.28,1.28,1.28,body,fail,fail,fail,
natt,"footer version (--card-sub, opacity .85)",#b5acd3 @0.85,--btn-grad end (solid),--btn-grad-b,True,0,#f5c542,#f5c542,1.28,1.28,1.28,1.28,1.28,1.28,1.28,1.28,body,fail,fail,fail,
natt,skip-link ink #241608,#241608,--btn-grad end (solid),--btn-grad-b,True,0,#f5c542,#f5c542,10.85,10.85,10.85,10.85,10.85,10.85,10.85,10.85,body,pass,pass,pass,
natt,primitive --violet #6d4fe0,#6d4fe0,--btn-grad end (solid),--btn-grad-b,True,0,#f5c542,#f5c542,3.37,3.37,3.37,3.37,3.37,3.37,3.37,3.37,body,fail,pass,fail,
natt,primitive --violet-soft #9b87f5,#9b87f5,--btn-grad end (solid),--btn-grad-b,True,0,#f5c542,#f5c542,1.8,1.8,1.8,1.8,1.8,1.8,1.8,1.8,body,fail,fail,fail,
natt,primitive --gold #f2b22e,#f2b22e,--btn-grad end (solid),--btn-grad-b,True,0,#f5c542,#f5c542,1.16,1.16,1.16,1.16,1.16,1.16,1.16,1.16,body,fail,fail,fail,
natt,primitive --coral #ff6154,#ff6154,--btn-grad end (solid),--btn-grad-b,True,0,#f5c542,#f5c542,1.83,1.83,1.83,1.83,1.83,1.83,1.83,1.83,body,fail,fail,fail,
natt,--page-ink,#fff7e9,"--accent (solid, e.g. active SV/EN)",--accent,True,0,#f5c542,#f5c542,1.52,1.52,1.52,1.52,1.52,1.52,1.52,1.52,body,fail,fail,fail,
natt,--page-sub,#d9cfee,"--accent (solid, e.g. active SV/EN)",--accent,True,0,#f5c542,#f5c542,1.09,1.09,1.09,1.09,1.09,1.09,1.09,1.09,body,fail,fail,fail,
natt,--micro-ink,#d9cfee @0.85,"--accent (solid, e.g. active SV/EN)",--accent,True,0,#f5c542,#f5c542,1.07,1.07,1.07,1.07,1.07,1.07,1.07,1.07,body,fail,fail,fail,
natt,--accent,#f5c542,"--accent (solid, e.g. active SV/EN)",--accent,True,0,#f5c542,#f5c542,1.0,1.0,1.0,1.0,1.0,1.0,1.0,1.0,body,fail,fail,fail,
natt,--accent-ink,#f5c542,"--accent (solid, e.g. active SV/EN)",--accent,True,0,#f5c542,#f5c542,1.0,1.0,1.0,1.0,1.0,1.0,1.0,1.0,body,fail,fail,fail,
natt,--logo-ink,#f5c542,"--accent (solid, e.g. active SV/EN)",--accent,True,0,#f5c542,#f5c542,1.0,1.0,1.0,1.0,1.0,1.0,1.0,1.0,body,fail,fail,fail,
natt,--foot-ink,#b7a9d6,"--accent (solid, e.g. active SV/EN)",--accent,True,0,#f5c542,#f5c542,1.34,1.34,1.34,1.34,1.34,1.34,1.34,1.34,body,fail,fail,fail,
natt,--card-ink,#f2eeff,"--accent (solid, e.g. active SV/EN)",--accent,True,0,#f5c542,#f5c542,1.42,1.42,1.42,1.42,1.42,1.42,1.42,1.42,body,fail,fail,fail,
natt,--card-sub,#b5acd3,"--accent (solid, e.g. active SV/EN)",--accent,True,0,#f5c542,#f5c542,1.32,1.32,1.32,1.32,1.32,1.32,1.32,1.32,body,fail,fail,fail,
natt,--prose-ink,#eae4f5,"--accent (solid, e.g. active SV/EN)",--accent,True,0,#f5c542,#f5c542,1.31,1.31,1.31,1.31,1.31,1.31,1.31,1.31,body,fail,fail,fail,
natt,--chip-ink,#e8dfc9,"--accent (solid, e.g. active SV/EN)",--accent,True,0,#f5c542,#f5c542,1.22,1.22,1.22,1.22,1.22,1.22,1.22,1.22,body,fail,fail,fail,
natt,--pill-ink,#c9bcff,"--accent (solid, e.g. active SV/EN)",--accent,True,0,#f5c542,#f5c542,1.07,1.07,1.07,1.07,1.07,1.07,1.07,1.07,body,fail,fail,fail,
natt,--gold-chip-ink,#ffd98f,"--accent (solid, e.g. active SV/EN)",--accent,True,0,#f5c542,#f5c542,1.2,1.2,1.2,1.2,1.2,1.2,1.2,1.2,body,fail,fail,fail,
natt,--coral-chip-ink,#ffab9f,"--accent (solid, e.g. active SV/EN)",--accent,True,0,#f5c542,#f5c542,1.12,1.12,1.12,1.12,1.12,1.12,1.12,1.12,body,fail,fail,fail,
natt,--trait-ink,#cfc5ec,"--accent (solid, e.g. active SV/EN)",--accent,True,0,#f5c542,#f5c542,1.01,1.01,1.01,1.01,1.01,1.01,1.01,1.01,body,fail,fail,fail,
natt,--trait-on-ink,#e9e2ff,"--accent (solid, e.g. active SV/EN)",--accent,True,0,#f5c542,#f5c542,1.3,1.3,1.3,1.3,1.3,1.3,1.3,1.3,body,fail,fail,fail,
natt,--choice-ink,#f2eeff,"--accent (solid, e.g. active SV/EN)",--accent,True,0,#f5c542,#f5c542,1.42,1.42,1.42,1.42,1.42,1.42,1.42,1.42,body,fail,fail,fail,
natt,--ghost-ink,#fff3d9,"--accent (solid, e.g. active SV/EN)",--accent,True,0,#f5c542,#f5c542,1.47,1.47,1.47,1.47,1.47,1.47,1.47,1.47,body,fail,fail,fail,
natt,--btn-ink,#3a2b10,"--accent (solid, e.g. active SV/EN)",--accent,True,0,#f5c542,#f5c542,8.45,8.45,8.45,8.45,8.45,8.45,8.45,8.45,body,pass,pass,pass,yes
natt,"footer Beta label (--foot-ink, opacity .8)",#b7a9d6 @0.80,"--accent (solid, e.g. active SV/EN)",--accent,True,0,#f5c542,#f5c542,1.28,1.28,1.28,1.28,1.28,1.28,1.28,1.28,body,fail,fail,fail,
natt,"footer version (--card-sub, opacity .85)",#b5acd3 @0.85,"--accent (solid, e.g. active SV/EN)",--accent,True,0,#f5c542,#f5c542,1.28,1.28,1.28,1.28,1.28,1.28,1.28,1.28,body,fail,fail,fail,
natt,skip-link ink #241608,#241608,"--accent (solid, e.g. active SV/EN)",--accent,True,0,#f5c542,#f5c542,10.85,10.85,10.85,10.85,10.85,10.85,10.85,10.85,body,pass,pass,pass,
natt,primitive --violet #6d4fe0,#6d4fe0,"--accent (solid, e.g. active SV/EN)",--accent,True,0,#f5c542,#f5c542,3.37,3.37,3.37,3.37,3.37,3.37,3.37,3.37,body,fail,pass,fail,
natt,primitive --violet-soft #9b87f5,#9b87f5,"--accent (solid, e.g. active SV/EN)",--accent,True,0,#f5c542,#f5c542,1.8,1.8,1.8,1.8,1.8,1.8,1.8,1.8,body,fail,fail,fail,
natt,primitive --gold #f2b22e,#f2b22e,"--accent (solid, e.g. active SV/EN)",--accent,True,0,#f5c542,#f5c542,1.16,1.16,1.16,1.16,1.16,1.16,1.16,1.16,body,fail,fail,fail,
natt,primitive --coral #ff6154,#ff6154,"--accent (solid, e.g. active SV/EN)",--accent,True,0,#f5c542,#f5c542,1.83,1.83,1.83,1.83,1.83,1.83,1.83,1.83,body,fail,fail,fail,
natt,--page-ink,#fff7e9,"--gold #f2b22e (skip-link, solid)",#f2b22e,True,0,#f2b22e,#f2b22e,1.76,1.76,1.76,1.76,1.76,1.76,1.76,1.76,body,fail,fail,fail,
natt,--page-sub,#d9cfee,"--gold #f2b22e (skip-link, solid)",#f2b22e,True,0,#f2b22e,#f2b22e,1.26,1.26,1.26,1.26,1.26,1.26,1.26,1.26,body,fail,fail,fail,
natt,--micro-ink,#d9cfee @0.85,"--gold #f2b22e (skip-link, solid)",#f2b22e,True,0,#f2b22e,#f2b22e,1.21,1.21,1.21,1.21,1.21,1.21,1.21,1.21,body,fail,fail,fail,
natt,--accent,#f5c542,"--gold #f2b22e (skip-link, solid)",#f2b22e,True,0,#f2b22e,#f2b22e,1.16,1.16,1.16,1.16,1.16,1.16,1.16,1.16,body,fail,fail,fail,
natt,--accent-ink,#f5c542,"--gold #f2b22e (skip-link, solid)",#f2b22e,True,0,#f2b22e,#f2b22e,1.16,1.16,1.16,1.16,1.16,1.16,1.16,1.16,body,fail,fail,fail,
natt,--logo-ink,#f5c542,"--gold #f2b22e (skip-link, solid)",#f2b22e,True,0,#f2b22e,#f2b22e,1.16,1.16,1.16,1.16,1.16,1.16,1.16,1.16,body,fail,fail,fail,
natt,--foot-ink,#b7a9d6,"--gold #f2b22e (skip-link, solid)",#f2b22e,True,0,#f2b22e,#f2b22e,1.16,1.16,1.16,1.16,1.16,1.16,1.16,1.16,body,fail,fail,fail,
natt,--card-ink,#f2eeff,"--gold #f2b22e (skip-link, solid)",#f2b22e,True,0,#f2b22e,#f2b22e,1.65,1.65,1.65,1.65,1.65,1.65,1.65,1.65,body,fail,fail,fail,
natt,--card-sub,#b5acd3,"--gold #f2b22e (skip-link, solid)",#f2b22e,True,0,#f2b22e,#f2b22e,1.14,1.14,1.14,1.14,1.14,1.14,1.14,1.14,body,fail,fail,fail,
natt,--prose-ink,#eae4f5,"--gold #f2b22e (skip-link, solid)",#f2b22e,True,0,#f2b22e,#f2b22e,1.51,1.51,1.51,1.51,1.51,1.51,1.51,1.51,body,fail,fail,fail,
natt,--chip-ink,#e8dfc9,"--gold #f2b22e (skip-link, solid)",#f2b22e,True,0,#f2b22e,#f2b22e,1.42,1.42,1.42,1.42,1.42,1.42,1.42,1.42,body,fail,fail,fail,
natt,--pill-ink,#c9bcff,"--gold #f2b22e (skip-link, solid)",#f2b22e,True,0,#f2b22e,#f2b22e,1.08,1.08,1.08,1.08,1.08,1.08,1.08,1.08,body,fail,fail,fail,
natt,--gold-chip-ink,#ffd98f,"--gold #f2b22e (skip-link, solid)",#f2b22e,True,0,#f2b22e,#f2b22e,1.39,1.39,1.39,1.39,1.39,1.39,1.39,1.39,body,fail,fail,fail,
natt,--coral-chip-ink,#ffab9f,"--gold #f2b22e (skip-link, solid)",#f2b22e,True,0,#f2b22e,#f2b22e,1.04,1.04,1.04,1.04,1.04,1.04,1.04,1.04,body,fail,fail,fail,
natt,--trait-ink,#cfc5ec,"--gold #f2b22e (skip-link, solid)",#f2b22e,True,0,#f2b22e,#f2b22e,1.15,1.15,1.15,1.15,1.15,1.15,1.15,1.15,body,fail,fail,fail,
natt,--trait-on-ink,#e9e2ff,"--gold #f2b22e (skip-link, solid)",#f2b22e,True,0,#f2b22e,#f2b22e,1.5,1.5,1.5,1.5,1.5,1.5,1.5,1.5,body,fail,fail,fail,
natt,--choice-ink,#f2eeff,"--gold #f2b22e (skip-link, solid)",#f2b22e,True,0,#f2b22e,#f2b22e,1.65,1.65,1.65,1.65,1.65,1.65,1.65,1.65,body,fail,fail,fail,
natt,--ghost-ink,#fff3d9,"--gold #f2b22e (skip-link, solid)",#f2b22e,True,0,#f2b22e,#f2b22e,1.71,1.71,1.71,1.71,1.71,1.71,1.71,1.71,body,fail,fail,fail,
natt,--btn-ink,#3a2b10,"--gold #f2b22e (skip-link, solid)",#f2b22e,True,0,#f2b22e,#f2b22e,7.3,7.3,7.3,7.3,7.3,7.3,7.3,7.3,body,pass,pass,pass,
natt,"footer Beta label (--foot-ink, opacity .8)",#b7a9d6 @0.80,"--gold #f2b22e (skip-link, solid)",#f2b22e,True,0,#f2b22e,#f2b22e,1.14,1.14,1.14,1.14,1.14,1.14,1.14,1.14,body,fail,fail,fail,
natt,"footer version (--card-sub, opacity .85)",#b5acd3 @0.85,"--gold #f2b22e (skip-link, solid)",#f2b22e,True,0,#f2b22e,#f2b22e,1.13,1.13,1.13,1.13,1.13,1.13,1.13,1.13,body,fail,fail,fail,
natt,skip-link ink #241608,#241608,"--gold #f2b22e (skip-link, solid)",#f2b22e,True,0,#f2b22e,#f2b22e,9.37,9.37,9.37,9.37,9.37,9.37,9.37,9.37,body,pass,pass,pass,yes
natt,primitive --violet #6d4fe0,#6d4fe0,"--gold #f2b22e (skip-link, solid)",#f2b22e,True,0,#f2b22e,#f2b22e,2.91,2.91,2.91,2.91,2.91,2.91,2.91,2.91,body,fail,fail,fail,
natt,primitive --violet-soft #9b87f5,#9b87f5,"--gold #f2b22e (skip-link, solid)",#f2b22e,True,0,#f2b22e,#f2b22e,1.56,1.56,1.56,1.56,1.56,1.56,1.56,1.56,body,fail,fail,fail,
natt,primitive --gold #f2b22e,#f2b22e,"--gold #f2b22e (skip-link, solid)",#f2b22e,True,0,#f2b22e,#f2b22e,1.0,1.0,1.0,1.0,1.0,1.0,1.0,1.0,body,fail,fail,fail,
natt,primitive --coral #ff6154,#ff6154,"--gold #f2b22e (skip-link, solid)",#f2b22e,True,0,#f2b22e,#f2b22e,1.58,1.58,1.58,1.58,1.58,1.58,1.58,1.58,body,fail,fail,fail,
morgon,--page-ink,#241f35,"page (plate, no surface)",plate,False,0,#ede9f6,#f0e7ee,13.3,10.61,13.14,13.81,9.98,12.98,13.82,9.98,mobile_p05,pass,pass,pass,yes
morgon,--page-sub,#5f5878,"page (plate, no surface)",plate,False,0,#ede9f6,#f0e7ee,5.58,4.45,5.51,5.79,4.19,5.44,5.79,4.19,mobile_p05,fail,pass,fail,yes
morgon,--micro-ink,#5f5878,"page (plate, no surface)",plate,False,0,#ede9f6,#f0e7ee,5.58,4.45,5.51,5.79,4.19,5.44,5.79,4.19,mobile_p05,fail,pass,fail,yes
morgon,--accent,#6d4fe0,"page (plate, no surface)",plate,False,0,#ede9f6,#f0e7ee,4.57,3.65,4.52,4.75,3.43,4.46,4.75,3.43,mobile_p05,fail,pass,fail,yes
morgon,--accent-ink,#5b3fc7,"page (plate, no surface)",plate,False,0,#ede9f6,#f0e7ee,5.9,4.71,5.83,6.13,4.43,5.76,6.13,4.43,mobile_p05,fail,pass,fail,yes
morgon,--logo-ink,#6d4fe0,"page (plate, no surface)",plate,False,0,#ede9f6,#f0e7ee,4.57,3.65,4.52,4.75,3.43,4.46,4.75,3.43,mobile_p05,fail,pass,fail,yes
morgon,--foot-ink,#5f5878,"page (plate, no surface)",plate,False,0,#ede9f6,#f0e7ee,5.58,4.45,5.51,5.79,4.19,5.44,5.79,4.19,mobile_p05,fail,pass,fail,yes
morgon,--card-ink,#241f35,"page (plate, no surface)",plate,False,0,#ede9f6,#f0e7ee,13.3,10.61,13.14,13.81,9.98,12.98,13.82,9.98,mobile_p05,pass,pass,pass,
morgon,--card-sub,#5f5878,"page (plate, no surface)",plate,False,0,#ede9f6,#f0e7ee,5.58,4.45,5.51,5.79,4.19,5.44,5.79,4.19,mobile_p05,fail,pass,fail,
morgon,--prose-ink,#3a3450,"page (plate, no surface)",plate,False,0,#ede9f6,#f0e7ee,9.84,7.85,9.72,10.22,7.39,9.6,10.22,7.39,mobile_p05,pass,pass,pass,
morgon,--chip-ink,#5b3fc7,"page (plate, no surface)",plate,False,0,#ede9f6,#f0e7ee,5.9,4.71,5.83,6.13,4.43,5.76,6.13,4.43,mobile_p05,fail,pass,fail,
morgon,--pill-ink,#5b3fc7,"page (plate, no surface)",plate,False,0,#ede9f6,#f0e7ee,5.9,4.71,5.83,6.13,4.43,5.76,6.13,4.43,mobile_p05,fail,pass,fail,
morgon,--gold-chip-ink,#8f6a12,"page (plate, no surface)",plate,False,0,#ede9f6,#f0e7ee,4.15,3.31,4.1,4.31,3.12,4.05,4.31,3.12,mobile_p05,fail,pass,fail,
morgon,--coral-chip-ink,#c23a2b,"page (plate, no surface)",plate,False,0,#ede9f6,#f0e7ee,4.47,3.57,4.42,4.64,3.36,4.36,4.64,3.36,mobile_p05,fail,pass,fail,
morgon,--trait-ink,#5f5878,"page (plate, no surface)",plate,False,0,#ede9f6,#f0e7ee,5.58,4.45,5.51,5.79,4.19,5.44,5.79,4.19,mobile_p05,fail,pass,fail,
morgon,--trait-on-ink,#4a36a8,"page (plate, no surface)",plate,False,0,#ede9f6,#f0e7ee,7.38,5.88,7.29,7.66,5.54,7.2,7.66,5.54,mobile_p05,pass,pass,fail,
morgon,--choice-ink,#241f35,"page (plate, no surface)",plate,False,0,#ede9f6,#f0e7ee,13.3,10.61,13.14,13.81,9.98,12.98,13.82,9.98,mobile_p05,pass,pass,pass,
morgon,--ghost-ink,#241f35,"page (plate, no surface)",plate,False,0,#ede9f6,#f0e7ee,13.3,10.61,13.14,13.81,9.98,12.98,13.82,9.98,mobile_p05,pass,pass,pass,
morgon,--btn-ink,#ffffff,"page (plate, no surface)",plate,False,0,#ede9f6,#f0e7ee,1.19,1.5,1.21,1.15,1.59,1.22,1.15,1.15,mobile_p95,fail,fail,fail,
morgon,"footer Beta label (--foot-ink, opacity .8)",#5f5878 @0.80,"page (plate, no surface)",plate,False,0,#ede9f6,#f0e7ee,3.66,3.13,3.63,3.76,2.99,3.6,3.76,2.99,mobile_p05,fail,fail,fail,yes
morgon,"footer version (--card-sub, opacity .85)",#5f5878 @0.85,"page (plate, no surface)",plate,False,0,#ede9f6,#f0e7ee,4.05,3.41,4.02,4.17,3.25,3.98,4.18,3.25,mobile_p05,fail,pass,fail,yes
morgon,skip-link ink #241608,#241608,"page (plate, no surface)",plate,False,0,#ede9f6,#f0e7ee,14.74,11.76,14.56,15.31,11.06,14.38,15.31,11.06,mobile_p05,pass,pass,pass,
morgon,primitive --violet #6d4fe0,#6d4fe0,"page (plate, no surface)",plate,False,0,#ede9f6,#f0e7ee,4.57,3.65,4.52,4.75,3.43,4.46,4.75,3.43,mobile_p05,fail,pass,fail,
morgon,primitive --violet-soft #9b87f5,#9b87f5,"page (plate, no surface)",plate,False,0,#ede9f6,#f0e7ee,2.45,1.95,2.42,2.54,1.84,2.39,2.55,1.84,mobile_p05,fail,fail,fail,
morgon,primitive --gold #f2b22e,#f2b22e,"page (plate, no surface)",plate,False,0,#ede9f6,#f0e7ee,1.57,1.25,1.55,1.63,1.18,1.53,1.63,1.18,mobile_p05,fail,fail,fail,
morgon,primitive --coral #ff6154,#ff6154,"page (plate, no surface)",plate,False,0,#ede9f6,#f0e7ee,2.48,1.98,2.45,2.58,1.86,2.42,2.58,1.86,mobile_p05,fail,fail,fail,
morgon,--page-ink,#241f35,--card glass,--card over plate,False,24,#fbfbfd,#fcfafc,15.34,14.72,15.31,15.4,14.6,15.27,15.37,14.6,mobile_p05,pass,pass,pass,
morgon,--page-sub,#5f5878,--card glass,--card over plate,False,24,#fbfbfd,#fcfafc,6.43,6.17,6.42,6.46,6.12,6.4,6.44,6.12,mobile_p05,pass,pass,fail,
morgon,--micro-ink,#5f5878,--card glass,--card over plate,False,24,#fbfbfd,#fcfafc,6.43,6.17,6.42,6.46,6.12,6.4,6.44,6.12,mobile_p05,pass,pass,fail,
morgon,--accent,#6d4fe0,--card glass,--card over plate,False,24,#fbfbfd,#fcfafc,5.28,5.06,5.27,5.3,5.02,5.25,5.29,5.02,mobile_p05,pass,pass,fail,
morgon,--accent-ink,#5b3fc7,--card glass,--card over plate,False,24,#fbfbfd,#fcfafc,6.81,6.53,6.79,6.83,6.48,6.78,6.82,6.48,mobile_p05,pass,pass,fail,yes
morgon,--logo-ink,#6d4fe0,--card glass,--card over plate,False,24,#fbfbfd,#fcfafc,5.28,5.06,5.27,5.3,5.02,5.25,5.29,5.02,mobile_p05,pass,pass,fail,
morgon,--foot-ink,#5f5878,--card glass,--card over plate,False,24,#fbfbfd,#fcfafc,6.43,6.17,6.42,6.46,6.12,6.4,6.44,6.12,mobile_p05,pass,pass,fail,
morgon,--card-ink,#241f35,--card glass,--card over plate,False,24,#fbfbfd,#fcfafc,15.34,14.72,15.31,15.4,14.6,15.27,15.37,14.6,mobile_p05,pass,pass,pass,yes
morgon,--card-sub,#5f5878,--card glass,--card over plate,False,24,#fbfbfd,#fcfafc,6.43,6.17,6.42,6.46,6.12,6.4,6.44,6.12,mobile_p05,pass,pass,fail,yes
morgon,--prose-ink,#3a3450,--card glass,--card over plate,False,24,#fbfbfd,#fcfafc,11.35,10.89,11.33,11.4,10.8,11.3,11.37,10.8,mobile_p05,pass,pass,pass,yes
morgon,--chip-ink,#5b3fc7,--card glass,--card over plate,False,24,#fbfbfd,#fcfafc,6.81,6.53,6.79,6.83,6.48,6.78,6.82,6.48,mobile_p05,pass,pass,fail,
morgon,--pill-ink,#5b3fc7,--card glass,--card over plate,False,24,#fbfbfd,#fcfafc,6.81,6.53,6.79,6.83,6.48,6.78,6.82,6.48,mobile_p05,pass,pass,fail,
morgon,--gold-chip-ink,#8f6a12,--card glass,--card over plate,False,24,#fbfbfd,#fcfafc,4.79,4.59,4.78,4.81,4.56,4.76,4.79,4.56,mobile_p05,pass,pass,fail,
morgon,--coral-chip-ink,#c23a2b,--card glass,--card over plate,False,24,#fbfbfd,#fcfafc,5.16,4.95,5.15,5.18,4.91,5.13,5.17,4.91,mobile_p05,pass,pass,fail,
morgon,--trait-ink,#5f5878,--card glass,--card over plate,False,24,#fbfbfd,#fcfafc,6.43,6.17,6.42,6.46,6.12,6.4,6.44,6.12,mobile_p05,pass,pass,fail,yes
morgon,--trait-on-ink,#4a36a8,--card glass,--card over plate,False,24,#fbfbfd,#fcfafc,8.51,8.16,8.49,8.54,8.1,8.47,8.52,8.1,mobile_p05,pass,pass,pass,
morgon,--choice-ink,#241f35,--card glass,--card over plate,False,24,#fbfbfd,#fcfafc,15.34,14.72,15.31,15.4,14.6,15.27,15.37,14.6,mobile_p05,pass,pass,pass,
morgon,--ghost-ink,#241f35,--card glass,--card over plate,False,24,#fbfbfd,#fcfafc,15.34,14.72,15.31,15.4,14.6,15.27,15.37,14.6,mobile_p05,pass,pass,pass,
morgon,--btn-ink,#ffffff,--card glass,--card over plate,False,24,#fbfbfd,#fcfafc,1.04,1.08,1.04,1.03,1.09,1.04,1.03,1.03,desktop_p95,fail,fail,fail,
morgon,"footer Beta label (--foot-ink, opacity .8)",#5f5878 @0.80,--card glass,--card over plate,False,24,#fbfbfd,#fcfafc,4.04,3.93,4.03,4.05,3.91,4.03,4.04,3.91,mobile_p05,fail,pass,fail,
morgon,"footer version (--card-sub, opacity .85)",#5f5878 @0.85,--card glass,--card over plate,False,24,#fbfbfd,#fcfafc,4.52,4.38,4.51,4.53,4.35,4.5,4.52,4.35,mobile_p05,fail,pass,fail,
morgon,skip-link ink #241608,#241608,--card glass,--card over plate,False,24,#fbfbfd,#fcfafc,17.0,16.31,16.97,17.07,16.18,16.92,17.03,16.18,mobile_p05,pass,pass,pass,
morgon,primitive --violet #6d4fe0,#6d4fe0,--card glass,--card over plate,False,24,#fbfbfd,#fcfafc,5.28,5.06,5.27,5.3,5.02,5.25,5.29,5.02,mobile_p05,pass,pass,fail,
morgon,primitive --violet-soft #9b87f5,#9b87f5,--card glass,--card over plate,False,24,#fbfbfd,#fcfafc,2.83,2.71,2.82,2.84,2.69,2.81,2.83,2.69,mobile_p05,fail,fail,fail,
morgon,primitive --gold #f2b22e,#f2b22e,--card glass,--card over plate,False,24,#fbfbfd,#fcfafc,1.81,1.74,1.81,1.82,1.73,1.81,1.82,1.73,mobile_p05,fail,fail,fail,
morgon,primitive --coral #ff6154,#ff6154,--card glass,--card over plate,False,24,#fbfbfd,#fcfafc,2.86,2.75,2.86,2.87,2.72,2.85,2.87,2.72,mobile_p05,fail,fail,fail,
morgon,--page-ink,#241f35,--chip-bg on plate,--chip-bg over plate,False,0,#e3ddf4,#e6dbed,12.03,9.7,11.89,12.47,9.15,11.75,12.47,9.15,mobile_p05,pass,pass,pass,
morgon,--page-sub,#5f5878,--chip-bg on plate,--chip-bg over plate,False,0,#e3ddf4,#e6dbed,5.04,4.07,4.98,5.23,3.84,4.93,5.23,3.84,mobile_p05,fail,pass,fail,
morgon,--micro-ink,#5f5878,--chip-bg on plate,--chip-bg over plate,False,0,#e3ddf4,#e6dbed,5.04,4.07,4.98,5.23,3.84,4.93,5.23,3.84,mobile_p05,fail,pass,fail,
morgon,--accent,#6d4fe0,--chip-bg on plate,--chip-bg over plate,False,0,#e3ddf4,#e6dbed,4.14,3.33,4.09,4.29,3.15,4.04,4.29,3.15,mobile_p05,fail,pass,fail,
morgon,--accent-ink,#5b3fc7,--chip-bg on plate,--chip-bg over plate,False,0,#e3ddf4,#e6dbed,5.34,4.3,5.27,5.53,4.06,5.21,5.53,4.06,mobile_p05,fail,pass,fail,
morgon,--logo-ink,#6d4fe0,--chip-bg on plate,--chip-bg over plate,False,0,#e3ddf4,#e6dbed,4.14,3.33,4.09,4.29,3.15,4.04,4.29,3.15,mobile_p05,fail,pass,fail,
morgon,--foot-ink,#5f5878,--chip-bg on plate,--chip-bg over plate,False,0,#e3ddf4,#e6dbed,5.04,4.07,4.98,5.23,3.84,4.93,5.23,3.84,mobile_p05,fail,pass,fail,
morgon,--card-ink,#241f35,--chip-bg on plate,--chip-bg over plate,False,0,#e3ddf4,#e6dbed,12.03,9.7,11.89,12.47,9.15,11.75,12.47,9.15,mobile_p05,pass,pass,pass,
morgon,--card-sub,#5f5878,--chip-bg on plate,--chip-bg over plate,False,0,#e3ddf4,#e6dbed,5.04,4.07,4.98,5.23,3.84,4.93,5.23,3.84,mobile_p05,fail,pass,fail,
morgon,--prose-ink,#3a3450,--chip-bg on plate,--chip-bg over plate,False,0,#e3ddf4,#e6dbed,8.9,7.17,8.8,9.23,6.77,8.69,9.23,6.77,mobile_p05,pass,pass,fail,
morgon,--chip-ink,#5b3fc7,--chip-bg on plate,--chip-bg over plate,False,0,#e3ddf4,#e6dbed,5.34,4.3,5.27,5.53,4.06,5.21,5.53,4.06,mobile_p05,fail,pass,fail,yes
morgon,--pill-ink,#5b3fc7,--chip-bg on plate,--chip-bg over plate,False,0,#e3ddf4,#e6dbed,5.34,4.3,5.27,5.53,4.06,5.21,5.53,4.06,mobile_p05,fail,pass,fail,
morgon,--gold-chip-ink,#8f6a12,--chip-bg on plate,--chip-bg over plate,False,0,#e3ddf4,#e6dbed,3.75,3.03,3.71,3.89,2.86,3.67,3.89,2.86,mobile_p05,fail,fail,fail,
morgon,--coral-chip-ink,#c23a2b,--chip-bg on plate,--chip-bg over plate,False,0,#e3ddf4,#e6dbed,4.04,3.26,4.0,4.19,3.08,3.95,4.19,3.08,mobile_p05,fail,pass,fail,
morgon,--trait-ink,#5f5878,--chip-bg on plate,--chip-bg over plate,False,0,#e3ddf4,#e6dbed,5.04,4.07,4.98,5.23,3.84,4.93,5.23,3.84,mobile_p05,fail,pass,fail,
morgon,--trait-on-ink,#4a36a8,--chip-bg on plate,--chip-bg over plate,False,0,#e3ddf4,#e6dbed,6.67,5.38,6.59,6.92,5.08,6.52,6.92,5.08,mobile_p05,pass,pass,fail,
morgon,--choice-ink,#241f35,--chip-bg on plate,--chip-bg over plate,False,0,#e3ddf4,#e6dbed,12.03,9.7,11.89,12.47,9.15,11.75,12.47,9.15,mobile_p05,pass,pass,pass,
morgon,--ghost-ink,#241f35,--chip-bg on plate,--chip-bg over plate,False,0,#e3ddf4,#e6dbed,12.03,9.7,11.89,12.47,9.15,11.75,12.47,9.15,mobile_p05,pass,pass,pass,
morgon,--btn-ink,#ffffff,--chip-bg on plate,--chip-bg over plate,False,0,#e3ddf4,#e6dbed,1.32,1.64,1.34,1.27,1.73,1.35,1.27,1.27,desktop_p95,fail,fail,fail,
morgon,"footer Beta label (--foot-ink, opacity .8)",#5f5878 @0.80,--chip-bg on plate,--chip-bg over plate,False,0,#e3ddf4,#e6dbed,3.41,2.93,3.39,3.5,2.81,3.36,3.5,2.81,mobile_p05,fail,fail,fail,
morgon,"footer version (--card-sub, opacity .85)",#5f5878 @0.85,--chip-bg on plate,--chip-bg over plate,False,0,#e3ddf4,#e6dbed,3.75,3.17,3.72,3.86,3.03,3.69,3.86,3.03,mobile_p05,fail,pass,fail,
morgon,skip-link ink #241608,#241608,--chip-bg on plate,--chip-bg over plate,False,0,#e3ddf4,#e6dbed,13.33,10.74,13.17,13.82,10.14,13.02,13.82,10.14,mobile_p05,pass,pass,pass,
morgon,primitive --violet #6d4fe0,#6d4fe0,--chip-bg on plate,--chip-bg over plate,False,0,#e3ddf4,#e6dbed,4.14,3.33,4.09,4.29,3.15,4.04,4.29,3.15,mobile_p05,fail,pass,fail,
morgon,primitive --violet-soft #9b87f5,#9b87f5,--chip-bg on plate,--chip-bg over plate,False,0,#e3ddf4,#e6dbed,2.22,1.79,2.19,2.3,1.69,2.16,2.3,1.69,mobile_p05,fail,fail,fail,
morgon,primitive --gold #f2b22e,#f2b22e,--chip-bg on plate,--chip-bg over plate,False,0,#e3ddf4,#e6dbed,1.42,1.15,1.41,1.47,1.08,1.39,1.47,1.08,mobile_p05,fail,fail,fail,
morgon,primitive --coral #ff6154,#ff6154,--chip-bg on plate,--chip-bg over plate,False,0,#e3ddf4,#e6dbed,2.24,1.81,2.22,2.33,1.71,2.19,2.33,1.71,mobile_p05,fail,fail,fail,
morgon,--page-ink,#241f35,--chip-bg on --card,--chip-bg over --card over plate,False,24,#f0edfb,#f1edf9,13.79,13.25,13.76,13.84,13.15,13.73,13.81,13.15,mobile_p05,pass,pass,pass,
morgon,--page-sub,#5f5878,--chip-bg on --card,--chip-bg over --card over plate,False,24,#f0edfb,#f1edf9,5.78,5.56,5.77,5.8,5.51,5.76,5.79,5.51,mobile_p05,pass,pass,fail,
morgon,--micro-ink,#5f5878,--chip-bg on --card,--chip-bg over --card over plate,False,24,#f0edfb,#f1edf9,5.78,5.56,5.77,5.8,5.51,5.76,5.79,5.51,mobile_p05,pass,pass,fail,
morgon,--accent,#6d4fe0,--chip-bg on --card,--chip-bg over --card over plate,False,24,#f0edfb,#f1edf9,4.74,4.56,4.73,4.76,4.52,4.72,4.75,4.52,mobile_p05,pass,pass,fail,
morgon,--accent-ink,#5b3fc7,--chip-bg on --card,--chip-bg over --card over plate,False,24,#f0edfb,#f1edf9,6.12,5.88,6.11,6.14,5.83,6.09,6.13,5.83,mobile_p05,pass,pass,fail,
morgon,--logo-ink,#6d4fe0,--chip-bg on --card,--chip-bg over --card over plate,False,24,#f0edfb,#f1edf9,4.74,4.56,4.73,4.76,4.52,4.72,4.75,4.52,mobile_p05,pass,pass,fail,
morgon,--foot-ink,#5f5878,--chip-bg on --card,--chip-bg over --card over plate,False,24,#f0edfb,#f1edf9,5.78,5.56,5.77,5.8,5.51,5.76,5.79,5.51,mobile_p05,pass,pass,fail,
morgon,--card-ink,#241f35,--chip-bg on --card,--chip-bg over --card over plate,False,24,#f0edfb,#f1edf9,13.79,13.25,13.76,13.84,13.15,13.73,13.81,13.15,mobile_p05,pass,pass,pass,
morgon,--card-sub,#5f5878,--chip-bg on --card,--chip-bg over --card over plate,False,24,#f0edfb,#f1edf9,5.78,5.56,5.77,5.8,5.51,5.76,5.79,5.51,mobile_p05,pass,pass,fail,
morgon,--prose-ink,#3a3450,--chip-bg on --card,--chip-bg over --card over plate,False,24,#f0edfb,#f1edf9,10.2,9.81,10.18,10.24,9.73,10.16,10.22,9.73,mobile_p05,pass,pass,pass,
morgon,--chip-ink,#5b3fc7,--chip-bg on --card,--chip-bg over --card over plate,False,24,#f0edfb,#f1edf9,6.12,5.88,6.11,6.14,5.83,6.09,6.13,5.83,mobile_p05,pass,pass,fail,yes
morgon,--pill-ink,#5b3fc7,--chip-bg on --card,--chip-bg over --card over plate,False,24,#f0edfb,#f1edf9,6.12,5.88,6.11,6.14,5.83,6.09,6.13,5.83,mobile_p05,pass,pass,fail,
morgon,--gold-chip-ink,#8f6a12,--chip-bg on --card,--chip-bg over --card over plate,False,24,#f0edfb,#f1edf9,4.3,4.14,4.29,4.32,4.1,4.28,4.31,4.1,mobile_p05,fail,pass,fail,
morgon,--coral-chip-ink,#c23a2b,--chip-bg on --card,--chip-bg over --card over plate,False,24,#f0edfb,#f1edf9,4.64,4.46,4.63,4.65,4.42,4.61,4.64,4.42,mobile_p05,fail,pass,fail,
morgon,--trait-ink,#5f5878,--chip-bg on --card,--chip-bg over --card over plate,False,24,#f0edfb,#f1edf9,5.78,5.56,5.77,5.8,5.51,5.76,5.79,5.51,mobile_p05,pass,pass,fail,
morgon,--trait-on-ink,#4a36a8,--chip-bg on --card,--chip-bg over --card over plate,False,24,#f0edfb,#f1edf9,7.65,7.35,7.63,7.68,7.29,7.61,7.66,7.29,mobile_p05,pass,pass,pass,
morgon,--choice-ink,#241f35,--chip-bg on --card,--chip-bg over --card over plate,False,24,#f0edfb,#f1edf9,13.79,13.25,13.76,13.84,13.15,13.73,13.81,13.15,mobile_p05,pass,pass,pass,
morgon,--ghost-ink,#241f35,--chip-bg on --card,--chip-bg over --card over plate,False,24,#f0edfb,#f1edf9,13.79,13.25,13.76,13.84,13.15,13.73,13.81,13.15,mobile_p05,pass,pass,pass,
morgon,--btn-ink,#ffffff,--chip-bg on --card,--chip-bg over --card over plate,False,24,#f0edfb,#f1edf9,1.15,1.2,1.15,1.15,1.21,1.16,1.15,1.15,desktop_p95,fail,fail,fail,
morgon,"footer Beta label (--foot-ink, opacity .8)",#5f5878 @0.80,--chip-bg on --card,--chip-bg over --card over plate,False,24,#f0edfb,#f1edf9,3.75,3.65,3.75,3.76,3.63,3.74,3.76,3.63,mobile_p05,fail,pass,fail,
morgon,"footer version (--card-sub, opacity .85)",#5f5878 @0.85,--chip-bg on --card,--chip-bg over --card over plate,False,24,#f0edfb,#f1edf9,4.17,4.04,4.16,4.18,4.02,4.15,4.17,4.02,mobile_p05,fail,pass,fail,
morgon,skip-link ink #241608,#241608,--chip-bg on --card,--chip-bg over --card over plate,False,24,#f0edfb,#f1edf9,15.28,14.69,15.25,15.34,14.57,15.21,15.3,14.57,mobile_p05,pass,pass,pass,
morgon,primitive --violet #6d4fe0,#6d4fe0,--chip-bg on --card,--chip-bg over --card over plate,False,24,#f0edfb,#f1edf9,4.74,4.56,4.73,4.76,4.52,4.72,4.75,4.52,mobile_p05,pass,pass,fail,
morgon,primitive --violet-soft #9b87f5,#9b87f5,--chip-bg on --card,--chip-bg over --card over plate,False,24,#f0edfb,#f1edf9,2.54,2.44,2.54,2.55,2.42,2.53,2.54,2.42,mobile_p05,fail,fail,fail,
morgon,primitive --gold #f2b22e,#f2b22e,--chip-bg on --card,--chip-bg over --card over plate,False,24,#f0edfb,#f1edf9,1.63,1.57,1.63,1.64,1.56,1.62,1.63,1.56,mobile_p05,fail,fail,fail,
morgon,primitive --coral #ff6154,#ff6154,--chip-bg on --card,--chip-bg over --card over plate,False,24,#f0edfb,#f1edf9,2.57,2.47,2.57,2.58,2.45,2.56,2.58,2.45,mobile_p05,fail,fail,fail,
morgon,--page-ink,#241f35,--pill-bg on --card,--pill-bg over --card over plate,False,24,#ede9fa,#eee9f9,13.34,12.83,13.32,13.39,12.74,13.29,13.36,12.74,mobile_p05,pass,pass,pass,
morgon,--page-sub,#5f5878,--pill-bg on --card,--pill-bg over --card over plate,False,24,#ede9fa,#eee9f9,5.6,5.38,5.59,5.62,5.34,5.57,5.6,5.34,mobile_p05,pass,pass,fail,
morgon,--micro-ink,#5f5878,--pill-bg on --card,--pill-bg over --card over plate,False,24,#ede9fa,#eee9f9,5.6,5.38,5.59,5.62,5.34,5.57,5.6,5.34,mobile_p05,pass,pass,fail,
morgon,--accent,#6d4fe0,--pill-bg on --card,--pill-bg over --card over plate,False,24,#ede9fa,#eee9f9,4.59,4.41,4.58,4.61,4.38,4.57,4.6,4.38,mobile_p05,fail,pass,fail,
morgon,--accent-ink,#5b3fc7,--pill-bg on --card,--pill-bg over --card over plate,False,24,#ede9fa,#eee9f9,5.92,5.69,5.91,5.94,5.65,5.9,5.93,5.65,mobile_p05,pass,pass,fail,
morgon,--logo-ink,#6d4fe0,--pill-bg on --card,--pill-bg over --card over plate,False,24,#ede9fa,#eee9f9,4.59,4.41,4.58,4.61,4.38,4.57,4.6,4.38,mobile_p05,fail,pass,fail,
morgon,--foot-ink,#5f5878,--pill-bg on --card,--pill-bg over --card over plate,False,24,#ede9fa,#eee9f9,5.6,5.38,5.59,5.62,5.34,5.57,5.6,5.34,mobile_p05,pass,pass,fail,
morgon,--card-ink,#241f35,--pill-bg on --card,--pill-bg over --card over plate,False,24,#ede9fa,#eee9f9,13.34,12.83,13.32,13.39,12.74,13.29,13.36,12.74,mobile_p05,pass,pass,pass,
morgon,--card-sub,#5f5878,--pill-bg on --card,--pill-bg over --card over plate,False,24,#ede9fa,#eee9f9,5.6,5.38,5.59,5.62,5.34,5.57,5.6,5.34,mobile_p05,pass,pass,fail,
morgon,--prose-ink,#3a3450,--pill-bg on --card,--pill-bg over --card over plate,False,24,#ede9fa,#eee9f9,9.88,9.5,9.86,9.91,9.42,9.83,9.89,9.42,mobile_p05,pass,pass,pass,
morgon,--chip-ink,#5b3fc7,--pill-bg on --card,--pill-bg over --card over plate,False,24,#ede9fa,#eee9f9,5.92,5.69,5.91,5.94,5.65,5.9,5.93,5.65,mobile_p05,pass,pass,fail,
morgon,--pill-ink,#5b3fc7,--pill-bg on --card,--pill-bg over --card over plate,False,24,#ede9fa,#eee9f9,5.92,5.69,5.91,5.94,5.65,5.9,5.93,5.65,mobile_p05,pass,pass,fail,yes
morgon,--gold-chip-ink,#8f6a12,--pill-bg on --card,--pill-bg over --card over plate,False,24,#ede9fa,#eee9f9,4.16,4.0,4.16,4.18,3.97,4.15,4.17,3.97,mobile_p05,fail,pass,fail,
morgon,--coral-chip-ink,#c23a2b,--pill-bg on --card,--pill-bg over --card over plate,False,24,#ede9fa,#eee9f9,4.49,4.31,4.48,4.5,4.28,4.47,4.49,4.28,mobile_p05,fail,pass,fail,
morgon,--trait-ink,#5f5878,--pill-bg on --card,--pill-bg over --card over plate,False,24,#ede9fa,#eee9f9,5.6,5.38,5.59,5.62,5.34,5.57,5.6,5.34,mobile_p05,pass,pass,fail,
morgon,--trait-on-ink,#4a36a8,--pill-bg on --card,--pill-bg over --card over plate,False,24,#ede9fa,#eee9f9,7.4,7.12,7.39,7.43,7.06,7.37,7.41,7.06,mobile_p05,pass,pass,pass,
morgon,--choice-ink,#241f35,--pill-bg on --card,--pill-bg over --card over plate,False,24,#ede9fa,#eee9f9,13.34,12.83,13.32,13.39,12.74,13.29,13.36,12.74,mobile_p05,pass,pass,pass,
morgon,--ghost-ink,#241f35,--pill-bg on --card,--pill-bg over --card over plate,False,24,#ede9fa,#eee9f9,13.34,12.83,13.32,13.39,12.74,13.29,13.36,12.74,mobile_p05,pass,pass,pass,
morgon,--btn-ink,#ffffff,--pill-bg on --card,--pill-bg over --card over plate,False,24,#ede9fa,#eee9f9,1.19,1.24,1.19,1.19,1.25,1.2,1.19,1.19,desktop_p95,fail,fail,fail,
morgon,"footer Beta label (--foot-ink, opacity .8)",#5f5878 @0.80,--pill-bg on --card,--pill-bg over --card over plate,False,24,#ede9fa,#eee9f9,3.67,3.57,3.67,3.68,3.55,3.66,3.67,3.55,mobile_p05,fail,pass,fail,
morgon,"footer version (--card-sub, opacity .85)",#5f5878 @0.85,--pill-bg on --card,--pill-bg over --card over plate,False,24,#ede9fa,#eee9f9,4.06,3.94,4.06,4.08,3.92,4.05,4.07,3.92,mobile_p05,fail,pass,fail,
morgon,skip-link ink #241608,#241608,--pill-bg on --card,--pill-bg over --card over plate,False,24,#ede9fa,#eee9f9,14.79,14.22,14.76,14.84,14.11,14.72,14.81,14.11,mobile_p05,pass,pass,pass,
morgon,primitive --violet #6d4fe0,#6d4fe0,--pill-bg on --card,--pill-bg over --card over plate,False,24,#ede9fa,#eee9f9,4.59,4.41,4.58,4.61,4.38,4.57,4.6,4.38,mobile_p05,fail,pass,fail,
morgon,primitive --violet-soft #9b87f5,#9b87f5,--pill-bg on --card,--pill-bg over --card over plate,False,24,#ede9fa,#eee9f9,2.46,2.36,2.45,2.47,2.35,2.45,2.46,2.35,mobile_p05,fail,fail,fail,
morgon,primitive --gold #f2b22e,#f2b22e,--pill-bg on --card,--pill-bg over --card over plate,False,24,#ede9fa,#eee9f9,1.58,1.52,1.58,1.58,1.51,1.57,1.58,1.51,mobile_p05,fail,fail,fail,
morgon,primitive --coral #ff6154,#ff6154,--pill-bg on --card,--pill-bg over --card over plate,False,24,#ede9fa,#eee9f9,2.49,2.39,2.48,2.5,2.38,2.48,2.49,2.38,mobile_p05,fail,fail,fail,
morgon,--page-ink,#241f35,--ghost-bg (blur 14px) on plate,--ghost-bg over plate,False,14,#faf9fc,#fbf8fa,15.13,14.36,15.09,15.24,14.14,15.03,15.19,14.14,mobile_p05,pass,pass,pass,
morgon,--page-sub,#5f5878,--ghost-bg (blur 14px) on plate,--ghost-bg over plate,False,14,#faf9fc,#fbf8fa,6.35,6.02,6.33,6.39,5.93,6.3,6.37,5.93,mobile_p05,pass,pass,fail,
morgon,--micro-ink,#5f5878,--ghost-bg (blur 14px) on plate,--ghost-bg over plate,False,14,#faf9fc,#fbf8fa,6.35,6.02,6.33,6.39,5.93,6.3,6.37,5.93,mobile_p05,pass,pass,fail,
morgon,--accent,#6d4fe0,--ghost-bg (blur 14px) on plate,--ghost-bg over plate,False,14,#faf9fc,#fbf8fa,5.2,4.94,5.19,5.24,4.86,5.17,5.23,4.86,mobile_p05,pass,pass,fail,
morgon,--accent-ink,#5b3fc7,--ghost-bg (blur 14px) on plate,--ghost-bg over plate,False,14,#faf9fc,#fbf8fa,6.71,6.37,6.7,6.76,6.27,6.67,6.74,6.27,mobile_p05,pass,pass,fail,
morgon,--logo-ink,#6d4fe0,--ghost-bg (blur 14px) on plate,--ghost-bg over plate,False,14,#faf9fc,#fbf8fa,5.2,4.94,5.19,5.24,4.86,5.17,5.23,4.86,mobile_p05,pass,pass,fail,
morgon,--foot-ink,#5f5878,--ghost-bg (blur 14px) on plate,--ghost-bg over plate,False,14,#faf9fc,#fbf8fa,6.35,6.02,6.33,6.39,5.93,6.3,6.37,5.93,mobile_p05,pass,pass,fail,
morgon,--card-ink,#241f35,--ghost-bg (blur 14px) on plate,--ghost-bg over plate,False,14,#faf9fc,#fbf8fa,15.13,14.36,15.09,15.24,14.14,15.03,15.19,14.14,mobile_p05,pass,pass,pass,
morgon,--card-sub,#5f5878,--ghost-bg (blur 14px) on plate,--ghost-bg over plate,False,14,#faf9fc,#fbf8fa,6.35,6.02,6.33,6.39,5.93,6.3,6.37,5.93,mobile_p05,pass,pass,fail,
morgon,--prose-ink,#3a3450,--ghost-bg (blur 14px) on plate,--ghost-bg over plate,False,14,#faf9fc,#fbf8fa,11.2,10.62,11.17,11.28,10.47,11.12,11.24,10.47,mobile_p05,pass,pass,pass,
morgon,--chip-ink,#5b3fc7,--ghost-bg (blur 14px) on plate,--ghost-bg over plate,False,14,#faf9fc,#fbf8fa,6.71,6.37,6.7,6.76,6.27,6.67,6.74,6.27,mobile_p05,pass,pass,fail,
morgon,--pill-ink,#5b3fc7,--ghost-bg (blur 14px) on plate,--ghost-bg over plate,False,14,#faf9fc,#fbf8fa,6.71,6.37,6.7,6.76,6.27,6.67,6.74,6.27,mobile_p05,pass,pass,fail,
morgon,--gold-chip-ink,#8f6a12,--ghost-bg (blur 14px) on plate,--ghost-bg over plate,False,14,#faf9fc,#fbf8fa,4.72,4.48,4.71,4.76,4.41,4.69,4.74,4.41,mobile_p05,fail,pass,fail,
morgon,--coral-chip-ink,#c23a2b,--ghost-bg (blur 14px) on plate,--ghost-bg over plate,False,14,#faf9fc,#fbf8fa,5.09,4.83,5.07,5.12,4.75,5.05,5.11,4.75,mobile_p05,pass,pass,fail,
morgon,--trait-ink,#5f5878,--ghost-bg (blur 14px) on plate,--ghost-bg over plate,False,14,#faf9fc,#fbf8fa,6.35,6.02,6.33,6.39,5.93,6.3,6.37,5.93,mobile_p05,pass,pass,fail,
morgon,--trait-on-ink,#4a36a8,--ghost-bg (blur 14px) on plate,--ghost-bg over plate,False,14,#faf9fc,#fbf8fa,8.39,7.96,8.37,8.45,7.84,8.34,8.43,7.84,mobile_p05,pass,pass,pass,
morgon,--choice-ink,#241f35,--ghost-bg (blur 14px) on plate,--ghost-bg over plate,False,14,#faf9fc,#fbf8fa,15.13,14.36,15.09,15.24,14.14,15.03,15.19,14.14,mobile_p05,pass,pass,pass,
morgon,--ghost-ink,#241f35,--ghost-bg (blur 14px) on plate,--ghost-bg over plate,False,14,#faf9fc,#fbf8fa,15.13,14.36,15.09,15.24,14.14,15.03,15.19,14.14,mobile_p05,pass,pass,pass,yes
morgon,--btn-ink,#ffffff,--ghost-bg (blur 14px) on plate,--ghost-bg over plate,False,14,#faf9fc,#fbf8fa,1.05,1.11,1.05,1.04,1.12,1.06,1.05,1.04,desktop_p95,fail,fail,fail,
morgon,"footer Beta label (--foot-ink, opacity .8)",#5f5878 @0.80,--ghost-bg (blur 14px) on plate,--ghost-bg over plate,False,14,#faf9fc,#fbf8fa,4.0,3.86,3.99,4.02,3.82,3.98,4.01,3.82,mobile_p05,fail,pass,fail,
morgon,"footer version (--card-sub, opacity .85)",#5f5878 @0.85,--ghost-bg (blur 14px) on plate,--ghost-bg over plate,False,14,#faf9fc,#fbf8fa,4.47,4.3,4.46,4.5,4.25,4.45,4.49,4.25,mobile_p05,fail,pass,fail,
morgon,skip-link ink #241608,#241608,--ghost-bg (blur 14px) on plate,--ghost-bg over plate,False,14,#faf9fc,#fbf8fa,16.77,15.91,16.72,16.89,15.67,16.65,16.84,15.67,mobile_p05,pass,pass,pass,
morgon,primitive --violet #6d4fe0,#6d4fe0,--ghost-bg (blur 14px) on plate,--ghost-bg over plate,False,14,#faf9fc,#fbf8fa,5.2,4.94,5.19,5.24,4.86,5.17,5.23,4.86,mobile_p05,pass,pass,fail,
morgon,primitive --violet-soft #9b87f5,#9b87f5,--ghost-bg (blur 14px) on plate,--ghost-bg over plate,False,14,#faf9fc,#fbf8fa,2.79,2.64,2.78,2.81,2.61,2.77,2.8,2.61,mobile_p05,fail,fail,fail,
morgon,primitive --gold #f2b22e,#f2b22e,--ghost-bg (blur 14px) on plate,--ghost-bg over plate,False,14,#faf9fc,#fbf8fa,1.79,1.7,1.78,1.8,1.67,1.78,1.8,1.67,mobile_p05,fail,fail,fail,
morgon,primitive --coral #ff6154,#ff6154,--ghost-bg (blur 14px) on plate,--ghost-bg over plate,False,14,#faf9fc,#fbf8fa,2.82,2.68,2.81,2.84,2.64,2.8,2.83,2.64,mobile_p05,fail,fail,fail,
morgon,--page-ink,#241f35,--choice-bg on --card,--choice-bg over --card over plate,False,24,#ffffff,#ffffff,15.88,15.88,15.88,15.88,15.88,15.88,15.88,15.88,body,pass,pass,pass,
morgon,--page-sub,#5f5878,--choice-bg on --card,--choice-bg over --card over plate,False,24,#ffffff,#ffffff,6.66,6.66,6.66,6.66,6.66,6.66,6.66,6.66,body,pass,pass,fail,
morgon,--micro-ink,#5f5878,--choice-bg on --card,--choice-bg over --card over plate,False,24,#ffffff,#ffffff,6.66,6.66,6.66,6.66,6.66,6.66,6.66,6.66,body,pass,pass,fail,
morgon,--accent,#6d4fe0,--choice-bg on --card,--choice-bg over --card over plate,False,24,#ffffff,#ffffff,5.46,5.46,5.46,5.46,5.46,5.46,5.46,5.46,body,pass,pass,fail,
morgon,--accent-ink,#5b3fc7,--choice-bg on --card,--choice-bg over --card over plate,False,24,#ffffff,#ffffff,7.05,7.05,7.05,7.05,7.05,7.05,7.05,7.05,body,pass,pass,pass,
morgon,--logo-ink,#6d4fe0,--choice-bg on --card,--choice-bg over --card over plate,False,24,#ffffff,#ffffff,5.46,5.46,5.46,5.46,5.46,5.46,5.46,5.46,body,pass,pass,fail,
morgon,--foot-ink,#5f5878,--choice-bg on --card,--choice-bg over --card over plate,False,24,#ffffff,#ffffff,6.66,6.66,6.66,6.66,6.66,6.66,6.66,6.66,body,pass,pass,fail,
morgon,--card-ink,#241f35,--choice-bg on --card,--choice-bg over --card over plate,False,24,#ffffff,#ffffff,15.88,15.88,15.88,15.88,15.88,15.88,15.88,15.88,body,pass,pass,pass,
morgon,--card-sub,#5f5878,--choice-bg on --card,--choice-bg over --card over plate,False,24,#ffffff,#ffffff,6.66,6.66,6.66,6.66,6.66,6.66,6.66,6.66,body,pass,pass,fail,
morgon,--prose-ink,#3a3450,--choice-bg on --card,--choice-bg over --card over plate,False,24,#ffffff,#ffffff,11.75,11.75,11.75,11.75,11.75,11.75,11.75,11.75,body,pass,pass,pass,
morgon,--chip-ink,#5b3fc7,--choice-bg on --card,--choice-bg over --card over plate,False,24,#ffffff,#ffffff,7.05,7.05,7.05,7.05,7.05,7.05,7.05,7.05,body,pass,pass,pass,
morgon,--pill-ink,#5b3fc7,--choice-bg on --card,--choice-bg over --card over plate,False,24,#ffffff,#ffffff,7.05,7.05,7.05,7.05,7.05,7.05,7.05,7.05,body,pass,pass,pass,
morgon,--gold-chip-ink,#8f6a12,--choice-bg on --card,--choice-bg over --card over plate,False,24,#ffffff,#ffffff,4.95,4.95,4.95,4.95,4.95,4.95,4.95,4.95,body,pass,pass,fail,
morgon,--coral-chip-ink,#c23a2b,--choice-bg on --card,--choice-bg over --card over plate,False,24,#ffffff,#ffffff,5.34,5.34,5.34,5.34,5.34,5.34,5.34,5.34,body,pass,pass,fail,
morgon,--trait-ink,#5f5878,--choice-bg on --card,--choice-bg over --card over plate,False,24,#ffffff,#ffffff,6.66,6.66,6.66,6.66,6.66,6.66,6.66,6.66,body,pass,pass,fail,
morgon,--trait-on-ink,#4a36a8,--choice-bg on --card,--choice-bg over --card over plate,False,24,#ffffff,#ffffff,8.81,8.81,8.81,8.81,8.81,8.81,8.81,8.81,body,pass,pass,pass,
morgon,--choice-ink,#241f35,--choice-bg on --card,--choice-bg over --card over plate,False,24,#ffffff,#ffffff,15.88,15.88,15.88,15.88,15.88,15.88,15.88,15.88,body,pass,pass,pass,yes
morgon,--ghost-ink,#241f35,--choice-bg on --card,--choice-bg over --card over plate,False,24,#ffffff,#ffffff,15.88,15.88,15.88,15.88,15.88,15.88,15.88,15.88,body,pass,pass,pass,
morgon,--btn-ink,#ffffff,--choice-bg on --card,--choice-bg over --card over plate,False,24,#ffffff,#ffffff,1.0,1.0,1.0,1.0,1.0,1.0,1.0,1.0,body,fail,fail,fail,
morgon,"footer Beta label (--foot-ink, opacity .8)",#5f5878 @0.80,--choice-bg on --card,--choice-bg over --card over plate,False,24,#ffffff,#ffffff,4.14,4.14,4.14,4.14,4.14,4.14,4.14,4.14,body,fail,pass,fail,
morgon,"footer version (--card-sub, opacity .85)",#5f5878 @0.85,--choice-bg on --card,--choice-bg over --card over plate,False,24,#ffffff,#ffffff,4.64,4.64,4.64,4.64,4.64,4.64,4.64,4.64,body,pass,pass,fail,
morgon,skip-link ink #241608,#241608,--choice-bg on --card,--choice-bg over --card over plate,False,24,#ffffff,#ffffff,17.6,17.6,17.6,17.6,17.6,17.6,17.6,17.6,body,pass,pass,pass,
morgon,primitive --violet #6d4fe0,#6d4fe0,--choice-bg on --card,--choice-bg over --card over plate,False,24,#ffffff,#ffffff,5.46,5.46,5.46,5.46,5.46,5.46,5.46,5.46,body,pass,pass,fail,
morgon,primitive --violet-soft #9b87f5,#9b87f5,--choice-bg on --card,--choice-bg over --card over plate,False,24,#ffffff,#ffffff,2.93,2.93,2.93,2.93,2.93,2.93,2.93,2.93,body,fail,fail,fail,
morgon,primitive --gold #f2b22e,#f2b22e,--choice-bg on --card,--choice-bg over --card over plate,False,24,#ffffff,#ffffff,1.88,1.88,1.88,1.88,1.88,1.88,1.88,1.88,body,fail,fail,fail,
morgon,primitive --coral #ff6154,#ff6154,--choice-bg on --card,--choice-bg over --card over plate,False,24,#ffffff,#ffffff,2.96,2.96,2.96,2.96,2.96,2.96,2.96,2.96,body,fail,fail,fail,
morgon,--page-ink,#241f35,--gold-chip-bg on --card,--gold-chip-bg over --card over plate,False,24,#faf0de,#fbefdd,14.04,13.54,14.01,14.09,13.44,13.98,14.06,13.44,mobile_p05,pass,pass,pass,
morgon,--page-sub,#5f5878,--gold-chip-bg on --card,--gold-chip-bg over --card over plate,False,24,#faf0de,#fbefdd,5.89,5.68,5.88,5.91,5.64,5.86,5.9,5.64,mobile_p05,pass,pass,fail,
morgon,--micro-ink,#5f5878,--gold-chip-bg on --card,--gold-chip-bg over --card over plate,False,24,#faf0de,#fbefdd,5.89,5.68,5.88,5.91,5.64,5.86,5.9,5.64,mobile_p05,pass,pass,fail,
morgon,--accent,#6d4fe0,--gold-chip-bg on --card,--gold-chip-bg over --card over plate,False,24,#faf0de,#fbefdd,4.83,4.66,4.82,4.85,4.62,4.81,4.84,4.62,mobile_p05,pass,pass,fail,
morgon,--accent-ink,#5b3fc7,--gold-chip-bg on --card,--gold-chip-bg over --card over plate,False,24,#faf0de,#fbefdd,6.23,6.01,6.22,6.25,5.96,6.2,6.24,5.96,mobile_p05,pass,pass,fail,
morgon,--logo-ink,#6d4fe0,--gold-chip-bg on --card,--gold-chip-bg over --card over plate,False,24,#faf0de,#fbefdd,4.83,4.66,4.82,4.85,4.62,4.81,4.84,4.62,mobile_p05,pass,pass,fail,
morgon,--foot-ink,#5f5878,--gold-chip-bg on --card,--gold-chip-bg over --card over plate,False,24,#faf0de,#fbefdd,5.89,5.68,5.88,5.91,5.64,5.86,5.9,5.64,mobile_p05,pass,pass,fail,
morgon,--card-ink,#241f35,--gold-chip-bg on --card,--gold-chip-bg over --card over plate,False,24,#faf0de,#fbefdd,14.04,13.54,14.01,14.09,13.44,13.98,14.06,13.44,mobile_p05,pass,pass,pass,
morgon,--card-sub,#5f5878,--gold-chip-bg on --card,--gold-chip-bg over --card over plate,False,24,#faf0de,#fbefdd,5.89,5.68,5.88,5.91,5.64,5.86,5.9,5.64,mobile_p05,pass,pass,fail,
morgon,--prose-ink,#3a3450,--gold-chip-bg on --card,--gold-chip-bg over --card over plate,False,24,#faf0de,#fbefdd,10.39,10.02,10.37,10.43,9.95,10.35,10.41,9.95,mobile_p05,pass,pass,pass,
morgon,--chip-ink,#5b3fc7,--gold-chip-bg on --card,--gold-chip-bg over --card over plate,False,24,#faf0de,#fbefdd,6.23,6.01,6.22,6.25,5.96,6.2,6.24,5.96,mobile_p05,pass,pass,fail,
morgon,--pill-ink,#5b3fc7,--gold-chip-bg on --card,--gold-chip-bg over --card over plate,False,24,#faf0de,#fbefdd,6.23,6.01,6.22,6.25,5.96,6.2,6.24,5.96,mobile_p05,pass,pass,fail,
morgon,--gold-chip-ink,#8f6a12,--gold-chip-bg on --card,--gold-chip-bg over --card over plate,False,24,#faf0de,#fbefdd,4.38,4.23,4.37,4.4,4.19,4.36,4.39,4.19,mobile_p05,fail,pass,fail,yes
morgon,--coral-chip-ink,#c23a2b,--gold-chip-bg on --card,--gold-chip-bg over --card over plate,False,24,#faf0de,#fbefdd,4.72,4.55,4.71,4.74,4.52,4.7,4.73,4.52,mobile_p05,pass,pass,fail,
morgon,--trait-ink,#5f5878,--gold-chip-bg on --card,--gold-chip-bg over --card over plate,False,24,#faf0de,#fbefdd,5.89,5.68,5.88,5.91,5.64,5.86,5.9,5.64,mobile_p05,pass,pass,fail,
morgon,--trait-on-ink,#4a36a8,--gold-chip-bg on --card,--gold-chip-bg over --card over plate,False,24,#faf0de,#fbefdd,7.78,7.51,7.77,7.81,7.46,7.76,7.8,7.46,mobile_p05,pass,pass,pass,
morgon,--choice-ink,#241f35,--gold-chip-bg on --card,--gold-chip-bg over --card over plate,False,24,#faf0de,#fbefdd,14.04,13.54,14.01,14.09,13.44,13.98,14.06,13.44,mobile_p05,pass,pass,pass,
morgon,--ghost-ink,#241f35,--gold-chip-bg on --card,--gold-chip-bg over --card over plate,False,24,#faf0de,#fbefdd,14.04,13.54,14.01,14.09,13.44,13.98,14.06,13.44,mobile_p05,pass,pass,pass,
morgon,--btn-ink,#ffffff,--gold-chip-bg on --card,--gold-chip-bg over --card over plate,False,24,#faf0de,#fbefdd,1.13,1.17,1.13,1.13,1.18,1.14,1.13,1.13,desktop_p95,fail,fail,fail,
morgon,"footer Beta label (--foot-ink, opacity .8)",#5f5878 @0.80,--gold-chip-bg on --card,--gold-chip-bg over --card over plate,False,24,#faf0de,#fbefdd,3.81,3.71,3.8,3.82,3.69,3.8,3.81,3.69,mobile_p05,fail,pass,fail,
morgon,"footer version (--card-sub, opacity .85)",#5f5878 @0.85,--gold-chip-bg on --card,--gold-chip-bg over --card over plate,False,24,#faf0de,#fbefdd,4.23,4.12,4.22,4.24,4.09,4.22,4.24,4.09,mobile_p05,fail,pass,fail,
morgon,skip-link ink #241608,#241608,--gold-chip-bg on --card,--gold-chip-bg over --card over plate,False,24,#faf0de,#fbefdd,15.55,15.01,15.53,15.61,14.9,15.5,15.58,14.9,mobile_p05,pass,pass,pass,
morgon,primitive --violet #6d4fe0,#6d4fe0,--gold-chip-bg on --card,--gold-chip-bg over --card over plate,False,24,#faf0de,#fbefdd,4.83,4.66,4.82,4.85,4.62,4.81,4.84,4.62,mobile_p05,pass,pass,fail,
morgon,primitive --violet-soft #9b87f5,#9b87f5,--gold-chip-bg on --card,--gold-chip-bg over --card over plate,False,24,#faf0de,#fbefdd,2.59,2.49,2.58,2.6,2.48,2.58,2.59,2.48,mobile_p05,fail,fail,fail,
morgon,primitive --gold #f2b22e,#f2b22e,--gold-chip-bg on --card,--gold-chip-bg over --card over plate,False,24,#faf0de,#fbefdd,1.66,1.6,1.66,1.67,1.59,1.65,1.66,1.59,mobile_p05,fail,fail,fail,
morgon,primitive --coral #ff6154,#ff6154,--gold-chip-bg on --card,--gold-chip-bg over --card over plate,False,24,#faf0de,#fbefdd,2.62,2.53,2.61,2.63,2.51,2.61,2.62,2.51,mobile_p05,fail,fail,fail,
morgon,--page-ink,#241f35,--gold-chip-bg on plate,--gold-chip-bg over plate,False,0,#eee1d8,#f0dfd1,12.38,10.19,12.25,12.81,9.67,12.13,12.82,9.67,mobile_p05,pass,pass,pass,
morgon,--page-sub,#5f5878,--gold-chip-bg on plate,--gold-chip-bg over plate,False,0,#eee1d8,#f0dfd1,5.19,4.27,5.14,5.37,4.06,5.09,5.38,4.06,mobile_p05,fail,pass,fail,
morgon,--micro-ink,#5f5878,--gold-chip-bg on plate,--gold-chip-bg over plate,False,0,#eee1d8,#f0dfd1,5.19,4.27,5.14,5.37,4.06,5.09,5.38,4.06,mobile_p05,fail,pass,fail,
morgon,--accent,#6d4fe0,--gold-chip-bg on plate,--gold-chip-bg over plate,False,0,#eee1d8,#f0dfd1,4.26,3.51,4.21,4.41,3.33,4.17,4.41,3.33,mobile_p05,fail,pass,fail,
morgon,--accent-ink,#5b3fc7,--gold-chip-bg on plate,--gold-chip-bg over plate,False,0,#eee1d8,#f0dfd1,5.49,4.52,5.44,5.68,4.29,5.38,5.69,4.29,mobile_p05,fail,pass,fail,
morgon,--logo-ink,#6d4fe0,--gold-chip-bg on plate,--gold-chip-bg over plate,False,0,#eee1d8,#f0dfd1,4.26,3.51,4.21,4.41,3.33,4.17,4.41,3.33,mobile_p05,fail,pass,fail,
morgon,--foot-ink,#5f5878,--gold-chip-bg on plate,--gold-chip-bg over plate,False,0,#eee1d8,#f0dfd1,5.19,4.27,5.14,5.37,4.06,5.09,5.38,4.06,mobile_p05,fail,pass,fail,
morgon,--card-ink,#241f35,--gold-chip-bg on plate,--gold-chip-bg over plate,False,0,#eee1d8,#f0dfd1,12.38,10.19,12.25,12.81,9.67,12.13,12.82,9.67,mobile_p05,pass,pass,pass,
morgon,--card-sub,#5f5878,--gold-chip-bg on plate,--gold-chip-bg over plate,False,0,#eee1d8,#f0dfd1,5.19,4.27,5.14,5.37,4.06,5.09,5.38,4.06,mobile_p05,fail,pass,fail,
morgon,--prose-ink,#3a3450,--gold-chip-bg on plate,--gold-chip-bg over plate,False,0,#eee1d8,#f0dfd1,9.16,7.54,9.07,9.48,7.16,8.98,9.49,7.16,mobile_p05,pass,pass,pass,
morgon,--chip-ink,#5b3fc7,--gold-chip-bg on plate,--gold-chip-bg over plate,False,0,#eee1d8,#f0dfd1,5.49,4.52,5.44,5.68,4.29,5.38,5.69,4.29,mobile_p05,fail,pass,fail,
morgon,--pill-ink,#5b3fc7,--gold-chip-bg on plate,--gold-chip-bg over plate,False,0,#eee1d8,#f0dfd1,5.49,4.52,5.44,5.68,4.29,5.38,5.69,4.29,mobile_p05,fail,pass,fail,
morgon,--gold-chip-ink,#8f6a12,--gold-chip-bg on plate,--gold-chip-bg over plate,False,0,#eee1d8,#f0dfd1,3.86,3.18,3.82,4.0,3.02,3.78,4.0,3.02,mobile_p05,fail,pass,fail,yes
morgon,--coral-chip-ink,#c23a2b,--gold-chip-bg on plate,--gold-chip-bg over plate,False,0,#eee1d8,#f0dfd1,4.16,3.43,4.12,4.31,3.25,4.08,4.31,3.25,mobile_p05,fail,pass,fail,
morgon,--trait-ink,#5f5878,--gold-chip-bg on plate,--gold-chip-bg over plate,False,0,#eee1d8,#f0dfd1,5.19,4.27,5.14,5.37,4.06,5.09,5.38,4.06,mobile_p05,fail,pass,fail,
morgon,--trait-on-ink,#4a36a8,--gold-chip-bg on plate,--gold-chip-bg over plate,False,0,#eee1d8,#f0dfd1,6.87,5.65,6.8,7.11,5.36,6.73,7.11,5.36,mobile_p05,pass,pass,fail,
morgon,--choice-ink,#241f35,--gold-chip-bg on plate,--gold-chip-bg over plate,False,0,#eee1d8,#f0dfd1,12.38,10.19,12.25,12.81,9.67,12.13,12.82,9.67,mobile_p05,pass,pass,pass,
morgon,--ghost-ink,#241f35,--gold-chip-bg on plate,--gold-chip-bg over plate,False,0,#eee1d8,#f0dfd1,12.38,10.19,12.25,12.81,9.67,12.13,12.82,9.67,mobile_p05,pass,pass,pass,
morgon,--btn-ink,#ffffff,--gold-chip-bg on plate,--gold-chip-bg over plate,False,0,#eee1d8,#f0dfd1,1.28,1.56,1.3,1.24,1.64,1.31,1.24,1.24,mobile_p95,fail,fail,fail,
morgon,"footer Beta label (--foot-ink, opacity .8)",#5f5878 @0.80,--gold-chip-bg on plate,--gold-chip-bg over plate,False,0,#eee1d8,#f0dfd1,3.49,3.04,3.46,3.57,2.93,3.44,3.58,2.93,mobile_p05,fail,fail,fail,
morgon,"footer version (--card-sub, opacity .85)",#5f5878 @0.85,--gold-chip-bg on plate,--gold-chip-bg over plate,False,0,#eee1d8,#f0dfd1,3.84,3.31,3.81,3.95,3.17,3.78,3.95,3.17,mobile_p05,fail,pass,fail,
morgon,skip-link ink #241608,#241608,--gold-chip-bg on plate,--gold-chip-bg over plate,False,0,#eee1d8,#f0dfd1,13.72,11.3,13.58,14.2,10.72,13.44,14.21,10.72,mobile_p05,pass,pass,pass,
morgon,primitive --violet #6d4fe0,#6d4fe0,--gold-chip-bg on plate,--gold-chip-bg over plate,False,0,#eee1d8,#f0dfd1,4.26,3.51,4.21,4.41,3.33,4.17,4.41,3.33,mobile_p05,fail,pass,fail,
morgon,primitive --violet-soft #9b87f5,#9b87f5,--gold-chip-bg on plate,--gold-chip-bg over plate,False,0,#eee1d8,#f0dfd1,2.28,1.88,2.26,2.36,1.78,2.23,2.36,1.78,mobile_p05,fail,fail,fail,
morgon,primitive --gold #f2b22e,#f2b22e,--gold-chip-bg on plate,--gold-chip-bg over plate,False,0,#eee1d8,#f0dfd1,1.46,1.21,1.45,1.51,1.14,1.43,1.52,1.14,mobile_p05,fail,fail,fail,
morgon,primitive --coral #ff6154,#ff6154,--gold-chip-bg on plate,--gold-chip-bg over plate,False,0,#eee1d8,#f0dfd1,2.31,1.9,2.29,2.39,1.8,2.26,2.39,1.8,mobile_p05,fail,fail,fail,
morgon,--page-ink,#241f35,--coral-chip-bg on --card,--coral-chip-bg over --card over plate,False,24,#fce8e9,#fde8e7,13.49,13.0,13.47,13.54,12.9,13.44,13.52,12.9,mobile_p05,pass,pass,pass,
morgon,--page-sub,#5f5878,--coral-chip-bg on --card,--coral-chip-bg over --card over plate,False,24,#fce8e9,#fde8e7,5.66,5.45,5.65,5.68,5.41,5.63,5.67,5.41,mobile_p05,pass,pass,fail,
morgon,--micro-ink,#5f5878,--coral-chip-bg on --card,--coral-chip-bg over --card over plate,False,24,#fce8e9,#fde8e7,5.66,5.45,5.65,5.68,5.41,5.63,5.67,5.41,mobile_p05,pass,pass,fail,
morgon,--accent,#6d4fe0,--coral-chip-bg on --card,--coral-chip-bg over --card over plate,False,24,#fce8e9,#fde8e7,4.64,4.47,4.63,4.66,4.44,4.62,4.65,4.44,mobile_p05,fail,pass,fail,
morgon,--accent-ink,#5b3fc7,--coral-chip-bg on --card,--coral-chip-bg over --card over plate,False,24,#fce8e9,#fde8e7,5.99,5.77,5.98,6.01,5.72,5.96,6.0,5.72,mobile_p05,pass,pass,fail,
morgon,--logo-ink,#6d4fe0,--coral-chip-bg on --card,--coral-chip-bg over --card over plate,False,24,#fce8e9,#fde8e7,4.64,4.47,4.63,4.66,4.44,4.62,4.65,4.44,mobile_p05,fail,pass,fail,
morgon,--foot-ink,#5f5878,--coral-chip-bg on --card,--coral-chip-bg over --card over plate,False,24,#fce8e9,#fde8e7,5.66,5.45,5.65,5.68,5.41,5.63,5.67,5.41,mobile_p05,pass,pass,fail,
morgon,--card-ink,#241f35,--coral-chip-bg on --card,--coral-chip-bg over --card over plate,False,24,#fce8e9,#fde8e7,13.49,13.0,13.47,13.54,12.9,13.44,13.52,12.9,mobile_p05,pass,pass,pass,
morgon,--card-sub,#5f5878,--coral-chip-bg on --card,--coral-chip-bg over --card over plate,False,24,#fce8e9,#fde8e7,5.66,5.45,5.65,5.68,5.41,5.63,5.67,5.41,mobile_p05,pass,pass,fail,
morgon,--prose-ink,#3a3450,--coral-chip-bg on --card,--coral-chip-bg over --card over plate,False,24,#fce8e9,#fde8e7,9.98,9.62,9.97,10.02,9.54,9.94,10.0,9.54,mobile_p05,pass,pass,pass,
morgon,--chip-ink,#5b3fc7,--coral-chip-bg on --card,--coral-chip-bg over --card over plate,False,24,#fce8e9,#fde8e7,5.99,5.77,5.98,6.01,5.72,5.96,6.0,5.72,mobile_p05,pass,pass,fail,
morgon,--pill-ink,#5b3fc7,--coral-chip-bg on --card,--coral-chip-bg over --card over plate,False,24,#fce8e9,#fde8e7,5.99,5.77,5.98,6.01,5.72,5.96,6.0,5.72,mobile_p05,pass,pass,fail,
morgon,--gold-chip-ink,#8f6a12,--coral-chip-bg on --card,--coral-chip-bg over --card over plate,False,24,#fce8e9,#fde8e7,4.21,4.06,4.2,4.23,4.02,4.19,4.22,4.02,mobile_p05,fail,pass,fail,
morgon,--coral-chip-ink,#c23a2b,--coral-chip-bg on --card,--coral-chip-bg over --card over plate,False,24,#fce8e9,#fde8e7,4.53,4.37,4.53,4.55,4.34,4.52,4.54,4.34,mobile_p05,fail,pass,fail,yes
morgon,--trait-ink,#5f5878,--coral-chip-bg on --card,--coral-chip-bg over --card over plate,False,24,#fce8e9,#fde8e7,5.66,5.45,5.65,5.68,5.41,5.63,5.67,5.41,mobile_p05,pass,pass,fail,
morgon,--trait-on-ink,#4a36a8,--coral-chip-bg on --card,--coral-chip-bg over --card over plate,False,24,#fce8e9,#fde8e7,7.48,7.21,7.47,7.51,7.15,7.45,7.5,7.15,mobile_p05,pass,pass,pass,
morgon,--choice-ink,#241f35,--coral-chip-bg on --card,--coral-chip-bg over --card over plate,False,24,#fce8e9,#fde8e7,13.49,13.0,13.47,13.54,12.9,13.44,13.52,12.9,mobile_p05,pass,pass,pass,
morgon,--ghost-ink,#241f35,--coral-chip-bg on --card,--coral-chip-bg over --card over plate,False,24,#fce8e9,#fde8e7,13.49,13.0,13.47,13.54,12.9,13.44,13.52,12.9,mobile_p05,pass,pass,pass,
morgon,--btn-ink,#ffffff,--coral-chip-bg on --card,--coral-chip-bg over --card over plate,False,24,#fce8e9,#fde8e7,1.18,1.22,1.18,1.17,1.23,1.18,1.17,1.17,desktop_p95,fail,fail,fail,
morgon,"footer Beta label (--foot-ink, opacity .8)",#5f5878 @0.80,--coral-chip-bg on --card,--coral-chip-bg over --card over plate,False,24,#fce8e9,#fde8e7,3.7,3.61,3.7,3.71,3.59,3.69,3.71,3.59,mobile_p05,fail,pass,fail,
morgon,"footer version (--card-sub, opacity .85)",#5f5878 @0.85,--coral-chip-bg on --card,--coral-chip-bg over --card over plate,False,24,#fce8e9,#fde8e7,4.1,3.99,4.1,4.11,3.96,4.09,4.11,3.96,mobile_p05,fail,pass,fail,
morgon,skip-link ink #241608,#241608,--coral-chip-bg on --card,--coral-chip-bg over --card over plate,False,24,#fce8e9,#fde8e7,14.95,14.4,14.93,15.01,14.29,14.89,14.98,14.29,mobile_p05,pass,pass,pass,
morgon,primitive --violet #6d4fe0,#6d4fe0,--coral-chip-bg on --card,--coral-chip-bg over --card over plate,False,24,#fce8e9,#fde8e7,4.64,4.47,4.63,4.66,4.44,4.62,4.65,4.44,mobile_p05,fail,pass,fail,
morgon,primitive --violet-soft #9b87f5,#9b87f5,--coral-chip-bg on --card,--coral-chip-bg over --card over plate,False,24,#fce8e9,#fde8e7,2.49,2.39,2.48,2.5,2.38,2.48,2.49,2.38,mobile_p05,fail,fail,fail,
morgon,primitive --gold #f2b22e,#f2b22e,--coral-chip-bg on --card,--coral-chip-bg over --card over plate,False,24,#fce8e9,#fde8e7,1.6,1.54,1.59,1.6,1.53,1.59,1.6,1.53,mobile_p05,fail,fail,fail,
morgon,primitive --coral #ff6154,#ff6154,--coral-chip-bg on --card,--coral-chip-bg over --card over plate,False,24,#fce8e9,#fde8e7,2.52,2.42,2.51,2.53,2.41,2.51,2.52,2.41,mobile_p05,fail,fail,fail,
morgon,--page-ink,#241f35,--trait-on-bg on --card,--trait-on-bg over --card over plate,False,24,#eae6fa,#ebe5f8,12.98,12.49,12.96,13.03,12.4,12.93,13.0,12.4,mobile_p05,pass,pass,pass,
morgon,--page-sub,#5f5878,--trait-on-bg on --card,--trait-on-bg over --card over plate,False,24,#eae6fa,#ebe5f8,5.44,5.24,5.43,5.46,5.2,5.42,5.45,5.2,mobile_p05,pass,pass,fail,
morgon,--micro-ink,#5f5878,--trait-on-bg on --card,--trait-on-bg over --card over plate,False,24,#eae6fa,#ebe5f8,5.44,5.24,5.43,5.46,5.2,5.42,5.45,5.2,mobile_p05,pass,pass,fail,
morgon,--accent,#6d4fe0,--trait-on-bg on --card,--trait-on-bg over --card over plate,False,24,#eae6fa,#ebe5f8,4.46,4.3,4.46,4.48,4.26,4.45,4.47,4.26,mobile_p05,fail,pass,fail,
morgon,--accent-ink,#5b3fc7,--trait-on-bg on --card,--trait-on-bg over --card over plate,False,24,#eae6fa,#ebe5f8,5.76,5.54,5.75,5.78,5.5,5.73,5.77,5.5,mobile_p05,pass,pass,fail,
morgon,--logo-ink,#6d4fe0,--trait-on-bg on --card,--trait-on-bg over --card over plate,False,24,#eae6fa,#ebe5f8,4.46,4.3,4.46,4.48,4.26,4.45,4.47,4.26,mobile_p05,fail,pass,fail,
morgon,--foot-ink,#5f5878,--trait-on-bg on --card,--trait-on-bg over --card over plate,False,24,#eae6fa,#ebe5f8,5.44,5.24,5.43,5.46,5.2,5.42,5.45,5.2,mobile_p05,pass,pass,fail,
morgon,--card-ink,#241f35,--trait-on-bg on --card,--trait-on-bg over --card over plate,False,24,#eae6fa,#ebe5f8,12.98,12.49,12.96,13.03,12.4,12.93,13.0,12.4,mobile_p05,pass,pass,pass,
morgon,--card-sub,#5f5878,--trait-on-bg on --card,--trait-on-bg over --card over plate,False,24,#eae6fa,#ebe5f8,5.44,5.24,5.43,5.46,5.2,5.42,5.45,5.2,mobile_p05,pass,pass,fail,
morgon,--prose-ink,#3a3450,--trait-on-bg on --card,--trait-on-bg over --card over plate,False,24,#eae6fa,#ebe5f8,9.61,9.24,9.59,9.64,9.17,9.57,9.62,9.17,mobile_p05,pass,pass,pass,
morgon,--chip-ink,#5b3fc7,--trait-on-bg on --card,--trait-on-bg over --card over plate,False,24,#eae6fa,#ebe5f8,5.76,5.54,5.75,5.78,5.5,5.73,5.77,5.5,mobile_p05,pass,pass,fail,
morgon,--pill-ink,#5b3fc7,--trait-on-bg on --card,--trait-on-bg over --card over plate,False,24,#eae6fa,#ebe5f8,5.76,5.54,5.75,5.78,5.5,5.73,5.77,5.5,mobile_p05,pass,pass,fail,
morgon,--gold-chip-ink,#8f6a12,--trait-on-bg on --card,--trait-on-bg over --card over plate,False,24,#eae6fa,#ebe5f8,4.05,3.9,4.04,4.07,3.87,4.03,4.06,3.87,mobile_p05,fail,pass,fail,
morgon,--coral-chip-ink,#c23a2b,--trait-on-bg on --card,--trait-on-bg over --card over plate,False,24,#eae6fa,#ebe5f8,4.36,4.2,4.36,4.38,4.17,4.35,4.37,4.17,mobile_p05,fail,pass,fail,
morgon,--trait-ink,#5f5878,--trait-on-bg on --card,--trait-on-bg over --card over plate,False,24,#eae6fa,#ebe5f8,5.44,5.24,5.43,5.46,5.2,5.42,5.45,5.2,mobile_p05,pass,pass,fail,
morgon,--trait-on-ink,#4a36a8,--trait-on-bg on --card,--trait-on-bg over --card over plate,False,24,#eae6fa,#ebe5f8,7.2,6.93,7.19,7.23,6.88,7.17,7.21,6.88,mobile_p05,pass,pass,fail,yes
morgon,--choice-ink,#241f35,--trait-on-bg on --card,--trait-on-bg over --card over plate,False,24,#eae6fa,#ebe5f8,12.98,12.49,12.96,13.03,12.4,12.93,13.0,12.4,mobile_p05,pass,pass,pass,
morgon,--ghost-ink,#241f35,--trait-on-bg on --card,--trait-on-bg over --card over plate,False,24,#eae6fa,#ebe5f8,12.98,12.49,12.96,13.03,12.4,12.93,13.0,12.4,mobile_p05,pass,pass,pass,
morgon,--btn-ink,#ffffff,--trait-on-bg on --card,--trait-on-bg over --card over plate,False,24,#eae6fa,#ebe5f8,1.22,1.27,1.23,1.22,1.28,1.23,1.22,1.22,desktop_p95,fail,fail,fail,
morgon,"footer Beta label (--foot-ink, opacity .8)",#5f5878 @0.80,--trait-on-bg on --card,--trait-on-bg over --card over plate,False,24,#eae6fa,#ebe5f8,3.6,3.51,3.6,3.61,3.49,3.59,3.6,3.49,mobile_p05,fail,pass,fail,
morgon,"footer version (--card-sub, opacity .85)",#5f5878 @0.85,--trait-on-bg on --card,--trait-on-bg over --card over plate,False,24,#eae6fa,#ebe5f8,3.98,3.86,3.97,3.99,3.84,3.97,3.98,3.84,mobile_p05,fail,pass,fail,
morgon,skip-link ink #241608,#241608,--trait-on-bg on --card,--trait-on-bg over --card over plate,False,24,#eae6fa,#ebe5f8,14.39,13.84,14.36,14.44,13.74,14.32,14.41,13.74,mobile_p05,pass,pass,pass,
morgon,primitive --violet #6d4fe0,#6d4fe0,--trait-on-bg on --card,--trait-on-bg over --card over plate,False,24,#eae6fa,#ebe5f8,4.46,4.3,4.46,4.48,4.26,4.45,4.47,4.26,mobile_p05,fail,pass,fail,
morgon,primitive --violet-soft #9b87f5,#9b87f5,--trait-on-bg on --card,--trait-on-bg over --card over plate,False,24,#eae6fa,#ebe5f8,2.39,2.3,2.39,2.4,2.28,2.38,2.4,2.28,mobile_p05,fail,fail,fail,
morgon,primitive --gold #f2b22e,#f2b22e,--trait-on-bg on --card,--trait-on-bg over --card over plate,False,24,#eae6fa,#ebe5f8,1.54,1.48,1.53,1.54,1.47,1.53,1.54,1.47,mobile_p05,fail,fail,fail,
morgon,primitive --coral #ff6154,#ff6154,--trait-on-bg on --card,--trait-on-bg over --card over plate,False,24,#eae6fa,#ebe5f8,2.42,2.33,2.42,2.43,2.31,2.41,2.42,2.31,mobile_p05,fail,fail,fail,
morgon,--page-ink,#241f35,--bar-bg on --card,--bar-bg over --card over plate,False,24,#ebe9ed,#ebe9ec,13.19,12.67,13.16,13.24,12.57,13.13,13.21,12.57,mobile_p05,pass,pass,pass,
morgon,--page-sub,#5f5878,--bar-bg on --card,--bar-bg over --card over plate,False,24,#ebe9ed,#ebe9ec,5.53,5.31,5.52,5.55,5.27,5.51,5.54,5.27,mobile_p05,pass,pass,fail,
morgon,--micro-ink,#5f5878,--bar-bg on --card,--bar-bg over --card over plate,False,24,#ebe9ed,#ebe9ec,5.53,5.31,5.52,5.55,5.27,5.51,5.54,5.27,mobile_p05,pass,pass,fail,
morgon,--accent,#6d4fe0,--bar-bg on --card,--bar-bg over --card over plate,False,24,#ebe9ed,#ebe9ec,4.54,4.36,4.53,4.55,4.32,4.52,4.54,4.32,mobile_p05,fail,pass,fail,
morgon,--accent-ink,#5b3fc7,--bar-bg on --card,--bar-bg over --card over plate,False,24,#ebe9ed,#ebe9ec,5.85,5.62,5.84,5.88,5.58,5.83,5.86,5.58,mobile_p05,pass,pass,fail,
morgon,--logo-ink,#6d4fe0,--bar-bg on --card,--bar-bg over --card over plate,False,24,#ebe9ed,#ebe9ec,4.54,4.36,4.53,4.55,4.32,4.52,4.54,4.32,mobile_p05,fail,pass,fail,
morgon,--foot-ink,#5f5878,--bar-bg on --card,--bar-bg over --card over plate,False,24,#ebe9ed,#ebe9ec,5.53,5.31,5.52,5.55,5.27,5.51,5.54,5.27,mobile_p05,pass,pass,fail,
morgon,--card-ink,#241f35,--bar-bg on --card,--bar-bg over --card over plate,False,24,#ebe9ed,#ebe9ec,13.19,12.67,13.16,13.24,12.57,13.13,13.21,12.57,mobile_p05,pass,pass,pass,
morgon,--card-sub,#5f5878,--bar-bg on --card,--bar-bg over --card over plate,False,24,#ebe9ed,#ebe9ec,5.53,5.31,5.52,5.55,5.27,5.51,5.54,5.27,mobile_p05,pass,pass,fail,
morgon,--prose-ink,#3a3450,--bar-bg on --card,--bar-bg over --card over plate,False,24,#ebe9ed,#ebe9ec,9.76,9.38,9.74,9.8,9.3,9.72,9.78,9.3,mobile_p05,pass,pass,pass,
morgon,--chip-ink,#5b3fc7,--bar-bg on --card,--bar-bg over --card over plate,False,24,#ebe9ed,#ebe9ec,5.85,5.62,5.84,5.88,5.58,5.83,5.86,5.58,mobile_p05,pass,pass,fail,
morgon,--pill-ink,#5b3fc7,--bar-bg on --card,--bar-bg over --card over plate,False,24,#ebe9ed,#ebe9ec,5.85,5.62,5.84,5.88,5.58,5.83,5.86,5.58,mobile_p05,pass,pass,fail,
morgon,--gold-chip-ink,#8f6a12,--bar-bg on --card,--bar-bg over --card over plate,False,24,#ebe9ed,#ebe9ec,4.12,3.95,4.11,4.13,3.92,4.1,4.12,3.92,mobile_p05,fail,pass,fail,
morgon,--coral-chip-ink,#c23a2b,--bar-bg on --card,--bar-bg over --card over plate,False,24,#ebe9ed,#ebe9ec,4.43,4.26,4.43,4.45,4.22,4.41,4.44,4.22,mobile_p05,fail,pass,fail,
morgon,--trait-ink,#5f5878,--bar-bg on --card,--bar-bg over --card over plate,False,24,#ebe9ed,#ebe9ec,5.53,5.31,5.52,5.55,5.27,5.51,5.54,5.27,mobile_p05,pass,pass,fail,
morgon,--trait-on-ink,#4a36a8,--bar-bg on --card,--bar-bg over --card over plate,False,24,#ebe9ed,#ebe9ec,7.32,7.03,7.3,7.34,6.97,7.28,7.33,6.97,mobile_p05,pass,pass,fail,
morgon,--choice-ink,#241f35,--bar-bg on --card,--bar-bg over --card over plate,False,24,#ebe9ed,#ebe9ec,13.19,12.67,13.16,13.24,12.57,13.13,13.21,12.57,mobile_p05,pass,pass,pass,
morgon,--ghost-ink,#241f35,--bar-bg on --card,--bar-bg over --card over plate,False,24,#ebe9ed,#ebe9ec,13.19,12.67,13.16,13.24,12.57,13.13,13.21,12.57,mobile_p05,pass,pass,pass,
morgon,--btn-ink,#ffffff,--bar-bg on --card,--bar-bg over --card over plate,False,24,#ebe9ed,#ebe9ec,1.2,1.25,1.21,1.2,1.26,1.21,1.2,1.2,desktop_p95,fail,fail,fail,
morgon,"footer Beta label (--foot-ink, opacity .8)",#5f5878 @0.80,--bar-bg on --card,--bar-bg over --card over plate,False,24,#ebe9ed,#ebe9ec,3.64,3.54,3.64,3.65,3.52,3.63,3.65,3.52,mobile_p05,fail,pass,fail,
morgon,"footer version (--card-sub, opacity .85)",#5f5878 @0.85,--bar-bg on --card,--bar-bg over --card over plate,False,24,#ebe9ed,#ebe9ec,4.03,3.91,4.02,4.04,3.88,4.02,4.04,3.88,mobile_p05,fail,pass,fail,
morgon,skip-link ink #241608,#241608,--bar-bg on --card,--bar-bg over --card over plate,False,24,#ebe9ed,#ebe9ec,14.62,14.04,14.59,14.67,13.93,14.55,14.64,13.93,mobile_p05,pass,pass,pass,
morgon,primitive --violet #6d4fe0,#6d4fe0,--bar-bg on --card,--bar-bg over --card over plate,False,24,#ebe9ed,#ebe9ec,4.54,4.36,4.53,4.55,4.32,4.52,4.54,4.32,mobile_p05,fail,pass,fail,
morgon,primitive --violet-soft #9b87f5,#9b87f5,--bar-bg on --card,--bar-bg over --card over plate,False,24,#ebe9ed,#ebe9ec,2.43,2.33,2.43,2.44,2.32,2.42,2.43,2.32,mobile_p05,fail,fail,fail,
morgon,primitive --gold #f2b22e,#f2b22e,--bar-bg on --card,--bar-bg over --card over plate,False,24,#ebe9ed,#ebe9ec,1.56,1.5,1.56,1.57,1.49,1.55,1.56,1.49,mobile_p05,fail,fail,fail,
morgon,primitive --coral #ff6154,#ff6154,--bar-bg on --card,--bar-bg over --card over plate,False,24,#ebe9ed,#ebe9ec,2.46,2.36,2.46,2.47,2.34,2.45,2.46,2.34,mobile_p05,fail,fail,fail,
morgon,--page-ink,#241f35,--frame (solid),--frame,True,0,#ffffff,#ffffff,15.88,15.88,15.88,15.88,15.88,15.88,15.88,15.88,body,pass,pass,pass,
morgon,--page-sub,#5f5878,--frame (solid),--frame,True,0,#ffffff,#ffffff,6.66,6.66,6.66,6.66,6.66,6.66,6.66,6.66,body,pass,pass,fail,
morgon,--micro-ink,#5f5878,--frame (solid),--frame,True,0,#ffffff,#ffffff,6.66,6.66,6.66,6.66,6.66,6.66,6.66,6.66,body,pass,pass,fail,
morgon,--accent,#6d4fe0,--frame (solid),--frame,True,0,#ffffff,#ffffff,5.46,5.46,5.46,5.46,5.46,5.46,5.46,5.46,body,pass,pass,fail,
morgon,--accent-ink,#5b3fc7,--frame (solid),--frame,True,0,#ffffff,#ffffff,7.05,7.05,7.05,7.05,7.05,7.05,7.05,7.05,body,pass,pass,pass,
morgon,--logo-ink,#6d4fe0,--frame (solid),--frame,True,0,#ffffff,#ffffff,5.46,5.46,5.46,5.46,5.46,5.46,5.46,5.46,body,pass,pass,fail,
morgon,--foot-ink,#5f5878,--frame (solid),--frame,True,0,#ffffff,#ffffff,6.66,6.66,6.66,6.66,6.66,6.66,6.66,6.66,body,pass,pass,fail,
morgon,--card-ink,#241f35,--frame (solid),--frame,True,0,#ffffff,#ffffff,15.88,15.88,15.88,15.88,15.88,15.88,15.88,15.88,body,pass,pass,pass,yes
morgon,--card-sub,#5f5878,--frame (solid),--frame,True,0,#ffffff,#ffffff,6.66,6.66,6.66,6.66,6.66,6.66,6.66,6.66,body,pass,pass,fail,yes
morgon,--prose-ink,#3a3450,--frame (solid),--frame,True,0,#ffffff,#ffffff,11.75,11.75,11.75,11.75,11.75,11.75,11.75,11.75,body,pass,pass,pass,
morgon,--chip-ink,#5b3fc7,--frame (solid),--frame,True,0,#ffffff,#ffffff,7.05,7.05,7.05,7.05,7.05,7.05,7.05,7.05,body,pass,pass,pass,
morgon,--pill-ink,#5b3fc7,--frame (solid),--frame,True,0,#ffffff,#ffffff,7.05,7.05,7.05,7.05,7.05,7.05,7.05,7.05,body,pass,pass,pass,
morgon,--gold-chip-ink,#8f6a12,--frame (solid),--frame,True,0,#ffffff,#ffffff,4.95,4.95,4.95,4.95,4.95,4.95,4.95,4.95,body,pass,pass,fail,
morgon,--coral-chip-ink,#c23a2b,--frame (solid),--frame,True,0,#ffffff,#ffffff,5.34,5.34,5.34,5.34,5.34,5.34,5.34,5.34,body,pass,pass,fail,
morgon,--trait-ink,#5f5878,--frame (solid),--frame,True,0,#ffffff,#ffffff,6.66,6.66,6.66,6.66,6.66,6.66,6.66,6.66,body,pass,pass,fail,
morgon,--trait-on-ink,#4a36a8,--frame (solid),--frame,True,0,#ffffff,#ffffff,8.81,8.81,8.81,8.81,8.81,8.81,8.81,8.81,body,pass,pass,pass,
morgon,--choice-ink,#241f35,--frame (solid),--frame,True,0,#ffffff,#ffffff,15.88,15.88,15.88,15.88,15.88,15.88,15.88,15.88,body,pass,pass,pass,
morgon,--ghost-ink,#241f35,--frame (solid),--frame,True,0,#ffffff,#ffffff,15.88,15.88,15.88,15.88,15.88,15.88,15.88,15.88,body,pass,pass,pass,
morgon,--btn-ink,#ffffff,--frame (solid),--frame,True,0,#ffffff,#ffffff,1.0,1.0,1.0,1.0,1.0,1.0,1.0,1.0,body,fail,fail,fail,
morgon,"footer Beta label (--foot-ink, opacity .8)",#5f5878 @0.80,--frame (solid),--frame,True,0,#ffffff,#ffffff,4.14,4.14,4.14,4.14,4.14,4.14,4.14,4.14,body,fail,pass,fail,
morgon,"footer version (--card-sub, opacity .85)",#5f5878 @0.85,--frame (solid),--frame,True,0,#ffffff,#ffffff,4.64,4.64,4.64,4.64,4.64,4.64,4.64,4.64,body,pass,pass,fail,
morgon,skip-link ink #241608,#241608,--frame (solid),--frame,True,0,#ffffff,#ffffff,17.6,17.6,17.6,17.6,17.6,17.6,17.6,17.6,body,pass,pass,pass,
morgon,primitive --violet #6d4fe0,#6d4fe0,--frame (solid),--frame,True,0,#ffffff,#ffffff,5.46,5.46,5.46,5.46,5.46,5.46,5.46,5.46,body,pass,pass,fail,
morgon,primitive --violet-soft #9b87f5,#9b87f5,--frame (solid),--frame,True,0,#ffffff,#ffffff,2.93,2.93,2.93,2.93,2.93,2.93,2.93,2.93,body,fail,fail,fail,
morgon,primitive --gold #f2b22e,#f2b22e,--frame (solid),--frame,True,0,#ffffff,#ffffff,1.88,1.88,1.88,1.88,1.88,1.88,1.88,1.88,body,fail,fail,fail,
morgon,primitive --coral #ff6154,#ff6154,--frame (solid),--frame,True,0,#ffffff,#ffffff,2.96,2.96,2.96,2.96,2.96,2.96,2.96,2.96,body,fail,fail,fail,
morgon,--page-ink,#241f35,--btn-grad start (solid),--btn-grad-a,True,0,#6d4fe0,#6d4fe0,2.91,2.91,2.91,2.91,2.91,2.91,2.91,2.91,body,fail,fail,fail,
morgon,--page-sub,#5f5878,--btn-grad start (solid),--btn-grad-a,True,0,#6d4fe0,#6d4fe0,1.22,1.22,1.22,1.22,1.22,1.22,1.22,1.22,body,fail,fail,fail,
morgon,--micro-ink,#5f5878,--btn-grad start (solid),--btn-grad-a,True,0,#6d4fe0,#6d4fe0,1.22,1.22,1.22,1.22,1.22,1.22,1.22,1.22,body,fail,fail,fail,
morgon,--accent,#6d4fe0,--btn-grad start (solid),--btn-grad-a,True,0,#6d4fe0,#6d4fe0,1.0,1.0,1.0,1.0,1.0,1.0,1.0,1.0,body,fail,fail,fail,
morgon,--accent-ink,#5b3fc7,--btn-grad start (solid),--btn-grad-a,True,0,#6d4fe0,#6d4fe0,1.29,1.29,1.29,1.29,1.29,1.29,1.29,1.29,body,fail,fail,fail,
morgon,--logo-ink,#6d4fe0,--btn-grad start (solid),--btn-grad-a,True,0,#6d4fe0,#6d4fe0,1.0,1.0,1.0,1.0,1.0,1.0,1.0,1.0,body,fail,fail,fail,
morgon,--foot-ink,#5f5878,--btn-grad start (solid),--btn-grad-a,True,0,#6d4fe0,#6d4fe0,1.22,1.22,1.22,1.22,1.22,1.22,1.22,1.22,body,fail,fail,fail,
morgon,--card-ink,#241f35,--btn-grad start (solid),--btn-grad-a,True,0,#6d4fe0,#6d4fe0,2.91,2.91,2.91,2.91,2.91,2.91,2.91,2.91,body,fail,fail,fail,
morgon,--card-sub,#5f5878,--btn-grad start (solid),--btn-grad-a,True,0,#6d4fe0,#6d4fe0,1.22,1.22,1.22,1.22,1.22,1.22,1.22,1.22,body,fail,fail,fail,
morgon,--prose-ink,#3a3450,--btn-grad start (solid),--btn-grad-a,True,0,#6d4fe0,#6d4fe0,2.15,2.15,2.15,2.15,2.15,2.15,2.15,2.15,body,fail,fail,fail,
morgon,--chip-ink,#5b3fc7,--btn-grad start (solid),--btn-grad-a,True,0,#6d4fe0,#6d4fe0,1.29,1.29,1.29,1.29,1.29,1.29,1.29,1.29,body,fail,fail,fail,
morgon,--pill-ink,#5b3fc7,--btn-grad start (solid),--btn-grad-a,True,0,#6d4fe0,#6d4fe0,1.29,1.29,1.29,1.29,1.29,1.29,1.29,1.29,body,fail,fail,fail,
morgon,--gold-chip-ink,#8f6a12,--btn-grad start (solid),--btn-grad-a,True,0,#6d4fe0,#6d4fe0,1.1,1.1,1.1,1.1,1.1,1.1,1.1,1.1,body,fail,fail,fail,
morgon,--coral-chip-ink,#c23a2b,--btn-grad start (solid),--btn-grad-a,True,0,#6d4fe0,#6d4fe0,1.02,1.02,1.02,1.02,1.02,1.02,1.02,1.02,body,fail,fail,fail,
morgon,--trait-ink,#5f5878,--btn-grad start (solid),--btn-grad-a,True,0,#6d4fe0,#6d4fe0,1.22,1.22,1.22,1.22,1.22,1.22,1.22,1.22,body,fail,fail,fail,
morgon,--trait-on-ink,#4a36a8,--btn-grad start (solid),--btn-grad-a,True,0,#6d4fe0,#6d4fe0,1.61,1.61,1.61,1.61,1.61,1.61,1.61,1.61,body,fail,fail,fail,
morgon,--choice-ink,#241f35,--btn-grad start (solid),--btn-grad-a,True,0,#6d4fe0,#6d4fe0,2.91,2.91,2.91,2.91,2.91,2.91,2.91,2.91,body,fail,fail,fail,
morgon,--ghost-ink,#241f35,--btn-grad start (solid),--btn-grad-a,True,0,#6d4fe0,#6d4fe0,2.91,2.91,2.91,2.91,2.91,2.91,2.91,2.91,body,fail,fail,fail,
morgon,--btn-ink,#ffffff,--btn-grad start (solid),--btn-grad-a,True,0,#6d4fe0,#6d4fe0,5.46,5.46,5.46,5.46,5.46,5.46,5.46,5.46,body,pass,pass,fail,yes
morgon,"footer Beta label (--foot-ink, opacity .8)",#5f5878 @0.80,--btn-grad start (solid),--btn-grad-a,True,0,#6d4fe0,#6d4fe0,1.19,1.19,1.19,1.19,1.19,1.19,1.19,1.19,body,fail,fail,fail,
morgon,"footer version (--card-sub, opacity .85)",#5f5878 @0.85,--btn-grad start (solid),--btn-grad-a,True,0,#6d4fe0,#6d4fe0,1.2,1.2,1.2,1.2,1.2,1.2,1.2,1.2,body,fail,fail,fail,
morgon,skip-link ink #241608,#241608,--btn-grad start (solid),--btn-grad-a,True,0,#6d4fe0,#6d4fe0,3.22,3.22,3.22,3.22,3.22,3.22,3.22,3.22,body,fail,pass,fail,
morgon,primitive --violet #6d4fe0,#6d4fe0,--btn-grad start (solid),--btn-grad-a,True,0,#6d4fe0,#6d4fe0,1.0,1.0,1.0,1.0,1.0,1.0,1.0,1.0,body,fail,fail,fail,
morgon,primitive --violet-soft #9b87f5,#9b87f5,--btn-grad start (solid),--btn-grad-a,True,0,#6d4fe0,#6d4fe0,1.87,1.87,1.87,1.87,1.87,1.87,1.87,1.87,body,fail,fail,fail,
morgon,primitive --gold #f2b22e,#f2b22e,--btn-grad start (solid),--btn-grad-a,True,0,#6d4fe0,#6d4fe0,2.91,2.91,2.91,2.91,2.91,2.91,2.91,2.91,body,fail,fail,fail,
morgon,primitive --coral #ff6154,#ff6154,--btn-grad start (solid),--btn-grad-a,True,0,#6d4fe0,#6d4fe0,1.84,1.84,1.84,1.84,1.84,1.84,1.84,1.84,body,fail,fail,fail,
morgon,--page-ink,#241f35,--btn-grad end (solid),--btn-grad-b,True,0,#5b3fc7,#5b3fc7,2.25,2.25,2.25,2.25,2.25,2.25,2.25,2.25,body,fail,fail,fail,
morgon,--page-sub,#5f5878,--btn-grad end (solid),--btn-grad-b,True,0,#5b3fc7,#5b3fc7,1.06,1.06,1.06,1.06,1.06,1.06,1.06,1.06,body,fail,fail,fail,
morgon,--micro-ink,#5f5878,--btn-grad end (solid),--btn-grad-b,True,0,#5b3fc7,#5b3fc7,1.06,1.06,1.06,1.06,1.06,1.06,1.06,1.06,body,fail,fail,fail,
morgon,--accent,#6d4fe0,--btn-grad end (solid),--btn-grad-b,True,0,#5b3fc7,#5b3fc7,1.29,1.29,1.29,1.29,1.29,1.29,1.29,1.29,body,fail,fail,fail,
morgon,--accent-ink,#5b3fc7,--btn-grad end (solid),--btn-grad-b,True,0,#5b3fc7,#5b3fc7,1.0,1.0,1.0,1.0,1.0,1.0,1.0,1.0,body,fail,fail,fail,
morgon,--logo-ink,#6d4fe0,--btn-grad end (solid),--btn-grad-b,True,0,#5b3fc7,#5b3fc7,1.29,1.29,1.29,1.29,1.29,1.29,1.29,1.29,body,fail,fail,fail,
morgon,--foot-ink,#5f5878,--btn-grad end (solid),--btn-grad-b,True,0,#5b3fc7,#5b3fc7,1.06,1.06,1.06,1.06,1.06,1.06,1.06,1.06,body,fail,fail,fail,
morgon,--card-ink,#241f35,--btn-grad end (solid),--btn-grad-b,True,0,#5b3fc7,#5b3fc7,2.25,2.25,2.25,2.25,2.25,2.25,2.25,2.25,body,fail,fail,fail,
morgon,--card-sub,#5f5878,--btn-grad end (solid),--btn-grad-b,True,0,#5b3fc7,#5b3fc7,1.06,1.06,1.06,1.06,1.06,1.06,1.06,1.06,body,fail,fail,fail,
morgon,--prose-ink,#3a3450,--btn-grad end (solid),--btn-grad-b,True,0,#5b3fc7,#5b3fc7,1.67,1.67,1.67,1.67,1.67,1.67,1.67,1.67,body,fail,fail,fail,
morgon,--chip-ink,#5b3fc7,--btn-grad end (solid),--btn-grad-b,True,0,#5b3fc7,#5b3fc7,1.0,1.0,1.0,1.0,1.0,1.0,1.0,1.0,body,fail,fail,fail,
morgon,--pill-ink,#5b3fc7,--btn-grad end (solid),--btn-grad-b,True,0,#5b3fc7,#5b3fc7,1.0,1.0,1.0,1.0,1.0,1.0,1.0,1.0,body,fail,fail,fail,
morgon,--gold-chip-ink,#8f6a12,--btn-grad end (solid),--btn-grad-b,True,0,#5b3fc7,#5b3fc7,1.42,1.42,1.42,1.42,1.42,1.42,1.42,1.42,body,fail,fail,fail,
morgon,--coral-chip-ink,#c23a2b,--btn-grad end (solid),--btn-grad-b,True,0,#5b3fc7,#5b3fc7,1.32,1.32,1.32,1.32,1.32,1.32,1.32,1.32,body,fail,fail,fail,
morgon,--trait-ink,#5f5878,--btn-grad end (solid),--btn-grad-b,True,0,#5b3fc7,#5b3fc7,1.06,1.06,1.06,1.06,1.06,1.06,1.06,1.06,body,fail,fail,fail,
morgon,--trait-on-ink,#4a36a8,--btn-grad end (solid),--btn-grad-b,True,0,#5b3fc7,#5b3fc7,1.25,1.25,1.25,1.25,1.25,1.25,1.25,1.25,body,fail,fail,fail,
morgon,--choice-ink,#241f35,--btn-grad end (solid),--btn-grad-b,True,0,#5b3fc7,#5b3fc7,2.25,2.25,2.25,2.25,2.25,2.25,2.25,2.25,body,fail,fail,fail,
morgon,--ghost-ink,#241f35,--btn-grad end (solid),--btn-grad-b,True,0,#5b3fc7,#5b3fc7,2.25,2.25,2.25,2.25,2.25,2.25,2.25,2.25,body,fail,fail,fail,
morgon,--btn-ink,#ffffff,--btn-grad end (solid),--btn-grad-b,True,0,#5b3fc7,#5b3fc7,7.05,7.05,7.05,7.05,7.05,7.05,7.05,7.05,body,pass,pass,pass,yes
morgon,"footer Beta label (--foot-ink, opacity .8)",#5f5878 @0.80,--btn-grad end (solid),--btn-grad-b,True,0,#5b3fc7,#5b3fc7,1.03,1.03,1.03,1.03,1.03,1.03,1.03,1.03,body,fail,fail,fail,
morgon,"footer version (--card-sub, opacity .85)",#5f5878 @0.85,--btn-grad end (solid),--btn-grad-b,True,0,#5b3fc7,#5b3fc7,1.04,1.04,1.04,1.04,1.04,1.04,1.04,1.04,body,fail,fail,fail,
morgon,skip-link ink #241608,#241608,--btn-grad end (solid),--btn-grad-b,True,0,#5b3fc7,#5b3fc7,2.5,2.5,2.5,2.5,2.5,2.5,2.5,2.5,body,fail,fail,fail,
morgon,primitive --violet #6d4fe0,#6d4fe0,--btn-grad end (solid),--btn-grad-b,True,0,#5b3fc7,#5b3fc7,1.29,1.29,1.29,1.29,1.29,1.29,1.29,1.29,body,fail,fail,fail,
morgon,primitive --violet-soft #9b87f5,#9b87f5,--btn-grad end (solid),--btn-grad-b,True,0,#5b3fc7,#5b3fc7,2.41,2.41,2.41,2.41,2.41,2.41,2.41,2.41,body,fail,fail,fail,
morgon,primitive --gold #f2b22e,#f2b22e,--btn-grad end (solid),--btn-grad-b,True,0,#5b3fc7,#5b3fc7,3.75,3.75,3.75,3.75,3.75,3.75,3.75,3.75,body,fail,pass,fail,
morgon,primitive --coral #ff6154,#ff6154,--btn-grad end (solid),--btn-grad-b,True,0,#5b3fc7,#5b3fc7,2.38,2.38,2.38,2.38,2.38,2.38,2.38,2.38,body,fail,fail,fail,
morgon,--page-ink,#241f35,"--accent (solid, e.g. active SV/EN)",--accent,True,0,#6d4fe0,#6d4fe0,2.91,2.91,2.91,2.91,2.91,2.91,2.91,2.91,body,fail,fail,fail,
morgon,--page-sub,#5f5878,"--accent (solid, e.g. active SV/EN)",--accent,True,0,#6d4fe0,#6d4fe0,1.22,1.22,1.22,1.22,1.22,1.22,1.22,1.22,body,fail,fail,fail,
morgon,--micro-ink,#5f5878,"--accent (solid, e.g. active SV/EN)",--accent,True,0,#6d4fe0,#6d4fe0,1.22,1.22,1.22,1.22,1.22,1.22,1.22,1.22,body,fail,fail,fail,
morgon,--accent,#6d4fe0,"--accent (solid, e.g. active SV/EN)",--accent,True,0,#6d4fe0,#6d4fe0,1.0,1.0,1.0,1.0,1.0,1.0,1.0,1.0,body,fail,fail,fail,
morgon,--accent-ink,#5b3fc7,"--accent (solid, e.g. active SV/EN)",--accent,True,0,#6d4fe0,#6d4fe0,1.29,1.29,1.29,1.29,1.29,1.29,1.29,1.29,body,fail,fail,fail,
morgon,--logo-ink,#6d4fe0,"--accent (solid, e.g. active SV/EN)",--accent,True,0,#6d4fe0,#6d4fe0,1.0,1.0,1.0,1.0,1.0,1.0,1.0,1.0,body,fail,fail,fail,
morgon,--foot-ink,#5f5878,"--accent (solid, e.g. active SV/EN)",--accent,True,0,#6d4fe0,#6d4fe0,1.22,1.22,1.22,1.22,1.22,1.22,1.22,1.22,body,fail,fail,fail,
morgon,--card-ink,#241f35,"--accent (solid, e.g. active SV/EN)",--accent,True,0,#6d4fe0,#6d4fe0,2.91,2.91,2.91,2.91,2.91,2.91,2.91,2.91,body,fail,fail,fail,
morgon,--card-sub,#5f5878,"--accent (solid, e.g. active SV/EN)",--accent,True,0,#6d4fe0,#6d4fe0,1.22,1.22,1.22,1.22,1.22,1.22,1.22,1.22,body,fail,fail,fail,
morgon,--prose-ink,#3a3450,"--accent (solid, e.g. active SV/EN)",--accent,True,0,#6d4fe0,#6d4fe0,2.15,2.15,2.15,2.15,2.15,2.15,2.15,2.15,body,fail,fail,fail,
morgon,--chip-ink,#5b3fc7,"--accent (solid, e.g. active SV/EN)",--accent,True,0,#6d4fe0,#6d4fe0,1.29,1.29,1.29,1.29,1.29,1.29,1.29,1.29,body,fail,fail,fail,
morgon,--pill-ink,#5b3fc7,"--accent (solid, e.g. active SV/EN)",--accent,True,0,#6d4fe0,#6d4fe0,1.29,1.29,1.29,1.29,1.29,1.29,1.29,1.29,body,fail,fail,fail,
morgon,--gold-chip-ink,#8f6a12,"--accent (solid, e.g. active SV/EN)",--accent,True,0,#6d4fe0,#6d4fe0,1.1,1.1,1.1,1.1,1.1,1.1,1.1,1.1,body,fail,fail,fail,
morgon,--coral-chip-ink,#c23a2b,"--accent (solid, e.g. active SV/EN)",--accent,True,0,#6d4fe0,#6d4fe0,1.02,1.02,1.02,1.02,1.02,1.02,1.02,1.02,body,fail,fail,fail,
morgon,--trait-ink,#5f5878,"--accent (solid, e.g. active SV/EN)",--accent,True,0,#6d4fe0,#6d4fe0,1.22,1.22,1.22,1.22,1.22,1.22,1.22,1.22,body,fail,fail,fail,
morgon,--trait-on-ink,#4a36a8,"--accent (solid, e.g. active SV/EN)",--accent,True,0,#6d4fe0,#6d4fe0,1.61,1.61,1.61,1.61,1.61,1.61,1.61,1.61,body,fail,fail,fail,
morgon,--choice-ink,#241f35,"--accent (solid, e.g. active SV/EN)",--accent,True,0,#6d4fe0,#6d4fe0,2.91,2.91,2.91,2.91,2.91,2.91,2.91,2.91,body,fail,fail,fail,
morgon,--ghost-ink,#241f35,"--accent (solid, e.g. active SV/EN)",--accent,True,0,#6d4fe0,#6d4fe0,2.91,2.91,2.91,2.91,2.91,2.91,2.91,2.91,body,fail,fail,fail,
morgon,--btn-ink,#ffffff,"--accent (solid, e.g. active SV/EN)",--accent,True,0,#6d4fe0,#6d4fe0,5.46,5.46,5.46,5.46,5.46,5.46,5.46,5.46,body,pass,pass,fail,yes
morgon,"footer Beta label (--foot-ink, opacity .8)",#5f5878 @0.80,"--accent (solid, e.g. active SV/EN)",--accent,True,0,#6d4fe0,#6d4fe0,1.19,1.19,1.19,1.19,1.19,1.19,1.19,1.19,body,fail,fail,fail,
morgon,"footer version (--card-sub, opacity .85)",#5f5878 @0.85,"--accent (solid, e.g. active SV/EN)",--accent,True,0,#6d4fe0,#6d4fe0,1.2,1.2,1.2,1.2,1.2,1.2,1.2,1.2,body,fail,fail,fail,
morgon,skip-link ink #241608,#241608,"--accent (solid, e.g. active SV/EN)",--accent,True,0,#6d4fe0,#6d4fe0,3.22,3.22,3.22,3.22,3.22,3.22,3.22,3.22,body,fail,pass,fail,
morgon,primitive --violet #6d4fe0,#6d4fe0,"--accent (solid, e.g. active SV/EN)",--accent,True,0,#6d4fe0,#6d4fe0,1.0,1.0,1.0,1.0,1.0,1.0,1.0,1.0,body,fail,fail,fail,
morgon,primitive --violet-soft #9b87f5,#9b87f5,"--accent (solid, e.g. active SV/EN)",--accent,True,0,#6d4fe0,#6d4fe0,1.87,1.87,1.87,1.87,1.87,1.87,1.87,1.87,body,fail,fail,fail,
morgon,primitive --gold #f2b22e,#f2b22e,"--accent (solid, e.g. active SV/EN)",--accent,True,0,#6d4fe0,#6d4fe0,2.91,2.91,2.91,2.91,2.91,2.91,2.91,2.91,body,fail,fail,fail,
morgon,primitive --coral #ff6154,#ff6154,"--accent (solid, e.g. active SV/EN)",--accent,True,0,#6d4fe0,#6d4fe0,1.84,1.84,1.84,1.84,1.84,1.84,1.84,1.84,body,fail,fail,fail,
morgon,--page-ink,#241f35,"--gold #f2b22e (skip-link, solid)",#f2b22e,True,0,#f2b22e,#f2b22e,8.46,8.46,8.46,8.46,8.46,8.46,8.46,8.46,body,pass,pass,pass,
morgon,--page-sub,#5f5878,"--gold #f2b22e (skip-link, solid)",#f2b22e,True,0,#f2b22e,#f2b22e,3.55,3.55,3.55,3.55,3.55,3.55,3.55,3.55,body,fail,pass,fail,
morgon,--micro-ink,#5f5878,"--gold #f2b22e (skip-link, solid)",#f2b22e,True,0,#f2b22e,#f2b22e,3.55,3.55,3.55,3.55,3.55,3.55,3.55,3.55,body,fail,pass,fail,
morgon,--accent,#6d4fe0,"--gold #f2b22e (skip-link, solid)",#f2b22e,True,0,#f2b22e,#f2b22e,2.91,2.91,2.91,2.91,2.91,2.91,2.91,2.91,body,fail,fail,fail,
morgon,--accent-ink,#5b3fc7,"--gold #f2b22e (skip-link, solid)",#f2b22e,True,0,#f2b22e,#f2b22e,3.75,3.75,3.75,3.75,3.75,3.75,3.75,3.75,body,fail,pass,fail,
morgon,--logo-ink,#6d4fe0,"--gold #f2b22e (skip-link, solid)",#f2b22e,True,0,#f2b22e,#f2b22e,2.91,2.91,2.91,2.91,2.91,2.91,2.91,2.91,body,fail,fail,fail,
morgon,--foot-ink,#5f5878,"--gold #f2b22e (skip-link, solid)",#f2b22e,True,0,#f2b22e,#f2b22e,3.55,3.55,3.55,3.55,3.55,3.55,3.55,3.55,body,fail,pass,fail,
morgon,--card-ink,#241f35,"--gold #f2b22e (skip-link, solid)",#f2b22e,True,0,#f2b22e,#f2b22e,8.46,8.46,8.46,8.46,8.46,8.46,8.46,8.46,body,pass,pass,pass,
morgon,--card-sub,#5f5878,"--gold #f2b22e (skip-link, solid)",#f2b22e,True,0,#f2b22e,#f2b22e,3.55,3.55,3.55,3.55,3.55,3.55,3.55,3.55,body,fail,pass,fail,
morgon,--prose-ink,#3a3450,"--gold #f2b22e (skip-link, solid)",#f2b22e,True,0,#f2b22e,#f2b22e,6.26,6.26,6.26,6.26,6.26,6.26,6.26,6.26,body,pass,pass,fail,
morgon,--chip-ink,#5b3fc7,"--gold #f2b22e (skip-link, solid)",#f2b22e,True,0,#f2b22e,#f2b22e,3.75,3.75,3.75,3.75,3.75,3.75,3.75,3.75,body,fail,pass,fail,
morgon,--pill-ink,#5b3fc7,"--gold #f2b22e (skip-link, solid)",#f2b22e,True,0,#f2b22e,#f2b22e,3.75,3.75,3.75,3.75,3.75,3.75,3.75,3.75,body,fail,pass,fail,
morgon,--gold-chip-ink,#8f6a12,"--gold #f2b22e (skip-link, solid)",#f2b22e,True,0,#f2b22e,#f2b22e,2.64,2.64,2.64,2.64,2.64,2.64,2.64,2.64,body,fail,fail,fail,
morgon,--coral-chip-ink,#c23a2b,"--gold #f2b22e (skip-link, solid)",#f2b22e,True,0,#f2b22e,#f2b22e,2.84,2.84,2.84,2.84,2.84,2.84,2.84,2.84,body,fail,fail,fail,
morgon,--trait-ink,#5f5878,"--gold #f2b22e (skip-link, solid)",#f2b22e,True,0,#f2b22e,#f2b22e,3.55,3.55,3.55,3.55,3.55,3.55,3.55,3.55,body,fail,pass,fail,
morgon,--trait-on-ink,#4a36a8,"--gold #f2b22e (skip-link, solid)",#f2b22e,True,0,#f2b22e,#f2b22e,4.69,4.69,4.69,4.69,4.69,4.69,4.69,4.69,body,pass,pass,fail,
morgon,--choice-ink,#241f35,"--gold #f2b22e (skip-link, solid)",#f2b22e,True,0,#f2b22e,#f2b22e,8.46,8.46,8.46,8.46,8.46,8.46,8.46,8.46,body,pass,pass,pass,
morgon,--ghost-ink,#241f35,"--gold #f2b22e (skip-link, solid)",#f2b22e,True,0,#f2b22e,#f2b22e,8.46,8.46,8.46,8.46,8.46,8.46,8.46,8.46,body,pass,pass,pass,
morgon,--btn-ink,#ffffff,"--gold #f2b22e (skip-link, solid)",#f2b22e,True,0,#f2b22e,#f2b22e,1.88,1.88,1.88,1.88,1.88,1.88,1.88,1.88,body,fail,fail,fail,
morgon,"footer Beta label (--foot-ink, opacity .8)",#5f5878 @0.80,"--gold #f2b22e (skip-link, solid)",#f2b22e,True,0,#f2b22e,#f2b22e,2.71,2.71,2.71,2.71,2.71,2.71,2.71,2.71,body,fail,fail,fail,
morgon,"footer version (--card-sub, opacity .85)",#5f5878 @0.85,"--gold #f2b22e (skip-link, solid)",#f2b22e,True,0,#f2b22e,#f2b22e,2.9,2.9,2.9,2.9,2.9,2.9,2.9,2.9,body,fail,fail,fail,
morgon,skip-link ink #241608,#241608,"--gold #f2b22e (skip-link, solid)",#f2b22e,True,0,#f2b22e,#f2b22e,9.37,9.37,9.37,9.37,9.37,9.37,9.37,9.37,body,pass,pass,pass,yes
morgon,primitive --violet #6d4fe0,#6d4fe0,"--gold #f2b22e (skip-link, solid)",#f2b22e,True,0,#f2b22e,#f2b22e,2.91,2.91,2.91,2.91,2.91,2.91,2.91,2.91,body,fail,fail,fail,
morgon,primitive --violet-soft #9b87f5,#9b87f5,"--gold #f2b22e (skip-link, solid)",#f2b22e,True,0,#f2b22e,#f2b22e,1.56,1.56,1.56,1.56,1.56,1.56,1.56,1.56,body,fail,fail,fail,
morgon,primitive --gold #f2b22e,#f2b22e,"--gold #f2b22e (skip-link, solid)",#f2b22e,True,0,#f2b22e,#f2b22e,1.0,1.0,1.0,1.0,1.0,1.0,1.0,1.0,body,fail,fail,fail,
morgon,primitive --coral #ff6154,#ff6154,"--gold #f2b22e (skip-link, solid)",#f2b22e,True,0,#f2b22e,#f2b22e,1.58,1.58,1.58,1.58,1.58,1.58,1.58,1.58,body,fail,fail,fail,
