page,lang,viewport,tag,class,text,family,font-size,font-weight,font-style,line-height,letter-spacing,text-transform,text-align,width_px,natt_color,morgon_color,natt_text-shadow,morgon_text-shadow,font-family (full stack)
404,en,desktop,a,skip-link,Skip to content,Schibsted Grotesk,16px,800,normal,normal,normal,none,start,148,"rgb(36, 22, 8)","rgb(36, 22, 8)",none,none,"""Schibsted Grotesk"", ""Schibsted Grotesk Fallback"", ""Segoe UI"", system-ui, sans-serif"
404,en,desktop,a,logo,Tale Forge,Cinzel,27.52px,700,normal,normal,3px,uppercase,start,261,"rgb(245, 197, 66)","rgb(109, 79, 224)","rgba(5, 8, 20, 0.8) 0px 2px 6px, rgba(245, 197, 66, 0.45) 0px 0px 34px","rgba(36, 31, 53, 0.18) 0px 1px 2px, rgba(109, 79, 224, 0.32) 0px 0px 24px","Cinzel, ""Cinzel Fallback"", ""Playfair Display"", Georgia, serif"
404,en,desktop,a,,Login,Schibsted Grotesk,13.12px,700,normal,13.12px,normal,none,start,57,"rgb(181, 172, 211)","rgb(95, 88, 120)",none,none,"""Schibsted Grotesk"", ""Schibsted Grotesk Fallback"", ""Segoe UI"", system-ui, sans-serif"
404,en,desktop,a,,Pricing,Schibsted Grotesk,13.12px,700,normal,13.12px,normal,none,start,67,"rgb(181, 172, 211)","rgb(95, 88, 120)",none,none,"""Schibsted Grotesk"", ""Schibsted Grotesk Fallback"", ""Segoe UI"", system-ui, sans-serif"
404,en,desktop,button,,SV,Schibsted Grotesk,13.12px,700,normal,normal,0.2624px,none,center,44,"rgb(181, 172, 211)","rgb(95, 88, 120)",none,none,"""Schibsted Grotesk"", ""Schibsted Grotesk Fallback"", ""Segoe UI"", system-ui, sans-serif"
404,en,desktop,button,,EN,Schibsted Grotesk,13.12px,800,normal,normal,0.2624px,none,center,44,"rgb(58, 43, 16)","rgb(255, 255, 255)",none,none,"""Schibsted Grotesk"", ""Schibsted Grotesk Fallback"", ""Segoe UI"", system-ui, sans-serif"
404,en,desktop,span,tt-opt night,Night,Schibsted Grotesk,15.2px,700,normal,normal,normal,none,center,90,"rgb(58, 43, 16)","rgb(36, 31, 53)",none,none,"""Schibsted Grotesk"", ""Schibsted Grotesk Fallback"", ""Segoe UI"", system-ui, sans-serif"
404,en,desktop,span,tt-opt day,Morning,Schibsted Grotesk,15.2px,700,normal,normal,normal,none,center,112,"rgb(255, 243, 217)","rgb(255, 255, 255)",none,none,"""Schibsted Grotesk"", ""Schibsted Grotesk Fallback"", ""Segoe UI"", system-ui, sans-serif"
404,en,desktop,h2,,Page not found,Lora,32px,600,normal,normal,-0.32px,none,center,223,"rgb(255, 247, 233)","rgb(36, 31, 53)",none,none,"Lora, ""Lora Fallback"", Georgia, serif"
404,en,desktop,p,prose-plain,This page wandered off into the story world.,Source Serif 4,16.8px,400,normal,28.56px,normal,none,center,370,"rgb(234, 228, 245)","rgb(58, 52, 80)",none,none,"""Source Serif 4"", ""Source Serif 4 Fallback"", Georgia, serif"
404,en,desktop,a,btn btn-primary,Back to start,Schibsted Grotesk,16.8px,700,normal,normal,normal,none,center,164,"rgb(58, 43, 16)","rgb(255, 255, 255)",none,none,"""Schibsted Grotesk"", ""Schibsted Grotesk Fallback"", ""Segoe UI"", system-ui, sans-serif"
404,en,desktop,span,,"Tale Forge, storybooks that remember your world.",Schibsted Grotesk,14.4px,400,normal,normal,normal,none,start,334,"rgb(183, 169, 214)","rgb(95, 88, 120)",none,none,"""Schibsted Grotesk"", ""Schibsted Grotesk Fallback"", ""Segoe UI"", system-ui, sans-serif"
404,en,desktop,span,,Beta,Schibsted Grotesk,11.2px,400,normal,normal,0.336px,none,start,41,"rgb(183, 169, 214)","rgb(95, 88, 120)",none,none,"""Schibsted Grotesk"", ""Schibsted Grotesk Fallback"", ""Segoe UI"", system-ui, sans-serif"
404,en,desktop,span,,Version 16ab1756 · 26 Sep 2026,Schibsted Grotesk,12.8px,400,normal,normal,normal,none,start,385,"rgb(181, 172, 211)","rgb(95, 88, 120)",none,none,"""Schibsted Grotesk"", ""Schibsted Grotesk Fallback"", ""Segoe UI"", system-ui, sans-serif"
404,en,desktop,span,,"Tale Forge AB, reg. no. 559543-1122, Varnamo, Sweden",Schibsted Grotesk,14.4px,400,normal,normal,normal,none,start,364,"rgb(181, 172, 211)","rgb(95, 88, 120)",none,none,"""Schibsted Grotesk"", ""Schibsted Grotesk Fallback"", ""Segoe UI"", system-ui, sans-serif"
404,en,desktop,a,,Contact,Schibsted Grotesk,14.4px,400,normal,normal,normal,none,start,52,"rgb(181, 172, 211)","rgb(95, 88, 120)",none,none,"""Schibsted Grotesk"", ""Schibsted Grotesk Fallback"", ""Segoe UI"", system-ui, sans-serif"
404,en,desktop,a,,Privacy,Schibsted Grotesk,14.4px,400,normal,normal,normal,none,start,49,"rgb(181, 172, 211)","rgb(95, 88, 120)",none,none,"""Schibsted Grotesk"", ""Schibsted Grotesk Fallback"", ""Segoe UI"", system-ui, sans-serif"
404,en,desktop,a,,Terms,Schibsted Grotesk,14.4px,400,normal,normal,normal,none,start,41,"rgb(181, 172, 211)","rgb(95, 88, 120)",none,none,"""Schibsted Grotesk"", ""Schibsted Grotesk Fallback"", ""Segoe UI"", system-ui, sans-serif"
404,en,mobile,a,skip-link,Skip to content,Schibsted Grotesk,16px,800,normal,normal,normal,none,start,148,"rgb(36, 22, 8)","rgb(36, 22, 8)",none,none,"""Schibsted Grotesk"", ""Schibsted Grotesk Fallback"", ""Segoe UI"", system-ui, sans-serif"
404,en,mobile,a,logo,Tale Forge,Cinzel,16.8px,700,normal,normal,1.5px,uppercase,start,158,"rgb(245, 197, 66)","rgb(109, 79, 224)","rgba(5, 8, 20, 0.8) 0px 2px 6px, rgba(245, 197, 66, 0.45) 0px 0px 34px","rgba(36, 31, 53, 0.18) 0px 1px 2px, rgba(109, 79, 224, 0.32) 0px 0px 24px","Cinzel, ""Cinzel Fallback"", ""Playfair Display"", Georgia, serif"
404,en,mobile,a,,Login,Schibsted Grotesk,13.12px,700,normal,13.12px,normal,none,start,57,"rgb(181, 172, 211)","rgb(95, 88, 120)",none,none,"""Schibsted Grotesk"", ""Schibsted Grotesk Fallback"", ""Segoe UI"", system-ui, sans-serif"
404,en,mobile,a,,Pricing,Schibsted Grotesk,13.12px,700,normal,13.12px,normal,none,start,67,"rgb(181, 172, 211)","rgb(95, 88, 120)",none,none,"""Schibsted Grotesk"", ""Schibsted Grotesk Fallback"", ""Segoe UI"", system-ui, sans-serif"
404,en,mobile,button,,SV,Schibsted Grotesk,13.12px,700,normal,normal,0.2624px,none,center,44,"rgb(181, 172, 211)","rgb(95, 88, 120)",none,none,"""Schibsted Grotesk"", ""Schibsted Grotesk Fallback"", ""Segoe UI"", system-ui, sans-serif"
404,en,mobile,button,,EN,Schibsted Grotesk,13.12px,800,normal,normal,0.2624px,none,center,44,"rgb(58, 43, 16)","rgb(255, 255, 255)",none,none,"""Schibsted Grotesk"", ""Schibsted Grotesk Fallback"", ""Segoe UI"", system-ui, sans-serif"
404,en,mobile,span,tt-opt night,Night,Schibsted Grotesk,0px,700,normal,normal,normal,none,center,31,"rgb(58, 43, 16)","rgb(36, 31, 53)",none,none,"""Schibsted Grotesk"", ""Schibsted Grotesk Fallback"", ""Segoe UI"", system-ui, sans-serif"
404,en,mobile,span,tt-opt day,Morning,Schibsted Grotesk,0px,700,normal,normal,normal,none,center,31,"rgb(255, 243, 217)","rgb(255, 255, 255)",none,none,"""Schibsted Grotesk"", ""Schibsted Grotesk Fallback"", ""Segoe UI"", system-ui, sans-serif"
404,en,mobile,h2,,Page not found,Lora,24px,600,normal,normal,-0.24px,none,center,168,"rgb(255, 247, 233)","rgb(36, 31, 53)",none,none,"Lora, ""Lora Fallback"", Georgia, serif"
404,en,mobile,p,prose-plain,This page wandered off into the story world.,Source Serif 4,16.8px,400,normal,28.56px,normal,none,center,264,"rgb(234, 228, 245)","rgb(58, 52, 80)",none,none,"""Source Serif 4"", ""Source Serif 4 Fallback"", Georgia, serif"
404,en,mobile,a,btn btn-primary,Back to start,Schibsted Grotesk,16.8px,700,normal,normal,normal,none,center,164,"rgb(58, 43, 16)","rgb(255, 255, 255)",none,none,"""Schibsted Grotesk"", ""Schibsted Grotesk Fallback"", ""Segoe UI"", system-ui, sans-serif"
404,en,mobile,span,,"Tale Forge, storybooks that remember your world.",Schibsted Grotesk,14.4px,400,normal,normal,normal,none,start,334,"rgb(183, 169, 214)","rgb(95, 88, 120)",none,none,"""Schibsted Grotesk"", ""Schibsted Grotesk Fallback"", ""Segoe UI"", system-ui, sans-serif"
404,en,mobile,span,,Beta,Schibsted Grotesk,11.2px,400,normal,normal,0.336px,none,start,41,"rgb(183, 169, 214)","rgb(95, 88, 120)",none,none,"""Schibsted Grotesk"", ""Schibsted Grotesk Fallback"", ""Segoe UI"", system-ui, sans-serif"
404,en,mobile,span,,Version 16ab1756 · 26 Sep 2026,Schibsted Grotesk,12.8px,400,normal,normal,normal,none,start,334,"rgb(181, 172, 211)","rgb(95, 88, 120)",none,none,"""Schibsted Grotesk"", ""Schibsted Grotesk Fallback"", ""Segoe UI"", system-ui, sans-serif"
404,en,mobile,span,,"Tale Forge AB, reg. no. 559543-1122, Varnamo, Sweden",Schibsted Grotesk,14.4px,400,normal,normal,normal,none,start,334,"rgb(181, 172, 211)","rgb(95, 88, 120)",none,none,"""Schibsted Grotesk"", ""Schibsted Grotesk Fallback"", ""Segoe UI"", system-ui, sans-serif"
404,en,mobile,a,,Contact,Schibsted Grotesk,14.4px,400,normal,normal,normal,none,start,52,"rgb(181, 172, 211)","rgb(95, 88, 120)",none,none,"""Schibsted Grotesk"", ""Schibsted Grotesk Fallback"", ""Segoe UI"", system-ui, sans-serif"
404,en,mobile,a,,Privacy,Schibsted Grotesk,14.4px,400,normal,normal,normal,none,start,49,"rgb(181, 172, 211)","rgb(95, 88, 120)",none,none,"""Schibsted Grotesk"", ""Schibsted Grotesk Fallback"", ""Segoe UI"", system-ui, sans-serif"
404,en,mobile,a,,Terms,Schibsted Grotesk,14.4px,400,normal,normal,normal,none,start,41,"rgb(181, 172, 211)","rgb(95, 88, 120)",none,none,"""Schibsted Grotesk"", ""Schibsted Grotesk Fallback"", ""Segoe UI"", system-ui, sans-serif"
404,sv,desktop,a,skip-link,Hoppa till innehållet,Schibsted Grotesk,16px,800,normal,normal,normal,none,start,188,"rgb(36, 22, 8)","rgb(36, 22, 8)",none,none,"""Schibsted Grotesk"", ""Schibsted Grotesk Fallback"", ""Segoe UI"", system-ui, sans-serif"
404,sv,desktop,a,logo,Tale Forge,Cinzel,27.52px,700,normal,normal,3px,uppercase,start,261,"rgb(245, 197, 66)","rgb(109, 79, 224)","rgba(5, 8, 20, 0.8) 0px 2px 6px, rgba(245, 197, 66, 0.45) 0px 0px 34px","rgba(36, 31, 53, 0.18) 0px 1px 2px, rgba(109, 79, 224, 0.32) 0px 0px 24px","Cinzel, ""Cinzel Fallback"", ""Playfair Display"", Georgia, serif"
404,sv,desktop,a,,Logga in,Schibsted Grotesk,13.12px,700,normal,13.12px,normal,none,start,75,"rgb(181, 172, 211)","rgb(95, 88, 120)",none,none,"""Schibsted Grotesk"", ""Schibsted Grotesk Fallback"", ""Segoe UI"", system-ui, sans-serif"
404,sv,desktop,a,,Priser,Schibsted Grotesk,13.12px,700,normal,13.12px,normal,none,start,61,"rgb(181, 172, 211)","rgb(95, 88, 120)",none,none,"""Schibsted Grotesk"", ""Schibsted Grotesk Fallback"", ""Segoe UI"", system-ui, sans-serif"
404,sv,desktop,button,,SV,Schibsted Grotesk,13.12px,800,normal,normal,0.2624px,none,center,44,"rgb(58, 43, 16)","rgb(255, 255, 255)",none,none,"""Schibsted Grotesk"", ""Schibsted Grotesk Fallback"", ""Segoe UI"", system-ui, sans-serif"
404,sv,desktop,button,,EN,Schibsted Grotesk,13.12px,700,normal,normal,0.2624px,none,center,44,"rgb(181, 172, 211)","rgb(95, 88, 120)",none,none,"""Schibsted Grotesk"", ""Schibsted Grotesk Fallback"", ""Segoe UI"", system-ui, sans-serif"
404,sv,desktop,span,tt-opt night,Natt,Schibsted Grotesk,15.2px,700,normal,normal,normal,none,center,82,"rgb(58, 43, 16)","rgb(36, 31, 53)",none,none,"""Schibsted Grotesk"", ""Schibsted Grotesk Fallback"", ""Segoe UI"", system-ui, sans-serif"
404,sv,desktop,span,tt-opt day,Morgon,Schibsted Grotesk,15.2px,700,normal,normal,normal,none,center,107,"rgb(255, 243, 217)","rgb(255, 255, 255)",none,none,"""Schibsted Grotesk"", ""Schibsted Grotesk Fallback"", ""Segoe UI"", system-ui, sans-serif"
404,sv,desktop,h2,,Sidan finns inte,Lora,32px,600,normal,normal,-0.32px,none,center,235,"rgb(255, 247, 233)","rgb(36, 31, 53)",none,none,"Lora, ""Lora Fallback"", Georgia, serif"
404,sv,desktop,p,prose-plain,Den här sidan har vandrat iväg i sagovärlden.,Source Serif 4,16.8px,400,normal,28.56px,normal,none,center,370,"rgb(234, 228, 245)","rgb(58, 52, 80)",none,none,"""Source Serif 4"", ""Source Serif 4 Fallback"", Georgia, serif"
404,sv,desktop,a,btn btn-primary,Till startsidan,Schibsted Grotesk,16.8px,700,normal,normal,normal,none,center,174,"rgb(58, 43, 16)","rgb(255, 255, 255)",none,none,"""Schibsted Grotesk"", ""Schibsted Grotesk Fallback"", ""Segoe UI"", system-ui, sans-serif"
404,sv,desktop,span,,"Tale Forge, sagor som minns er värld.",Schibsted Grotesk,14.4px,400,normal,normal,normal,none,start,249,"rgb(183, 169, 214)","rgb(95, 88, 120)",none,none,"""Schibsted Grotesk"", ""Schibsted Grotesk Fallback"", ""Segoe UI"", system-ui, sans-serif"
404,sv,desktop,span,,Beta,Schibsted Grotesk,11.2px,400,normal,normal,0.336px,none,start,41,"rgb(183, 169, 214)","rgb(95, 88, 120)",none,none,"""Schibsted Grotesk"", ""Schibsted Grotesk Fallback"", ""Segoe UI"", system-ui, sans-serif"
404,sv,desktop,span,,Version 16ab1756 · 26 sep. 2026,Schibsted Grotesk,12.8px,400,normal,normal,normal,none,start,300,"rgb(181, 172, 211)","rgb(95, 88, 120)",none,none,"""Schibsted Grotesk"", ""Schibsted Grotesk Fallback"", ""Segoe UI"", system-ui, sans-serif"
404,sv,desktop,span,,"Tale Forge AB, org.nr 559543-1122, Värnamo, Sverige",Schibsted Grotesk,14.4px,400,normal,normal,normal,none,start,351,"rgb(181, 172, 211)","rgb(95, 88, 120)",none,none,"""Schibsted Grotesk"", ""Schibsted Grotesk Fallback"", ""Segoe UI"", system-ui, sans-serif"
404,sv,desktop,a,,Kontakt,Schibsted Grotesk,14.4px,400,normal,normal,normal,none,start,51,"rgb(181, 172, 211)","rgb(95, 88, 120)",none,none,"""Schibsted Grotesk"", ""Schibsted Grotesk Fallback"", ""Segoe UI"", system-ui, sans-serif"
404,sv,desktop,a,,Integritet,Schibsted Grotesk,14.4px,400,normal,normal,normal,none,start,61,"rgb(181, 172, 211)","rgb(95, 88, 120)",none,none,"""Schibsted Grotesk"", ""Schibsted Grotesk Fallback"", ""Segoe UI"", system-ui, sans-serif"
404,sv,desktop,a,,Villkor,Schibsted Grotesk,14.4px,400,normal,normal,normal,none,start,43,"rgb(181, 172, 211)","rgb(95, 88, 120)",none,none,"""Schibsted Grotesk"", ""Schibsted Grotesk Fallback"", ""Segoe UI"", system-ui, sans-serif"
404,sv,mobile,a,skip-link,Hoppa till innehållet,Schibsted Grotesk,16px,800,normal,normal,normal,none,start,188,"rgb(36, 22, 8)","rgb(36, 22, 8)",none,none,"""Schibsted Grotesk"", ""Schibsted Grotesk Fallback"", ""Segoe UI"", system-ui, sans-serif"
404,sv,mobile,a,logo,Tale Forge,Cinzel,16.8px,700,normal,normal,1.5px,uppercase,start,158,"rgb(245, 197, 66)","rgb(109, 79, 224)","rgba(5, 8, 20, 0.8) 0px 2px 6px, rgba(245, 197, 66, 0.45) 0px 0px 34px","rgba(36, 31, 53, 0.18) 0px 1px 2px, rgba(109, 79, 224, 0.32) 0px 0px 24px","Cinzel, ""Cinzel Fallback"", ""Playfair Display"", Georgia, serif"
404,sv,mobile,a,,Logga in,Schibsted Grotesk,13.12px,700,normal,13.12px,normal,none,start,75,"rgb(181, 172, 211)","rgb(95, 88, 120)",none,none,"""Schibsted Grotesk"", ""Schibsted Grotesk Fallback"", ""Segoe UI"", system-ui, sans-serif"
404,sv,mobile,a,,Priser,Schibsted Grotesk,13.12px,700,normal,13.12px,normal,none,start,61,"rgb(181, 172, 211)","rgb(95, 88, 120)",none,none,"""Schibsted Grotesk"", ""Schibsted Grotesk Fallback"", ""Segoe UI"", system-ui, sans-serif"
404,sv,mobile,button,,SV,Schibsted Grotesk,13.12px,800,normal,normal,0.2624px,none,center,44,"rgb(58, 43, 16)","rgb(255, 255, 255)",none,none,"""Schibsted Grotesk"", ""Schibsted Grotesk Fallback"", ""Segoe UI"", system-ui, sans-serif"
404,sv,mobile,button,,EN,Schibsted Grotesk,13.12px,700,normal,normal,0.2624px,none,center,44,"rgb(181, 172, 211)","rgb(95, 88, 120)",none,none,"""Schibsted Grotesk"", ""Schibsted Grotesk Fallback"", ""Segoe UI"", system-ui, sans-serif"
404,sv,mobile,span,tt-opt night,Natt,Schibsted Grotesk,0px,700,normal,normal,normal,none,center,31,"rgb(58, 43, 16)","rgb(36, 31, 53)",none,none,"""Schibsted Grotesk"", ""Schibsted Grotesk Fallback"", ""Segoe UI"", system-ui, sans-serif"
404,sv,mobile,span,tt-opt day,Morgon,Schibsted Grotesk,0px,700,normal,normal,normal,none,center,31,"rgb(255, 243, 217)","rgb(255, 255, 255)",none,none,"""Schibsted Grotesk"", ""Schibsted Grotesk Fallback"", ""Segoe UI"", system-ui, sans-serif"
404,sv,mobile,h2,,Sidan finns inte,Lora,24px,600,normal,normal,-0.24px,none,center,176,"rgb(255, 247, 233)","rgb(36, 31, 53)",none,none,"Lora, ""Lora Fallback"", Georgia, serif"
404,sv,mobile,p,prose-plain,Den här sidan har vandrat iväg i sagovärlden.,Source Serif 4,16.8px,400,normal,28.56px,normal,none,center,264,"rgb(234, 228, 245)","rgb(58, 52, 80)",none,none,"""Source Serif 4"", ""Source Serif 4 Fallback"", Georgia, serif"
404,sv,mobile,a,btn btn-primary,Till startsidan,Schibsted Grotesk,16.8px,700,normal,normal,normal,none,center,174,"rgb(58, 43, 16)","rgb(255, 255, 255)",none,none,"""Schibsted Grotesk"", ""Schibsted Grotesk Fallback"", ""Segoe UI"", system-ui, sans-serif"
404,sv,mobile,span,,"Tale Forge, sagor som minns er värld.",Schibsted Grotesk,14.4px,400,normal,normal,normal,none,start,249,"rgb(183, 169, 214)","rgb(95, 88, 120)",none,none,"""Schibsted Grotesk"", ""Schibsted Grotesk Fallback"", ""Segoe UI"", system-ui, sans-serif"
404,sv,mobile,span,,Beta,Schibsted Grotesk,11.2px,400,normal,normal,0.336px,none,start,41,"rgb(183, 169, 214)","rgb(95, 88, 120)",none,none,"""Schibsted Grotesk"", ""Schibsted Grotesk Fallback"", ""Segoe UI"", system-ui, sans-serif"
404,sv,mobile,span,,Version 16ab1756 · 26 sep. 2026,Schibsted Grotesk,12.8px,400,normal,normal,normal,none,start,300,"rgb(181, 172, 211)","rgb(95, 88, 120)",none,none,"""Schibsted Grotesk"", ""Schibsted Grotesk Fallback"", ""Segoe UI"", system-ui, sans-serif"
404,sv,mobile,span,,"Tale Forge AB, org.nr 559543-1122, Värnamo, Sverige",Schibsted Grotesk,14.4px,400,normal,normal,normal,none,start,334,"rgb(181, 172, 211)","rgb(95, 88, 120)",none,none,"""Schibsted Grotesk"", ""Schibsted Grotesk Fallback"", ""Segoe UI"", system-ui, sans-serif"
404,sv,mobile,a,,Kontakt,Schibsted Grotesk,14.4px,400,normal,normal,normal,none,start,51,"rgb(181, 172, 211)","rgb(95, 88, 120)",none,none,"""Schibsted Grotesk"", ""Schibsted Grotesk Fallback"", ""Segoe UI"", system-ui, sans-serif"
404,sv,mobile,a,,Integritet,Schibsted Grotesk,14.4px,400,normal,normal,normal,none,start,61,"rgb(181, 172, 211)","rgb(95, 88, 120)",none,none,"""Schibsted Grotesk"", ""Schibsted Grotesk Fallback"", ""Segoe UI"", system-ui, sans-serif"
404,sv,mobile,a,,Villkor,Schibsted Grotesk,14.4px,400,normal,normal,normal,none,start,43,"rgb(181, 172, 211)","rgb(95, 88, 120)",none,none,"""Schibsted Grotesk"", ""Schibsted Grotesk Fallback"", ""Segoe UI"", system-ui, sans-serif"
home,en,desktop,a,skip-link,Skip to content,Schibsted Grotesk,16px,800,normal,normal,normal,none,start,148,"rgb(36, 22, 8)","rgb(36, 22, 8)",none,none,"""Schibsted Grotesk"", ""Schibsted Grotesk Fallback"", ""Segoe UI"", system-ui, sans-serif"
home,en,desktop,a,logo,Tale Forge,Cinzel,27.52px,700,normal,normal,3px,uppercase,start,261,"rgb(245, 197, 66)","rgb(109, 79, 224)","rgba(5, 8, 20, 0.8) 0px 2px 6px, rgba(245, 197, 66, 0.45) 0px 0px 34px","rgba(36, 31, 53, 0.18) 0px 1px 2px, rgba(109, 79, 224, 0.32) 0px 0px 24px","Cinzel, ""Cinzel Fallback"", ""Playfair Display"", Georgia, serif"
home,en,desktop,a,,Login,Schibsted Grotesk,13.12px,700,normal,13.12px,normal,none,start,57,"rgb(181, 172, 211)","rgb(95, 88, 120)",none,none,"""Schibsted Grotesk"", ""Schibsted Grotesk Fallback"", ""Segoe UI"", system-ui, sans-serif"
home,en,desktop,a,,Pricing,Schibsted Grotesk,13.12px,700,normal,13.12px,normal,none,start,67,"rgb(181, 172, 211)","rgb(95, 88, 120)",none,none,"""Schibsted Grotesk"", ""Schibsted Grotesk Fallback"", ""Segoe UI"", system-ui, sans-serif"
home,en,desktop,button,,SV,Schibsted Grotesk,13.12px,700,normal,normal,0.2624px,none,center,44,"rgb(181, 172, 211)","rgb(95, 88, 120)",none,none,"""Schibsted Grotesk"", ""Schibsted Grotesk Fallback"", ""Segoe UI"", system-ui, sans-serif"
home,en,desktop,button,,EN,Schibsted Grotesk,13.12px,800,normal,normal,0.2624px,none,center,44,"rgb(58, 43, 16)","rgb(255, 255, 255)",none,none,"""Schibsted Grotesk"", ""Schibsted Grotesk Fallback"", ""Segoe UI"", system-ui, sans-serif"
home,en,desktop,span,tt-opt night,Night,Schibsted Grotesk,15.2px,700,normal,normal,normal,none,center,90,"rgb(58, 43, 16)","rgb(36, 31, 53)",none,none,"""Schibsted Grotesk"", ""Schibsted Grotesk Fallback"", ""Segoe UI"", system-ui, sans-serif"
home,en,desktop,span,tt-opt day,Morning,Schibsted Grotesk,15.2px,700,normal,normal,normal,none,center,112,"rgb(255, 243, 217)","rgb(255, 255, 255)",none,none,"""Schibsted Grotesk"", ""Schibsted Grotesk Fallback"", ""Segoe UI"", system-ui, sans-serif"
home,en,desktop,span,kicker,Demo: Alva's world · 2 books,Schibsted Grotesk,13.6px,700,normal,normal,normal,none,start,244,"rgb(232, 223, 201)","rgb(91, 63, 199)",none,none,"""Schibsted Grotesk"", ""Schibsted Grotesk Fallback"", ""Segoe UI"", system-ui, sans-serif"
home,en,desktop,h1,,A world that .,Lora,70.4px,700,normal,74.624px,-1.056px,none,start,538,"rgb(255, 247, 233)","rgb(36, 31, 53)","rgba(12, 8, 40, 0.35) 0px 2px 30px",none,"Lora, ""Lora Fallback"", Georgia, serif"
home,en,desktop,span,grad,remembers her,Lora,70.4px,700,normal,74.624px,-1.056px,none,start,501,"rgb(245, 197, 66)","rgb(91, 63, 199)","rgba(12, 8, 40, 0.35) 0px 2px 30px",none,"Lora, ""Lora Fallback"", Georgia, serif"
home,en,desktop,p,lede,"The painted hero returns. Choices change what happens, and l",Source Serif 4,20.48px,400,normal,33.792px,normal,none,start,498,"rgb(217, 207, 238)","rgb(95, 88, 120)",none,none,"""Source Serif 4"", ""Source Serif 4 Fallback"", Georgia, serif"
home,en,desktop,a,btn btn-primary,Create your hero,Schibsted Grotesk,16.8px,700,normal,normal,normal,none,start,198,"rgb(58, 43, 16)","rgb(255, 255, 255)",none,none,"""Schibsted Grotesk"", ""Schibsted Grotesk Fallback"", ""Segoe UI"", system-ui, sans-serif"
home,en,desktop,span,cta-microcopy,"The first book is free, no card needed. After that $14.99 a ",Schibsted Grotesk,13.6px,400,normal,normal,normal,none,start,405,"rgb(217, 207, 238)","rgb(95, 88, 120)",none,none,"""Schibsted Grotesk"", ""Schibsted Grotesk Fallback"", ""Segoe UI"", system-ui, sans-serif"
home,en,desktop,a,btn btn-ghost,See how it works,Schibsted Grotesk,16.8px,700,normal,normal,normal,none,start,201,"rgb(255, 243, 217)","rgb(36, 31, 53)",none,none,"""Schibsted Grotesk"", ""Schibsted Grotesk Fallback"", ""Segoe UI"", system-ui, sans-serif"
home,en,desktop,b,,Sixten remembers the tower,Schibsted Grotesk,15.2px,700,normal,normal,normal,none,start,212,"rgb(242, 238, 255)","rgb(36, 31, 53)",none,none,"""Schibsted Grotesk"", ""Schibsted Grotesk Fallback"", ""Segoe UI"", system-ui, sans-serif"
home,en,desktop,span,,"from ""Alva and the Fourth Candle""",Schibsted Grotesk,12.8px,400,normal,normal,normal,none,start,212,"rgb(181, 172, 211)","rgb(95, 88, 120)",none,none,"""Schibsted Grotesk"", ""Schibsted Grotesk Fallback"", ""Segoe UI"", system-ui, sans-serif"
home,en,desktop,span,hiw-kicker,How it works,Schibsted Grotesk,13.12px,700,normal,normal,2px,uppercase,start,155,"rgb(201, 188, 255)","rgb(91, 63, 199)",none,none,"""Schibsted Grotesk"", ""Schibsted Grotesk Fallback"", ""Segoe UI"", system-ui, sans-serif"
home,en,desktop,h2,hiw-headline,Adventures worth talking about.,Lora,43.2px,700,normal,normal,-0.648px,none,start,1064,"rgb(255, 247, 233)","rgb(36, 31, 53)",none,none,"Lora, ""Lora Fallback"", Georgia, serif"
home,en,desktop,p,hiw-lede,From one photo to a narrated picture book with four differen,Source Serif 4,17.6px,400,normal,29.92px,normal,none,start,521,"rgb(217, 207, 238)","rgb(95, 88, 120)",none,none,"""Source Serif 4"", ""Source Serif 4 Fallback"", Georgia, serif"
home,en,desktop,span,hiw-node,1,Lora,16.8px,700,normal,normal,normal,none,start,40,"rgb(255, 217, 143)","rgb(143, 106, 18)",none,none,"Lora, ""Lora Fallback"", Georgia, serif"
home,en,desktop,h3,,Build your hero,Lora,21.6px,700,normal,normal,normal,none,start,473,"rgb(255, 247, 233)","rgb(36, 31, 53)",none,none,"Lora, ""Lora Fallback"", Georgia, serif"
home,en,desktop,p,hiw-step-copy,Upload a photo and pick what makes your child your child. We,Source Serif 4,16.32px,400,normal,28.56px,normal,none,start,449,"rgb(217, 207, 238)","rgb(95, 88, 120)",none,none,"""Source Serif 4"", ""Source Serif 4 Fallback"", Georgia, serif"
home,en,desktop,p,hiw-micro,The portrait shapes both the pictures and the story.,Schibsted Grotesk,14.08px,600,normal,normal,normal,none,start,473,color(srgb 0.85098 0.811765 0.933333 / 0.85),"rgb(95, 88, 120)",none,none,"""Schibsted Grotesk"", ""Schibsted Grotesk Fallback"", ""Segoe UI"", system-ui, sans-serif"
home,en,desktop,span,hiw-ai-chip,Created with AI,Schibsted Grotesk,12.16px,700,normal,normal,normal,none,start,117,"rgb(36, 31, 53)","rgb(36, 31, 53)",none,none,"""Schibsted Grotesk"", ""Schibsted Grotesk Fallback"", ""Segoe UI"", system-ui, sans-serif"
home,en,desktop,b,,Noah,Schibsted Grotesk,15.2px,700,normal,normal,normal,none,start,139,"rgb(242, 238, 255)","rgb(36, 31, 53)",none,none,"""Schibsted Grotesk"", ""Schibsted Grotesk Fallback"", ""Segoe UI"", system-ui, sans-serif"
home,en,desktop,span,,best friend · in 2 books,Schibsted Grotesk,13.12px,400,normal,normal,normal,none,start,139,"rgb(181, 172, 211)","rgb(95, 88, 120)",none,none,"""Schibsted Grotesk"", ""Schibsted Grotesk Fallback"", ""Segoe UI"", system-ui, sans-serif"
home,en,desktop,b,,Sixten,Schibsted Grotesk,15.2px,700,normal,normal,normal,none,start,276,"rgb(242, 238, 255)","rgb(36, 31, 53)",none,none,"""Schibsted Grotesk"", ""Schibsted Grotesk Fallback"", ""Segoe UI"", system-ui, sans-serif"
home,en,desktop,span,,the mountain fox · comes along in every book,Schibsted Grotesk,13.12px,400,normal,normal,normal,none,start,276,"rgb(181, 172, 211)","rgb(95, 88, 120)",none,none,"""Schibsted Grotesk"", ""Schibsted Grotesk Fallback"", ""Segoe UI"", system-ui, sans-serif"
home,en,desktop,div,hiw-invite-slot,+,Schibsted Grotesk,17.6px,700,normal,normal,normal,none,start,427,"rgb(232, 223, 201)","rgb(91, 63, 199)",none,none,"""Schibsted Grotesk"", ""Schibsted Grotesk Fallback"", ""Segoe UI"", system-ui, sans-serif"
home,en,desktop,p,hiw-step-copy,"Pick tonight's theme and mood. Then we write, paint, and nar",Source Serif 4,16.32px,400,normal,28.56px,normal,none,start,449,"rgb(217, 207, 238)","rgb(95, 88, 120)",none,none,"""Source Serif 4"", ""Source Serif 4 Fallback"", Georgia, serif"
home,en,desktop,span,hiw-bake-line,The book is baking. About ten minutes to go.,Schibsted Grotesk,13.6px,400,normal,normal,normal,none,start,427,"rgb(181, 172, 211)","rgb(95, 88, 120)",none,none,"""Schibsted Grotesk"", ""Schibsted Grotesk Fallback"", ""Segoe UI"", system-ui, sans-serif"
home,en,desktop,p,hiw-micro,"No pretend choices. Both paths are written, painted, and nar",Schibsted Grotesk,14.08px,600,normal,normal,normal,none,start,473,color(srgb 0.85098 0.811765 0.933333 / 0.85),"rgb(95, 88, 120)",none,none,"""Schibsted Grotesk"", ""Schibsted Grotesk Fallback"", ""Segoe UI"", system-ui, sans-serif"
home,en,desktop,span,,Hear the narrator,Schibsted Grotesk,15.2px,700,normal,normal,normal,none,center,129,"rgb(58, 43, 16)","rgb(255, 255, 255)",none,none,"""Schibsted Grotesk"", ""Schibsted Grotesk Fallback"", ""Segoe UI"", system-ui, sans-serif"
home,en,desktop,span,hiw-voice-chip,Grandpa Erik,Schibsted Grotesk,13.6px,700,normal,normal,normal,none,start,142,"rgb(232, 223, 201)","rgb(91, 63, 199)",none,none,"""Schibsted Grotesk"", ""Schibsted Grotesk Fallback"", ""Segoe UI"", system-ui, sans-serif"
home,en,desktop,p,hiw-mock-prose,Iris stepped between the windowsill and the rug and placed t,Source Serif 4,16.32px,400,normal,27.744px,normal,none,start,471,"rgb(234, 228, 245)","rgb(58, 52, 80)",none,none,"""Source Serif 4"", ""Source Serif 4 Fallback"", Georgia, serif"
home,en,desktop,span,hiw-choice,Go with Mossa to the green rug.,Schibsted Grotesk,14.4px,600,normal,normal,normal,none,center,209,"rgb(242, 238, 255)","rgb(36, 31, 53)",none,none,"""Schibsted Grotesk"", ""Schibsted Grotesk Fallback"", ""Segoe UI"", system-ui, sans-serif"
home,en,desktop,h3,,Four different endings,Lora,21.6px,700,normal,normal,normal,none,start,976,"rgb(255, 247, 233)","rgb(36, 31, 53)",none,none,"Lora, ""Lora Fallback"", Georgia, serif"
home,en,desktop,p,hiw-visually-hidden,The book starts the same for everyone. At two points the chi,Schibsted Grotesk,16px,400,normal,normal,normal,none,start,1,"rgb(242, 238, 255)","rgb(36, 31, 53)",none,none,"""Schibsted Grotesk"", ""Schibsted Grotesk Fallback"", ""Segoe UI"", system-ui, sans-serif"
home,en,desktop,text,map-choice-label,Choice 1,Schibsted Grotesk,11px,600,normal,normal,normal,none,start,42,"rgb(242, 238, 255)","rgb(36, 31, 53)",none,none,"""Schibsted Grotesk"", ""Schibsted Grotesk Fallback"", ""Segoe UI"", system-ui, sans-serif"
home,en,desktop,text,map-num,1,Schibsted Grotesk,11px,700,normal,normal,normal,none,start,4,"rgb(242, 238, 255)","rgb(36, 31, 53)",none,none,"""Schibsted Grotesk"", ""Schibsted Grotesk Fallback"", ""Segoe UI"", system-ui, sans-serif"
home,en,desktop,p,hiw-caption,The map of the sample book Iris and the Saved Place. Every d,Source Serif 4,15.2px,400,normal,24.32px,normal,none,start,578,"rgb(217, 207, 238)","rgb(95, 88, 120)",none,none,"""Source Serif 4"", ""Source Serif 4 Fallback"", Georgia, serif"
home,en,desktop,a,btn btn-ghost,Read the sample book,Schibsted Grotesk,16.8px,700,normal,normal,normal,none,start,243,"rgb(255, 243, 217)","rgb(36, 31, 53)",none,none,"""Schibsted Grotesk"", ""Schibsted Grotesk Fallback"", ""Segoe UI"", system-ui, sans-serif"
home,en,desktop,span,hiw-next-label,next book,Schibsted Grotesk,11.52px,700,normal,normal,0.576px,uppercase,start,94,"rgb(255, 247, 233)","rgb(255, 247, 233)",none,none,"""Schibsted Grotesk"", ""Schibsted Grotesk Fallback"", ""Segoe UI"", system-ui, sans-serif"
home,en,desktop,b,,Sixten remembers the tower,Schibsted Grotesk,13.6px,700,normal,normal,normal,none,start,189,"rgb(242, 238, 255)","rgb(36, 31, 53)",none,none,"""Schibsted Grotesk"", ""Schibsted Grotesk Fallback"", ""Segoe UI"", system-ui, sans-serif"
home,en,desktop,span,,"from ""Alva and the Fourth Candle""",Schibsted Grotesk,12px,400,normal,normal,normal,none,start,189,"rgb(181, 172, 211)","rgb(95, 88, 120)",none,none,"""Schibsted Grotesk"", ""Schibsted Grotesk Fallback"", ""Segoe UI"", system-ui, sans-serif"
home,en,desktop,h2,,Your hero,Lora,32px,600,normal,normal,-0.32px,none,start,147,"rgb(255, 247, 233)","rgb(36, 31, 53)",none,none,"Lora, ""Lora Fallback"", Georgia, serif"
home,en,desktop,span,sec-chip,the family favorite,Schibsted Grotesk,12.8px,700,normal,normal,normal,none,start,139,"rgb(232, 223, 201)","rgb(91, 63, 199)",none,none,"""Schibsted Grotesk"", ""Schibsted Grotesk Fallback"", ""Segoe UI"", system-ui, sans-serif"
home,en,desktop,p,,The one every story is about.,Schibsted Grotesk,14.72px,400,normal,22.08px,normal,none,start,1064,"rgb(181, 172, 211)","rgb(95, 88, 120)",none,none,"""Schibsted Grotesk"", ""Schibsted Grotesk Fallback"", ""Segoe UI"", system-ui, sans-serif"
home,en,desktop,span,,Made with AI,Schibsted Grotesk,11.52px,400,normal,normal,normal,none,start,70,"rgb(181, 172, 211)","rgb(95, 88, 120)",none,none,"""Schibsted Grotesk"", ""Schibsted Grotesk Fallback"", ""Segoe UI"", system-ui, sans-serif"
home,en,desktop,div,builder-name,Alva,Lora,25.6px,700,normal,normal,-0.256px,none,start,358,"rgb(242, 238, 255)","rgb(36, 31, 53)",none,none,"Lora, ""Lora Fallback"", Georgia, serif"
home,en,desktop,span,trait on,Brave,Schibsted Grotesk,14.08px,700,normal,normal,normal,none,start,74,"rgb(233, 226, 255)","rgb(74, 54, 168)",none,none,"""Schibsted Grotesk"", ""Schibsted Grotesk Fallback"", ""Segoe UI"", system-ui, sans-serif"
home,en,desktop,span,trait on,Giggly,Schibsted Grotesk,14.08px,700,normal,normal,normal,none,start,77,"rgb(233, 226, 255)","rgb(74, 54, 168)",none,none,"""Schibsted Grotesk"", ""Schibsted Grotesk Fallback"", ""Segoe UI"", system-ui, sans-serif"
home,en,desktop,span,trait on,Animal lover,Schibsted Grotesk,14.08px,700,normal,normal,normal,none,start,121,"rgb(233, 226, 255)","rgb(74, 54, 168)",none,none,"""Schibsted Grotesk"", ""Schibsted Grotesk Fallback"", ""Segoe UI"", system-ui, sans-serif"
home,en,desktop,span,trait,Curious,Schibsted Grotesk,14.08px,700,normal,normal,normal,none,start,88,"rgb(207, 197, 236)","rgb(95, 88, 120)",none,none,"""Schibsted Grotesk"", ""Schibsted Grotesk Fallback"", ""Segoe UI"", system-ui, sans-serif"
home,en,desktop,span,trait,Stubborn,Schibsted Grotesk,14.08px,700,normal,normal,normal,none,start,98,"rgb(207, 197, 236)","rgb(95, 88, 120)",none,none,"""Schibsted Grotesk"", ""Schibsted Grotesk Fallback"", ""Segoe UI"", system-ui, sans-serif"
home,en,desktop,span,trait,+ More,Schibsted Grotesk,14.08px,700,normal,normal,normal,none,start,82,"rgb(207, 197, 236)","rgb(95, 88, 120)",none,none,"""Schibsted Grotesk"", ""Schibsted Grotesk Fallback"", ""Segoe UI"", system-ui, sans-serif"
home,en,desktop,b,,Become your own hero,Schibsted Grotesk,15.68px,700,normal,normal,normal,none,start,262,"rgb(242, 238, 255)","rgb(36, 31, 53)",none,none,"""Schibsted Grotesk"", ""Schibsted Grotesk Fallback"", ""Segoe UI"", system-ui, sans-serif"
home,en,desktop,span,,"Upload a photo, and we paint you into the book's style.",Schibsted Grotesk,13.6px,400,normal,19.72px,normal,none,start,260,"rgb(181, 172, 211)","rgb(95, 88, 120)",none,none,"""Schibsted Grotesk"", ""Schibsted Grotesk Fallback"", ""Segoe UI"", system-ui, sans-serif"
home,en,desktop,h3,,Bring a friend,Lora,20px,700,normal,normal,-0.2px,none,start,398,"rgb(242, 238, 255)","rgb(36, 31, 53)",none,none,"Lora, ""Lora Fallback"", Georgia, serif"
home,en,desktop,b,,Noah,Schibsted Grotesk,16px,700,normal,normal,normal,none,start,41,"rgb(242, 238, 255)","rgb(36, 31, 53)",none,none,"""Schibsted Grotesk"", ""Schibsted Grotesk Fallback"", ""Segoe UI"", system-ui, sans-serif"
home,en,desktop,span,,best friend · in 2 books,Schibsted Grotesk,13.44px,400,normal,normal,normal,none,start,142,"rgb(181, 172, 211)","rgb(95, 88, 120)",none,none,"""Schibsted Grotesk"", ""Schibsted Grotesk Fallback"", ""Segoe UI"", system-ui, sans-serif"
home,en,desktop,span,,the mountain fox · comes along in every book,Schibsted Grotesk,13.44px,400,normal,normal,normal,none,start,283,"rgb(181, 172, 211)","rgb(95, 88, 120)",none,none,"""Schibsted Grotesk"", ""Schibsted Grotesk Fallback"", ""Segoe UI"", system-ui, sans-serif"
home,en,desktop,a,friend-add,Add a friend,Schibsted Grotesk,15.2px,700,normal,normal,normal,none,start,398,"rgb(232, 223, 201)","rgb(91, 63, 199)",none,none,"""Schibsted Grotesk"", ""Schibsted Grotesk Fallback"", ""Segoe UI"", system-ui, sans-serif"
home,en,desktop,h2,,The bookshelf,Lora,32px,600,normal,normal,-0.32px,none,start,208,"rgb(255, 247, 233)","rgb(36, 31, 53)",none,none,"Lora, ""Lora Fallback"", Georgia, serif"
home,en,desktop,span,sec-chip,2 finished books,Schibsted Grotesk,12.8px,700,normal,normal,normal,none,start,128,"rgb(232, 223, 201)","rgb(91, 63, 199)",none,none,"""Schibsted Grotesk"", ""Schibsted Grotesk Fallback"", ""Segoe UI"", system-ui, sans-serif"
home,en,desktop,div,book-title,Alva and the Fourth Candle in the Tower,Lora,16.32px,700,normal,20.4px,-0.1632px,none,start,208,"rgb(242, 238, 255)","rgb(36, 31, 53)",none,none,"Lora, ""Lora Fallback"", Georgia, serif"
home,en,desktop,span,book-sub,Big feelings,Schibsted Grotesk,11.52px,800,normal,normal,0.4608px,uppercase,start,108,"rgb(201, 188, 255)","rgb(91, 63, 199)",none,none,"""Schibsted Grotesk"", ""Schibsted Grotesk Fallback"", ""Segoe UI"", system-ui, sans-serif"
home,en,desktop,span,book-sub,Cozy adventure,Schibsted Grotesk,11.52px,800,normal,normal,0.4608px,uppercase,start,135,"rgb(201, 188, 255)","rgb(91, 63, 199)",none,none,"""Schibsted Grotesk"", ""Schibsted Grotesk Fallback"", ""Segoe UI"", system-ui, sans-serif"
home,en,desktop,span,,"Tale Forge, storybooks that remember your world.",Schibsted Grotesk,14.4px,400,normal,normal,normal,none,start,334,"rgb(183, 169, 214)","rgb(95, 88, 120)",none,none,"""Schibsted Grotesk"", ""Schibsted Grotesk Fallback"", ""Segoe UI"", system-ui, sans-serif"
home,en,desktop,span,,Beta,Schibsted Grotesk,11.2px,400,normal,normal,0.336px,none,start,41,"rgb(183, 169, 214)","rgb(95, 88, 120)",none,none,"""Schibsted Grotesk"", ""Schibsted Grotesk Fallback"", ""Segoe UI"", system-ui, sans-serif"
home,en,desktop,span,,Version 16ab1756 · 26 Sep 2026,Schibsted Grotesk,12.8px,400,normal,normal,normal,none,start,385,"rgb(181, 172, 211)","rgb(95, 88, 120)",none,none,"""Schibsted Grotesk"", ""Schibsted Grotesk Fallback"", ""Segoe UI"", system-ui, sans-serif"
home,en,desktop,span,,"Tale Forge AB, reg. no. 559543-1122, Varnamo, Sweden",Schibsted Grotesk,14.4px,400,normal,normal,normal,none,start,364,"rgb(181, 172, 211)","rgb(95, 88, 120)",none,none,"""Schibsted Grotesk"", ""Schibsted Grotesk Fallback"", ""Segoe UI"", system-ui, sans-serif"
home,en,desktop,a,,Contact,Schibsted Grotesk,14.4px,400,normal,normal,normal,none,start,52,"rgb(181, 172, 211)","rgb(95, 88, 120)",none,none,"""Schibsted Grotesk"", ""Schibsted Grotesk Fallback"", ""Segoe UI"", system-ui, sans-serif"
home,en,desktop,a,,Privacy,Schibsted Grotesk,14.4px,400,normal,normal,normal,none,start,49,"rgb(181, 172, 211)","rgb(95, 88, 120)",none,none,"""Schibsted Grotesk"", ""Schibsted Grotesk Fallback"", ""Segoe UI"", system-ui, sans-serif"
home,en,desktop,a,,Terms,Schibsted Grotesk,14.4px,400,normal,normal,normal,none,start,41,"rgb(181, 172, 211)","rgb(95, 88, 120)",none,none,"""Schibsted Grotesk"", ""Schibsted Grotesk Fallback"", ""Segoe UI"", system-ui, sans-serif"
home,en,mobile,a,skip-link,Skip to content,Schibsted Grotesk,16px,800,normal,normal,normal,none,start,148,"rgb(36, 22, 8)","rgb(36, 22, 8)",none,none,"""Schibsted Grotesk"", ""Schibsted Grotesk Fallback"", ""Segoe UI"", system-ui, sans-serif"
home,en,mobile,a,logo,Tale Forge,Cinzel,16.8px,700,normal,normal,1.5px,uppercase,start,158,"rgb(245, 197, 66)","rgb(109, 79, 224)","rgba(5, 8, 20, 0.8) 0px 2px 6px, rgba(245, 197, 66, 0.45) 0px 0px 34px","rgba(36, 31, 53, 0.18) 0px 1px 2px, rgba(109, 79, 224, 0.32) 0px 0px 24px","Cinzel, ""Cinzel Fallback"", ""Playfair Display"", Georgia, serif"
home,en,mobile,a,,Login,Schibsted Grotesk,13.12px,700,normal,13.12px,normal,none,start,57,"rgb(181, 172, 211)","rgb(95, 88, 120)",none,none,"""Schibsted Grotesk"", ""Schibsted Grotesk Fallback"", ""Segoe UI"", system-ui, sans-serif"
home,en,mobile,a,,Pricing,Schibsted Grotesk,13.12px,700,normal,13.12px,normal,none,start,67,"rgb(181, 172, 211)","rgb(95, 88, 120)",none,none,"""Schibsted Grotesk"", ""Schibsted Grotesk Fallback"", ""Segoe UI"", system-ui, sans-serif"
home,en,mobile,button,,SV,Schibsted Grotesk,13.12px,700,normal,normal,0.2624px,none,center,44,"rgb(181, 172, 211)","rgb(95, 88, 120)",none,none,"""Schibsted Grotesk"", ""Schibsted Grotesk Fallback"", ""Segoe UI"", system-ui, sans-serif"
home,en,mobile,button,,EN,Schibsted Grotesk,13.12px,800,normal,normal,0.2624px,none,center,44,"rgb(58, 43, 16)","rgb(255, 255, 255)",none,none,"""Schibsted Grotesk"", ""Schibsted Grotesk Fallback"", ""Segoe UI"", system-ui, sans-serif"
home,en,mobile,span,tt-opt night,Night,Schibsted Grotesk,0px,700,normal,normal,normal,none,center,31,"rgb(58, 43, 16)","rgb(36, 31, 53)",none,none,"""Schibsted Grotesk"", ""Schibsted Grotesk Fallback"", ""Segoe UI"", system-ui, sans-serif"
home,en,mobile,span,tt-opt day,Morning,Schibsted Grotesk,0px,700,normal,normal,normal,none,center,31,"rgb(255, 243, 217)","rgb(255, 255, 255)",none,none,"""Schibsted Grotesk"", ""Schibsted Grotesk Fallback"", ""Segoe UI"", system-ui, sans-serif"
home,en,mobile,span,kicker,Demo: Alva's world · 2 books,Schibsted Grotesk,13.6px,700,normal,normal,normal,none,start,244,"rgb(232, 223, 201)","rgb(91, 63, 199)",none,none,"""Schibsted Grotesk"", ""Schibsted Grotesk Fallback"", ""Segoe UI"", system-ui, sans-serif"
home,en,mobile,h1,,A world that .,Lora,43.2px,700,normal,45.792px,-0.648px,none,start,334,"rgb(255, 247, 233)","rgb(36, 31, 53)","rgba(12, 8, 40, 0.35) 0px 2px 30px",none,"Lora, ""Lora Fallback"", Georgia, serif"
home,en,mobile,span,grad,remembers her,Lora,43.2px,700,normal,45.792px,-0.648px,none,start,308,"rgb(245, 197, 66)","rgb(91, 63, 199)","rgba(12, 8, 40, 0.35) 0px 2px 30px",none,"Lora, ""Lora Fallback"", Georgia, serif"
home,en,mobile,p,lede,"The painted hero returns. Choices change what happens, and l",Source Serif 4,17.28px,400,normal,28.512px,normal,none,start,334,"rgb(217, 207, 238)","rgb(95, 88, 120)",none,none,"""Source Serif 4"", ""Source Serif 4 Fallback"", Georgia, serif"
home,en,mobile,a,btn btn-primary,Create your hero,Schibsted Grotesk,16.8px,700,normal,normal,normal,none,start,198,"rgb(58, 43, 16)","rgb(255, 255, 255)",none,none,"""Schibsted Grotesk"", ""Schibsted Grotesk Fallback"", ""Segoe UI"", system-ui, sans-serif"
home,en,mobile,span,cta-microcopy,"The first book is free, no card needed. After that $14.99 a ",Schibsted Grotesk,13.6px,400,normal,normal,normal,none,start,334,"rgb(217, 207, 238)","rgb(95, 88, 120)",none,none,"""Schibsted Grotesk"", ""Schibsted Grotesk Fallback"", ""Segoe UI"", system-ui, sans-serif"
home,en,mobile,a,btn btn-ghost,See how it works,Schibsted Grotesk,16.8px,700,normal,normal,normal,none,start,201,"rgb(255, 243, 217)","rgb(36, 31, 53)",none,none,"""Schibsted Grotesk"", ""Schibsted Grotesk Fallback"", ""Segoe UI"", system-ui, sans-serif"
home,en,mobile,b,,Sixten remembers the tower,Schibsted Grotesk,15.2px,700,normal,normal,normal,none,start,212,"rgb(242, 238, 255)","rgb(36, 31, 53)",none,none,"""Schibsted Grotesk"", ""Schibsted Grotesk Fallback"", ""Segoe UI"", system-ui, sans-serif"
home,en,mobile,span,,"from ""Alva and the Fourth Candle""",Schibsted Grotesk,12.8px,400,normal,normal,normal,none,start,211,"rgb(181, 172, 211)","rgb(95, 88, 120)",none,none,"""Schibsted Grotesk"", ""Schibsted Grotesk Fallback"", ""Segoe UI"", system-ui, sans-serif"
home,en,mobile,span,hiw-kicker,How it works,Schibsted Grotesk,13.12px,700,normal,normal,2px,uppercase,start,155,"rgb(201, 188, 255)","rgb(91, 63, 199)",none,none,"""Schibsted Grotesk"", ""Schibsted Grotesk Fallback"", ""Segoe UI"", system-ui, sans-serif"
home,en,mobile,h2,hiw-headline,Adventures worth talking about.,Lora,30.4px,700,normal,normal,-0.456px,none,start,334,"rgb(255, 247, 233)","rgb(36, 31, 53)",none,none,"Lora, ""Lora Fallback"", Georgia, serif"
home,en,mobile,p,hiw-lede,From one photo to a narrated picture book with four differen,Source Serif 4,17.6px,400,normal,29.92px,normal,none,start,334,"rgb(217, 207, 238)","rgb(95, 88, 120)",none,none,"""Source Serif 4"", ""Source Serif 4 Fallback"", Georgia, serif"
home,en,mobile,span,hiw-node,1,Lora,14.4px,700,normal,normal,normal,none,start,32,"rgb(255, 217, 143)","rgb(143, 106, 18)",none,none,"Lora, ""Lora Fallback"", Georgia, serif"
home,en,mobile,h3,,Build your hero,Lora,21.6px,700,normal,normal,normal,none,start,290,"rgb(255, 247, 233)","rgb(36, 31, 53)",none,none,"Lora, ""Lora Fallback"", Georgia, serif"
home,en,mobile,p,hiw-step-copy,Upload a photo and pick what makes your child your child. We,Source Serif 4,16.32px,400,normal,28.56px,normal,none,start,290,"rgb(217, 207, 238)","rgb(95, 88, 120)",none,none,"""Source Serif 4"", ""Source Serif 4 Fallback"", Georgia, serif"
home,en,mobile,p,hiw-micro,The portrait shapes both the pictures and the story.,Schibsted Grotesk,14.08px,600,normal,normal,normal,none,start,290,color(srgb 0.85098 0.811765 0.933333 / 0.85),"rgb(95, 88, 120)",none,none,"""Schibsted Grotesk"", ""Schibsted Grotesk Fallback"", ""Segoe UI"", system-ui, sans-serif"
home,en,mobile,span,hiw-ai-chip,Created with AI,Schibsted Grotesk,12.16px,700,normal,normal,normal,none,start,117,"rgb(36, 31, 53)","rgb(36, 31, 53)",none,none,"""Schibsted Grotesk"", ""Schibsted Grotesk Fallback"", ""Segoe UI"", system-ui, sans-serif"
home,en,mobile,b,,Noah,Schibsted Grotesk,15.2px,700,normal,normal,normal,none,start,139,"rgb(242, 238, 255)","rgb(36, 31, 53)",none,none,"""Schibsted Grotesk"", ""Schibsted Grotesk Fallback"", ""Segoe UI"", system-ui, sans-serif"
home,en,mobile,span,,best friend · in 2 books,Schibsted Grotesk,13.12px,400,normal,normal,normal,none,start,139,"rgb(181, 172, 211)","rgb(95, 88, 120)",none,none,"""Schibsted Grotesk"", ""Schibsted Grotesk Fallback"", ""Segoe UI"", system-ui, sans-serif"
home,en,mobile,b,,Sixten,Schibsted Grotesk,15.2px,700,normal,normal,normal,none,start,196,"rgb(242, 238, 255)","rgb(36, 31, 53)",none,none,"""Schibsted Grotesk"", ""Schibsted Grotesk Fallback"", ""Segoe UI"", system-ui, sans-serif"
home,en,mobile,span,,the mountain fox · comes along in every book,Schibsted Grotesk,13.12px,400,normal,normal,normal,none,start,196,"rgb(181, 172, 211)","rgb(95, 88, 120)",none,none,"""Schibsted Grotesk"", ""Schibsted Grotesk Fallback"", ""Segoe UI"", system-ui, sans-serif"
home,en,mobile,div,hiw-invite-slot,+,Schibsted Grotesk,17.6px,700,normal,normal,normal,none,start,244,"rgb(232, 223, 201)","rgb(91, 63, 199)",none,none,"""Schibsted Grotesk"", ""Schibsted Grotesk Fallback"", ""Segoe UI"", system-ui, sans-serif"
home,en,mobile,p,hiw-step-copy,"Pick tonight's theme and mood. Then we write, paint, and nar",Source Serif 4,16.32px,400,normal,28.56px,normal,none,start,290,"rgb(217, 207, 238)","rgb(95, 88, 120)",none,none,"""Source Serif 4"", ""Source Serif 4 Fallback"", Georgia, serif"
home,en,mobile,span,hiw-bake-line,The book is baking. About ten minutes to go.,Schibsted Grotesk,13.6px,400,normal,normal,normal,none,start,244,"rgb(181, 172, 211)","rgb(95, 88, 120)",none,none,"""Schibsted Grotesk"", ""Schibsted Grotesk Fallback"", ""Segoe UI"", system-ui, sans-serif"
home,en,mobile,p,hiw-step-copy,"The narrator reads aloud, page by page. Twice in every book ",Source Serif 4,16.32px,400,normal,28.56px,normal,none,start,290,"rgb(217, 207, 238)","rgb(95, 88, 120)",none,none,"""Source Serif 4"", ""Source Serif 4 Fallback"", Georgia, serif"
home,en,mobile,span,,Hear the narrator,Schibsted Grotesk,15.2px,700,normal,normal,normal,none,center,129,"rgb(58, 43, 16)","rgb(255, 255, 255)",none,none,"""Schibsted Grotesk"", ""Schibsted Grotesk Fallback"", ""Segoe UI"", system-ui, sans-serif"
home,en,mobile,span,hiw-voice-chip,Grandpa Erik,Schibsted Grotesk,13.6px,700,normal,normal,normal,none,start,142,"rgb(232, 223, 201)","rgb(91, 63, 199)",none,none,"""Schibsted Grotesk"", ""Schibsted Grotesk Fallback"", ""Segoe UI"", system-ui, sans-serif"
home,en,mobile,p,hiw-mock-prose,Iris stepped between the windowsill and the rug and placed t,Source Serif 4,16.32px,400,normal,27.744px,normal,none,start,288,"rgb(234, 228, 245)","rgb(58, 52, 80)",none,none,"""Source Serif 4"", ""Source Serif 4 Fallback"", Georgia, serif"
home,en,mobile,span,hiw-choice,Go with Mossa to the green rug.,Schibsted Grotesk,14.4px,600,normal,normal,normal,none,center,244,"rgb(242, 238, 255)","rgb(36, 31, 53)",none,none,"""Schibsted Grotesk"", ""Schibsted Grotesk Fallback"", ""Segoe UI"", system-ui, sans-serif"
home,en,mobile,p,hiw-step-copy,Two choices make four paths through the same book. Your even,Source Serif 4,16.32px,400,normal,28.56px,normal,none,start,290,"rgb(217, 207, 238)","rgb(95, 88, 120)",none,none,"""Source Serif 4"", ""Source Serif 4 Fallback"", Georgia, serif"
home,en,mobile,p,hiw-visually-hidden,The book starts the same for everyone. At two points the chi,Schibsted Grotesk,16px,400,normal,normal,normal,none,start,1,"rgb(242, 238, 255)","rgb(36, 31, 53)",none,none,"""Schibsted Grotesk"", ""Schibsted Grotesk Fallback"", ""Segoe UI"", system-ui, sans-serif"
home,en,mobile,text,map-num,1,Schibsted Grotesk,11px,700,normal,normal,normal,none,start,3,"rgb(242, 238, 255)","rgb(36, 31, 53)",none,none,"""Schibsted Grotesk"", ""Schibsted Grotesk Fallback"", ""Segoe UI"", system-ui, sans-serif"
home,en,mobile,p,hiw-caption,The map of the sample book Iris and the Saved Place. Every d,Source Serif 4,15.2px,400,normal,24.32px,normal,none,start,290,"rgb(217, 207, 238)","rgb(95, 88, 120)",none,none,"""Source Serif 4"", ""Source Serif 4 Fallback"", Georgia, serif"
home,en,mobile,a,btn btn-ghost,Read the sample book,Schibsted Grotesk,16.8px,700,normal,normal,normal,none,start,243,"rgb(255, 243, 217)","rgb(36, 31, 53)",none,none,"""Schibsted Grotesk"", ""Schibsted Grotesk Fallback"", ""Segoe UI"", system-ui, sans-serif"
home,en,mobile,span,hiw-next-label,next book,Schibsted Grotesk,11.52px,700,normal,normal,0.576px,uppercase,start,94,"rgb(255, 247, 233)","rgb(255, 247, 233)",none,none,"""Schibsted Grotesk"", ""Schibsted Grotesk Fallback"", ""Segoe UI"", system-ui, sans-serif"
home,en,mobile,b,,Sixten remembers the tower,Schibsted Grotesk,13.6px,700,normal,normal,normal,none,start,187,"rgb(242, 238, 255)","rgb(36, 31, 53)",none,none,"""Schibsted Grotesk"", ""Schibsted Grotesk Fallback"", ""Segoe UI"", system-ui, sans-serif"
home,en,mobile,span,,"from ""Alva and the Fourth Candle""",Schibsted Grotesk,12px,400,normal,normal,normal,none,start,186,"rgb(181, 172, 211)","rgb(95, 88, 120)",none,none,"""Schibsted Grotesk"", ""Schibsted Grotesk Fallback"", ""Segoe UI"", system-ui, sans-serif"
home,en,mobile,h2,,Your hero,Lora,24px,600,normal,normal,-0.24px,none,start,110,"rgb(255, 247, 233)","rgb(36, 31, 53)",none,none,"Lora, ""Lora Fallback"", Georgia, serif"
home,en,mobile,span,sec-chip,the family favorite,Schibsted Grotesk,12.8px,700,normal,normal,normal,none,start,139,"rgb(232, 223, 201)","rgb(91, 63, 199)",none,none,"""Schibsted Grotesk"", ""Schibsted Grotesk Fallback"", ""Segoe UI"", system-ui, sans-serif"
home,en,mobile,p,,The one every story is about.,Schibsted Grotesk,14.72px,400,normal,22.08px,normal,none,start,334,"rgb(181, 172, 211)","rgb(95, 88, 120)",none,none,"""Schibsted Grotesk"", ""Schibsted Grotesk Fallback"", ""Segoe UI"", system-ui, sans-serif"
home,en,mobile,span,,Made with AI,Schibsted Grotesk,11.52px,400,normal,normal,normal,none,center,70,"rgb(181, 172, 211)","rgb(95, 88, 120)",none,none,"""Schibsted Grotesk"", ""Schibsted Grotesk Fallback"", ""Segoe UI"", system-ui, sans-serif"
home,en,mobile,div,builder-name,Alva,Lora,25.6px,700,normal,normal,-0.256px,none,center,280,"rgb(242, 238, 255)","rgb(36, 31, 53)",none,none,"Lora, ""Lora Fallback"", Georgia, serif"
home,en,mobile,span,trait on,Brave,Schibsted Grotesk,14.08px,700,normal,normal,normal,none,center,74,"rgb(233, 226, 255)","rgb(74, 54, 168)",none,none,"""Schibsted Grotesk"", ""Schibsted Grotesk Fallback"", ""Segoe UI"", system-ui, sans-serif"
home,en,mobile,span,trait on,Giggly,Schibsted Grotesk,14.08px,700,normal,normal,normal,none,center,77,"rgb(233, 226, 255)","rgb(74, 54, 168)",none,none,"""Schibsted Grotesk"", ""Schibsted Grotesk Fallback"", ""Segoe UI"", system-ui, sans-serif"
home,en,mobile,span,trait on,Animal lover,Schibsted Grotesk,14.08px,700,normal,normal,normal,none,center,121,"rgb(233, 226, 255)","rgb(74, 54, 168)",none,none,"""Schibsted Grotesk"", ""Schibsted Grotesk Fallback"", ""Segoe UI"", system-ui, sans-serif"
home,en,mobile,span,trait,Curious,Schibsted Grotesk,14.08px,700,normal,normal,normal,none,center,88,"rgb(207, 197, 236)","rgb(95, 88, 120)",none,none,"""Schibsted Grotesk"", ""Schibsted Grotesk Fallback"", ""Segoe UI"", system-ui, sans-serif"
home,en,mobile,span,trait,Stubborn,Schibsted Grotesk,14.08px,700,normal,normal,normal,none,center,98,"rgb(207, 197, 236)","rgb(95, 88, 120)",none,none,"""Schibsted Grotesk"", ""Schibsted Grotesk Fallback"", ""Segoe UI"", system-ui, sans-serif"
home,en,mobile,span,trait,+ More,Schibsted Grotesk,14.08px,700,normal,normal,normal,none,center,82,"rgb(207, 197, 236)","rgb(95, 88, 120)",none,none,"""Schibsted Grotesk"", ""Schibsted Grotesk Fallback"", ""Segoe UI"", system-ui, sans-serif"
home,en,mobile,b,,Become your own hero,Schibsted Grotesk,15.68px,700,normal,normal,normal,none,center,184,"rgb(242, 238, 255)","rgb(36, 31, 53)",none,none,"""Schibsted Grotesk"", ""Schibsted Grotesk Fallback"", ""Segoe UI"", system-ui, sans-serif"
home,en,mobile,span,,"Upload a photo, and we paint you into the book's style.",Schibsted Grotesk,13.6px,400,normal,19.72px,normal,none,center,182,"rgb(181, 172, 211)","rgb(95, 88, 120)",none,none,"""Schibsted Grotesk"", ""Schibsted Grotesk Fallback"", ""Segoe UI"", system-ui, sans-serif"
home,en,mobile,h3,,Bring a friend,Lora,20px,700,normal,normal,-0.2px,none,start,280,"rgb(242, 238, 255)","rgb(36, 31, 53)",none,none,"Lora, ""Lora Fallback"", Georgia, serif"
home,en,mobile,b,,Noah,Schibsted Grotesk,16px,700,normal,normal,normal,none,start,41,"rgb(242, 238, 255)","rgb(36, 31, 53)",none,none,"""Schibsted Grotesk"", ""Schibsted Grotesk Fallback"", ""Segoe UI"", system-ui, sans-serif"
home,en,mobile,span,,best friend · in 2 books,Schibsted Grotesk,13.44px,400,normal,normal,normal,none,start,142,"rgb(181, 172, 211)","rgb(95, 88, 120)",none,none,"""Schibsted Grotesk"", ""Schibsted Grotesk Fallback"", ""Segoe UI"", system-ui, sans-serif"
home,en,mobile,span,,the mountain fox · comes along in every book,Schibsted Grotesk,13.44px,400,normal,normal,normal,none,start,208,"rgb(181, 172, 211)","rgb(95, 88, 120)",none,none,"""Schibsted Grotesk"", ""Schibsted Grotesk Fallback"", ""Segoe UI"", system-ui, sans-serif"
home,en,mobile,a,friend-add,Add a friend,Schibsted Grotesk,15.2px,700,normal,normal,normal,none,start,280,"rgb(232, 223, 201)","rgb(91, 63, 199)",none,none,"""Schibsted Grotesk"", ""Schibsted Grotesk Fallback"", ""Segoe UI"", system-ui, sans-serif"
home,en,mobile,h2,,The bookshelf,Lora,24px,600,normal,normal,-0.24px,none,start,156,"rgb(255, 247, 233)","rgb(36, 31, 53)",none,none,"Lora, ""Lora Fallback"", Georgia, serif"
home,en,mobile,span,sec-chip,2 finished books,Schibsted Grotesk,12.8px,700,normal,normal,normal,none,start,128,"rgb(232, 223, 201)","rgb(91, 63, 199)",none,none,"""Schibsted Grotesk"", ""Schibsted Grotesk Fallback"", ""Segoe UI"", system-ui, sans-serif"
home,en,mobile,div,book-title,Alva and the Fourth Candle in the Tower,Lora,16.32px,700,normal,20.4px,-0.1632px,none,start,292,"rgb(242, 238, 255)","rgb(36, 31, 53)",none,none,"Lora, ""Lora Fallback"", Georgia, serif"
home,en,mobile,span,book-sub,Big feelings,Schibsted Grotesk,11.52px,800,normal,normal,0.4608px,uppercase,start,108,"rgb(201, 188, 255)","rgb(91, 63, 199)",none,none,"""Schibsted Grotesk"", ""Schibsted Grotesk Fallback"", ""Segoe UI"", system-ui, sans-serif"
home,en,mobile,div,book-title,Alva and the Blanket by the Radiator,Lora,16.32px,700,normal,20.4px,-0.1632px,none,start,292,"rgb(242, 238, 255)","rgb(36, 31, 53)",none,none,"Lora, ""Lora Fallback"", Georgia, serif"
home,en,mobile,span,book-sub,Cozy adventure,Schibsted Grotesk,11.52px,800,normal,normal,0.4608px,uppercase,start,135,"rgb(201, 188, 255)","rgb(91, 63, 199)",none,none,"""Schibsted Grotesk"", ""Schibsted Grotesk Fallback"", ""Segoe UI"", system-ui, sans-serif"
home,en,mobile,span,,"Tale Forge, storybooks that remember your world.",Schibsted Grotesk,14.4px,400,normal,normal,normal,none,start,334,"rgb(183, 169, 214)","rgb(95, 88, 120)",none,none,"""Schibsted Grotesk"", ""Schibsted Grotesk Fallback"", ""Segoe UI"", system-ui, sans-serif"
home,en,mobile,span,,Beta,Schibsted Grotesk,11.2px,400,normal,normal,0.336px,none,start,41,"rgb(183, 169, 214)","rgb(95, 88, 120)",none,none,"""Schibsted Grotesk"", ""Schibsted Grotesk Fallback"", ""Segoe UI"", system-ui, sans-serif"
home,en,mobile,span,,Version 16ab1756 · 26 Sep 2026,Schibsted Grotesk,12.8px,400,normal,normal,normal,none,start,334,"rgb(181, 172, 211)","rgb(95, 88, 120)",none,none,"""Schibsted Grotesk"", ""Schibsted Grotesk Fallback"", ""Segoe UI"", system-ui, sans-serif"
home,en,mobile,span,,"Tale Forge AB, reg. no. 559543-1122, Varnamo, Sweden",Schibsted Grotesk,14.4px,400,normal,normal,normal,none,start,334,"rgb(181, 172, 211)","rgb(95, 88, 120)",none,none,"""Schibsted Grotesk"", ""Schibsted Grotesk Fallback"", ""Segoe UI"", system-ui, sans-serif"
home,en,mobile,a,,Contact,Schibsted Grotesk,14.4px,400,normal,normal,normal,none,start,52,"rgb(181, 172, 211)","rgb(95, 88, 120)",none,none,"""Schibsted Grotesk"", ""Schibsted Grotesk Fallback"", ""Segoe UI"", system-ui, sans-serif"
home,en,mobile,a,,Privacy,Schibsted Grotesk,14.4px,400,normal,normal,normal,none,start,49,"rgb(181, 172, 211)","rgb(95, 88, 120)",none,none,"""Schibsted Grotesk"", ""Schibsted Grotesk Fallback"", ""Segoe UI"", system-ui, sans-serif"
home,en,mobile,a,,Terms,Schibsted Grotesk,14.4px,400,normal,normal,normal,none,start,41,"rgb(181, 172, 211)","rgb(95, 88, 120)",none,none,"""Schibsted Grotesk"", ""Schibsted Grotesk Fallback"", ""Segoe UI"", system-ui, sans-serif"
home,sv,desktop,a,skip-link,Hoppa till innehållet,Schibsted Grotesk,16px,800,normal,normal,normal,none,start,188,"rgb(36, 22, 8)","rgb(36, 22, 8)",none,none,"""Schibsted Grotesk"", ""Schibsted Grotesk Fallback"", ""Segoe UI"", system-ui, sans-serif"
home,sv,desktop,a,logo,Tale Forge,Cinzel,27.52px,700,normal,normal,3px,uppercase,start,261,"rgb(245, 197, 66)","rgb(109, 79, 224)","rgba(5, 8, 20, 0.8) 0px 2px 6px, rgba(245, 197, 66, 0.45) 0px 0px 34px","rgba(36, 31, 53, 0.18) 0px 1px 2px, rgba(109, 79, 224, 0.32) 0px 0px 24px","Cinzel, ""Cinzel Fallback"", ""Playfair Display"", Georgia, serif"
home,sv,desktop,a,,Logga in,Schibsted Grotesk,13.12px,700,normal,13.12px,normal,none,start,75,"rgb(181, 172, 211)","rgb(95, 88, 120)",none,none,"""Schibsted Grotesk"", ""Schibsted Grotesk Fallback"", ""Segoe UI"", system-ui, sans-serif"
home,sv,desktop,a,,Priser,Schibsted Grotesk,13.12px,700,normal,13.12px,normal,none,start,61,"rgb(181, 172, 211)","rgb(95, 88, 120)",none,none,"""Schibsted Grotesk"", ""Schibsted Grotesk Fallback"", ""Segoe UI"", system-ui, sans-serif"
home,sv,desktop,button,,SV,Schibsted Grotesk,13.12px,800,normal,normal,0.2624px,none,center,44,"rgb(58, 43, 16)","rgb(255, 255, 255)",none,none,"""Schibsted Grotesk"", ""Schibsted Grotesk Fallback"", ""Segoe UI"", system-ui, sans-serif"
home,sv,desktop,button,,EN,Schibsted Grotesk,13.12px,700,normal,normal,0.2624px,none,center,44,"rgb(181, 172, 211)","rgb(95, 88, 120)",none,none,"""Schibsted Grotesk"", ""Schibsted Grotesk Fallback"", ""Segoe UI"", system-ui, sans-serif"
home,sv,desktop,span,tt-opt night,Natt,Schibsted Grotesk,15.2px,700,normal,normal,normal,none,center,82,"rgb(58, 43, 16)","rgb(36, 31, 53)",none,none,"""Schibsted Grotesk"", ""Schibsted Grotesk Fallback"", ""Segoe UI"", system-ui, sans-serif"
home,sv,desktop,span,tt-opt day,Morgon,Schibsted Grotesk,15.2px,700,normal,normal,normal,none,center,107,"rgb(255, 243, 217)","rgb(255, 255, 255)",none,none,"""Schibsted Grotesk"", ""Schibsted Grotesk Fallback"", ""Segoe UI"", system-ui, sans-serif"
home,sv,desktop,span,kicker,Exempel: Alvas värld · 2 böcker,Schibsted Grotesk,13.6px,700,normal,normal,normal,none,start,263,"rgb(232, 223, 201)","rgb(91, 63, 199)",none,none,"""Schibsted Grotesk"", ""Schibsted Grotesk Fallback"", ""Segoe UI"", system-ui, sans-serif"
home,sv,desktop,h1,,En värld som .,Lora,70.4px,700,normal,74.624px,-1.056px,none,start,538,"rgb(255, 247, 233)","rgb(36, 31, 53)","rgba(12, 8, 40, 0.35) 0px 2px 30px",none,"Lora, ""Lora Fallback"", Georgia, serif"
home,sv,desktop,span,grad,minns henne,Lora,70.4px,700,normal,74.624px,-1.056px,none,start,428,"rgb(245, 197, 66)","rgb(91, 63, 199)","rgba(12, 8, 40, 0.35) 0px 2px 30px",none,"Lora, ""Lora Fallback"", Georgia, serif"
home,sv,desktop,p,lede,Den målade hjälten återvänder. Valen förändrar vad som hände,Source Serif 4,20.48px,400,normal,33.792px,normal,none,start,498,"rgb(217, 207, 238)","rgb(95, 88, 120)",none,none,"""Source Serif 4"", ""Source Serif 4 Fallback"", Georgia, serif"
home,sv,desktop,a,btn btn-primary,Skapa er hjälte,Schibsted Grotesk,16.8px,700,normal,normal,normal,none,start,183,"rgb(58, 43, 16)","rgb(255, 255, 255)",none,none,"""Schibsted Grotesk"", ""Schibsted Grotesk Fallback"", ""Segoe UI"", system-ui, sans-serif"
home,sv,desktop,span,cta-microcopy,"Första boken är gratis, inget kort behövs. Sedan 149 kr i må",Schibsted Grotesk,13.6px,400,normal,normal,normal,none,start,413,"rgb(217, 207, 238)","rgb(95, 88, 120)",none,none,"""Schibsted Grotesk"", ""Schibsted Grotesk Fallback"", ""Segoe UI"", system-ui, sans-serif"
home,sv,desktop,a,btn btn-ghost,Se hur det funkar,Schibsted Grotesk,16.8px,700,normal,normal,normal,none,start,203,"rgb(255, 243, 217)","rgb(36, 31, 53)",none,none,"""Schibsted Grotesk"", ""Schibsted Grotesk Fallback"", ""Segoe UI"", system-ui, sans-serif"
home,sv,desktop,b,,Sixten minns tornet,Schibsted Grotesk,15.2px,700,normal,normal,normal,none,start,145,"rgb(242, 238, 255)","rgb(36, 31, 53)",none,none,"""Schibsted Grotesk"", ""Schibsted Grotesk Fallback"", ""Segoe UI"", system-ui, sans-serif"
home,sv,desktop,span,,"från ""Alva och fyraljuset""",Schibsted Grotesk,12.8px,400,normal,normal,normal,none,start,145,"rgb(181, 172, 211)","rgb(95, 88, 120)",none,none,"""Schibsted Grotesk"", ""Schibsted Grotesk Fallback"", ""Segoe UI"", system-ui, sans-serif"
home,sv,desktop,span,hiw-kicker,Så fungerar det,Schibsted Grotesk,13.12px,700,normal,normal,2px,uppercase,start,181,"rgb(201, 188, 255)","rgb(91, 63, 199)",none,none,"""Schibsted Grotesk"", ""Schibsted Grotesk Fallback"", ""Segoe UI"", system-ui, sans-serif"
home,sv,desktop,h2,hiw-headline,Äventyr värda att prata om.,Lora,43.2px,700,normal,normal,-0.648px,none,start,1064,"rgb(255, 247, 233)","rgb(36, 31, 53)",none,none,"Lora, ""Lora Fallback"", Georgia, serif"
home,sv,desktop,p,hiw-lede,Från ett foto till en uppläst bilderbok med fyra olika slut.,Source Serif 4,17.6px,400,normal,29.92px,normal,none,start,521,"rgb(217, 207, 238)","rgb(95, 88, 120)",none,none,"""Source Serif 4"", ""Source Serif 4 Fallback"", Georgia, serif"
home,sv,desktop,span,hiw-node,1,Lora,16.8px,700,normal,normal,normal,none,start,40,"rgb(255, 217, 143)","rgb(143, 106, 18)",none,none,"Lora, ""Lora Fallback"", Georgia, serif"
home,sv,desktop,h3,,Bygg er hjälte,Lora,21.6px,700,normal,normal,normal,none,start,473,"rgb(255, 247, 233)","rgb(36, 31, 53)",none,none,"Lora, ""Lora Fallback"", Georgia, serif"
home,sv,desktop,p,hiw-step-copy,Ladda upp en bild och välj det som gör ert barn till ert bar,Source Serif 4,16.32px,400,normal,28.56px,normal,none,start,449,"rgb(217, 207, 238)","rgb(95, 88, 120)",none,none,"""Source Serif 4"", ""Source Serif 4 Fallback"", Georgia, serif"
home,sv,desktop,p,hiw-micro,Porträttet styr både bilderna och berättelsen.,Schibsted Grotesk,14.08px,600,normal,normal,normal,none,start,473,color(srgb 0.85098 0.811765 0.933333 / 0.85),"rgb(95, 88, 120)",none,none,"""Schibsted Grotesk"", ""Schibsted Grotesk Fallback"", ""Segoe UI"", system-ui, sans-serif"
home,sv,desktop,span,hiw-ai-chip,Skapad med AI,Schibsted Grotesk,12.16px,700,normal,normal,normal,none,start,115,"rgb(36, 31, 53)","rgb(36, 31, 53)",none,none,"""Schibsted Grotesk"", ""Schibsted Grotesk Fallback"", ""Segoe UI"", system-ui, sans-serif"
home,sv,desktop,b,,Noah,Schibsted Grotesk,15.2px,700,normal,normal,normal,none,start,196,"rgb(242, 238, 255)","rgb(36, 31, 53)",none,none,"""Schibsted Grotesk"", ""Schibsted Grotesk Fallback"", ""Segoe UI"", system-ui, sans-serif"
home,sv,desktop,span,,bästa kompisen · med i 2 böcker,Schibsted Grotesk,13.12px,400,normal,normal,normal,none,start,196,"rgb(181, 172, 211)","rgb(95, 88, 120)",none,none,"""Schibsted Grotesk"", ""Schibsted Grotesk Fallback"", ""Segoe UI"", system-ui, sans-serif"
home,sv,desktop,b,,Sixten,Schibsted Grotesk,15.2px,700,normal,normal,normal,none,start,194,"rgb(242, 238, 255)","rgb(36, 31, 53)",none,none,"""Schibsted Grotesk"", ""Schibsted Grotesk Fallback"", ""Segoe UI"", system-ui, sans-serif"
home,sv,desktop,span,,fjällräven · följer med i varje bok,Schibsted Grotesk,13.12px,400,normal,normal,normal,none,start,194,"rgb(181, 172, 211)","rgb(95, 88, 120)",none,none,"""Schibsted Grotesk"", ""Schibsted Grotesk Fallback"", ""Segoe UI"", system-ui, sans-serif"
home,sv,desktop,div,hiw-invite-slot,+,Schibsted Grotesk,17.6px,700,normal,normal,normal,none,start,427,"rgb(232, 223, 201)","rgb(91, 63, 199)",none,none,"""Schibsted Grotesk"", ""Schibsted Grotesk Fallback"", ""Segoe UI"", system-ui, sans-serif"
home,sv,desktop,span,hiw-bake-line,Boken bakas. Ungefär tio minuter kvar.,Schibsted Grotesk,13.6px,400,normal,normal,normal,none,start,427,"rgb(181, 172, 211)","rgb(95, 88, 120)",none,none,"""Schibsted Grotesk"", ""Schibsted Grotesk Fallback"", ""Segoe UI"", system-ui, sans-serif"
home,sv,desktop,span,,Hör berättarrösten,Schibsted Grotesk,15.2px,700,normal,normal,normal,none,center,140,"rgb(58, 43, 16)","rgb(255, 255, 255)",none,none,"""Schibsted Grotesk"", ""Schibsted Grotesk Fallback"", ""Segoe UI"", system-ui, sans-serif"
home,sv,desktop,span,hiw-voice-chip,Morfar,Schibsted Grotesk,13.6px,700,normal,normal,normal,none,start,101,"rgb(232, 223, 201)","rgb(91, 63, 199)",none,none,"""Schibsted Grotesk"", ""Schibsted Grotesk Fallback"", ""Segoe UI"", system-ui, sans-serif"
home,sv,desktop,p,hiw-mock-prose,Iris gick in mellan fönsterbänken och mattan och lade ritpap,Source Serif 4,16.32px,400,normal,27.744px,normal,none,start,471,"rgb(234, 228, 245)","rgb(58, 52, 80)",none,none,"""Source Serif 4"", ""Source Serif 4 Fallback"", Georgia, serif"
home,sv,desktop,span,hiw-choice,Gå med Mossa till den gröna mattan.,Schibsted Grotesk,14.4px,600,normal,normal,normal,none,center,209,"rgb(242, 238, 255)","rgb(36, 31, 53)",none,none,"""Schibsted Grotesk"", ""Schibsted Grotesk Fallback"", ""Segoe UI"", system-ui, sans-serif"
home,sv,desktop,h3,,Fyra olika slut,Lora,21.6px,700,normal,normal,normal,none,start,976,"rgb(255, 247, 233)","rgb(36, 31, 53)",none,none,"Lora, ""Lora Fallback"", Georgia, serif"
home,sv,desktop,p,hiw-step-copy,Två val ger fyra vägar genom samma bok. Er kväll kan sluta p,Source Serif 4,16.32px,400,normal,28.56px,normal,none,start,449,"rgb(217, 207, 238)","rgb(95, 88, 120)",none,none,"""Source Serif 4"", ""Source Serif 4 Fallback"", Georgia, serif"
home,sv,desktop,p,hiw-visually-hidden,Boken börjar likadant för alla. Vid två tillfällen väljer ba,Schibsted Grotesk,16px,400,normal,normal,normal,none,start,1,"rgb(242, 238, 255)","rgb(36, 31, 53)",none,none,"""Schibsted Grotesk"", ""Schibsted Grotesk Fallback"", ""Segoe UI"", system-ui, sans-serif"
home,sv,desktop,text,map-choice-label,Val 1,Schibsted Grotesk,11px,600,normal,normal,normal,none,start,23,"rgb(242, 238, 255)","rgb(36, 31, 53)",none,none,"""Schibsted Grotesk"", ""Schibsted Grotesk Fallback"", ""Segoe UI"", system-ui, sans-serif"
home,sv,desktop,text,map-num,1,Schibsted Grotesk,11px,700,normal,normal,normal,none,start,4,"rgb(242, 238, 255)","rgb(36, 31, 53)",none,none,"""Schibsted Grotesk"", ""Schibsted Grotesk Fallback"", ""Segoe UI"", system-ui, sans-serif"
home,sv,desktop,p,hiw-caption,Kartan över exempelboken Iris och den sparade platsen. Varje,Source Serif 4,15.2px,400,normal,24.32px,normal,none,start,578,"rgb(217, 207, 238)","rgb(95, 88, 120)",none,none,"""Source Serif 4"", ""Source Serif 4 Fallback"", Georgia, serif"
home,sv,desktop,a,btn btn-ghost,Läs exempelboken,Schibsted Grotesk,16.8px,700,normal,normal,normal,none,start,216,"rgb(255, 243, 217)","rgb(36, 31, 53)",none,none,"""Schibsted Grotesk"", ""Schibsted Grotesk Fallback"", ""Segoe UI"", system-ui, sans-serif"
home,sv,desktop,span,hiw-next-label,nästa bok,Schibsted Grotesk,11.52px,700,normal,normal,0.576px,uppercase,start,93,"rgb(255, 247, 233)","rgb(255, 247, 233)",none,none,"""Schibsted Grotesk"", ""Schibsted Grotesk Fallback"", ""Segoe UI"", system-ui, sans-serif"
home,sv,desktop,b,,Sixten minns tornet,Schibsted Grotesk,13.6px,700,normal,normal,normal,none,start,136,"rgb(242, 238, 255)","rgb(36, 31, 53)",none,none,"""Schibsted Grotesk"", ""Schibsted Grotesk Fallback"", ""Segoe UI"", system-ui, sans-serif"
home,sv,desktop,span,,"från ""Alva och fyraljuset""",Schibsted Grotesk,12px,400,normal,normal,normal,none,start,136,"rgb(181, 172, 211)","rgb(95, 88, 120)",none,none,"""Schibsted Grotesk"", ""Schibsted Grotesk Fallback"", ""Segoe UI"", system-ui, sans-serif"
home,sv,desktop,h2,,Din hjälte,Lora,32px,600,normal,normal,-0.32px,none,start,144,"rgb(255, 247, 233)","rgb(36, 31, 53)",none,none,"Lora, ""Lora Fallback"", Georgia, serif"
home,sv,desktop,span,sec-chip,barnens favorit,Schibsted Grotesk,12.8px,700,normal,normal,normal,none,start,122,"rgb(232, 223, 201)","rgb(91, 63, 199)",none,none,"""Schibsted Grotesk"", ""Schibsted Grotesk Fallback"", ""Segoe UI"", system-ui, sans-serif"
home,sv,desktop,p,,Den som varje saga handlar om.,Schibsted Grotesk,14.72px,400,normal,22.08px,normal,none,start,1064,"rgb(181, 172, 211)","rgb(95, 88, 120)",none,none,"""Schibsted Grotesk"", ""Schibsted Grotesk Fallback"", ""Segoe UI"", system-ui, sans-serif"
home,sv,desktop,span,,Skapad med AI,Schibsted Grotesk,11.52px,400,normal,normal,normal,none,start,82,"rgb(181, 172, 211)","rgb(95, 88, 120)",none,none,"""Schibsted Grotesk"", ""Schibsted Grotesk Fallback"", ""Segoe UI"", system-ui, sans-serif"
home,sv,desktop,div,builder-name,Alva,Lora,25.6px,700,normal,normal,-0.256px,none,start,358,"rgb(242, 238, 255)","rgb(36, 31, 53)",none,none,"Lora, ""Lora Fallback"", Georgia, serif"
home,sv,desktop,span,trait on,Modig,Schibsted Grotesk,14.08px,700,normal,normal,normal,none,start,77,"rgb(233, 226, 255)","rgb(74, 54, 168)",none,none,"""Schibsted Grotesk"", ""Schibsted Grotesk Fallback"", ""Segoe UI"", system-ui, sans-serif"
home,sv,desktop,span,trait on,Fnissig,Schibsted Grotesk,14.08px,700,normal,normal,normal,none,start,82,"rgb(233, 226, 255)","rgb(74, 54, 168)",none,none,"""Schibsted Grotesk"", ""Schibsted Grotesk Fallback"", ""Segoe UI"", system-ui, sans-serif"
home,sv,desktop,span,trait on,Djurvän,Schibsted Grotesk,14.08px,700,normal,normal,normal,none,start,89,"rgb(233, 226, 255)","rgb(74, 54, 168)",none,none,"""Schibsted Grotesk"", ""Schibsted Grotesk Fallback"", ""Segoe UI"", system-ui, sans-serif"
home,sv,desktop,span,trait,Nyfiken,Schibsted Grotesk,14.08px,700,normal,normal,normal,none,start,88,"rgb(207, 197, 236)","rgb(95, 88, 120)",none,none,"""Schibsted Grotesk"", ""Schibsted Grotesk Fallback"", ""Segoe UI"", system-ui, sans-serif"
home,sv,desktop,span,trait,Envis,Schibsted Grotesk,14.08px,700,normal,normal,normal,none,start,71,"rgb(207, 197, 236)","rgb(95, 88, 120)",none,none,"""Schibsted Grotesk"", ""Schibsted Grotesk Fallback"", ""Segoe UI"", system-ui, sans-serif"
home,sv,desktop,span,trait,+ Fler,Schibsted Grotesk,14.08px,700,normal,normal,normal,none,start,73,"rgb(207, 197, 236)","rgb(95, 88, 120)",none,none,"""Schibsted Grotesk"", ""Schibsted Grotesk Fallback"", ""Segoe UI"", system-ui, sans-serif"
home,sv,desktop,b,,Bli din egen hjälte,Schibsted Grotesk,15.68px,700,normal,normal,normal,none,start,262,"rgb(242, 238, 255)","rgb(36, 31, 53)",none,none,"""Schibsted Grotesk"", ""Schibsted Grotesk Fallback"", ""Segoe UI"", system-ui, sans-serif"
home,sv,desktop,span,,"Ladda upp en bild, så målar vi dig i bokens stil.",Schibsted Grotesk,13.6px,400,normal,19.72px,normal,none,start,215,"rgb(181, 172, 211)","rgb(95, 88, 120)",none,none,"""Schibsted Grotesk"", ""Schibsted Grotesk Fallback"", ""Segoe UI"", system-ui, sans-serif"
home,sv,desktop,h3,,Ta med en vän,Lora,20px,700,normal,normal,-0.2px,none,start,398,"rgb(242, 238, 255)","rgb(36, 31, 53)",none,none,"Lora, ""Lora Fallback"", Georgia, serif"
home,sv,desktop,b,,Noah,Schibsted Grotesk,16px,700,normal,normal,normal,none,start,41,"rgb(242, 238, 255)","rgb(36, 31, 53)",none,none,"""Schibsted Grotesk"", ""Schibsted Grotesk Fallback"", ""Segoe UI"", system-ui, sans-serif"
home,sv,desktop,span,,bästa kompisen · med i 2 böcker,Schibsted Grotesk,13.44px,400,normal,normal,normal,none,start,201,"rgb(181, 172, 211)","rgb(95, 88, 120)",none,none,"""Schibsted Grotesk"", ""Schibsted Grotesk Fallback"", ""Segoe UI"", system-ui, sans-serif"
home,sv,desktop,span,,fjällräven · följer med i varje bok,Schibsted Grotesk,13.44px,400,normal,normal,normal,none,start,199,"rgb(181, 172, 211)","rgb(95, 88, 120)",none,none,"""Schibsted Grotesk"", ""Schibsted Grotesk Fallback"", ""Segoe UI"", system-ui, sans-serif"
home,sv,desktop,a,friend-add,Lägg till en vän,Schibsted Grotesk,15.2px,700,normal,normal,normal,none,start,398,"rgb(232, 223, 201)","rgb(91, 63, 199)",none,none,"""Schibsted Grotesk"", ""Schibsted Grotesk Fallback"", ""Segoe UI"", system-ui, sans-serif"
home,sv,desktop,h2,,Bokhyllan,Lora,32px,600,normal,normal,-0.32px,none,start,147,"rgb(255, 247, 233)","rgb(36, 31, 53)",none,none,"Lora, ""Lora Fallback"", Georgia, serif"
home,sv,desktop,span,sec-chip,2 färdiga böcker,Schibsted Grotesk,12.8px,700,normal,normal,normal,none,start,128,"rgb(232, 223, 201)","rgb(91, 63, 199)",none,none,"""Schibsted Grotesk"", ""Schibsted Grotesk Fallback"", ""Segoe UI"", system-ui, sans-serif"
home,sv,desktop,div,book-title,Alva och fyraljuset i tornet,Lora,16.32px,700,normal,20.4px,-0.1632px,none,start,208,"rgb(242, 238, 255)","rgb(36, 31, 53)",none,none,"Lora, ""Lora Fallback"", Georgia, serif"
home,sv,desktop,span,book-sub,Stora känslor,Schibsted Grotesk,11.52px,800,normal,normal,0.4608px,uppercase,start,127,"rgb(201, 188, 255)","rgb(91, 63, 199)",none,none,"""Schibsted Grotesk"", ""Schibsted Grotesk Fallback"", ""Segoe UI"", system-ui, sans-serif"
home,sv,desktop,div,book-title,Alva och filten vid elementet,Lora,16.32px,700,normal,20.4px,-0.1632px,none,start,208,"rgb(242, 238, 255)","rgb(36, 31, 53)",none,none,"Lora, ""Lora Fallback"", Georgia, serif"
home,sv,desktop,span,book-sub,Mysigt äventyr,Schibsted Grotesk,11.52px,800,normal,normal,0.4608px,uppercase,start,132,"rgb(201, 188, 255)","rgb(91, 63, 199)",none,none,"""Schibsted Grotesk"", ""Schibsted Grotesk Fallback"", ""Segoe UI"", system-ui, sans-serif"
home,sv,desktop,span,,"Tale Forge, sagor som minns er värld.",Schibsted Grotesk,14.4px,400,normal,normal,normal,none,start,249,"rgb(183, 169, 214)","rgb(95, 88, 120)",none,none,"""Schibsted Grotesk"", ""Schibsted Grotesk Fallback"", ""Segoe UI"", system-ui, sans-serif"
home,sv,desktop,span,,Beta,Schibsted Grotesk,11.2px,400,normal,normal,0.336px,none,start,41,"rgb(183, 169, 214)","rgb(95, 88, 120)",none,none,"""Schibsted Grotesk"", ""Schibsted Grotesk Fallback"", ""Segoe UI"", system-ui, sans-serif"
home,sv,desktop,span,,Version 16ab1756 · 26 sep. 2026,Schibsted Grotesk,12.8px,400,normal,normal,normal,none,start,300,"rgb(181, 172, 211)","rgb(95, 88, 120)",none,none,"""Schibsted Grotesk"", ""Schibsted Grotesk Fallback"", ""Segoe UI"", system-ui, sans-serif"
home,sv,desktop,span,,"Tale Forge AB, org.nr 559543-1122, Värnamo, Sverige",Schibsted Grotesk,14.4px,400,normal,normal,normal,none,start,351,"rgb(181, 172, 211)","rgb(95, 88, 120)",none,none,"""Schibsted Grotesk"", ""Schibsted Grotesk Fallback"", ""Segoe UI"", system-ui, sans-serif"
home,sv,desktop,a,,Kontakt,Schibsted Grotesk,14.4px,400,normal,normal,normal,none,start,51,"rgb(181, 172, 211)","rgb(95, 88, 120)",none,none,"""Schibsted Grotesk"", ""Schibsted Grotesk Fallback"", ""Segoe UI"", system-ui, sans-serif"
home,sv,desktop,a,,Integritet,Schibsted Grotesk,14.4px,400,normal,normal,normal,none,start,61,"rgb(181, 172, 211)","rgb(95, 88, 120)",none,none,"""Schibsted Grotesk"", ""Schibsted Grotesk Fallback"", ""Segoe UI"", system-ui, sans-serif"
home,sv,desktop,a,,Villkor,Schibsted Grotesk,14.4px,400,normal,normal,normal,none,start,43,"rgb(181, 172, 211)","rgb(95, 88, 120)",none,none,"""Schibsted Grotesk"", ""Schibsted Grotesk Fallback"", ""Segoe UI"", system-ui, sans-serif"
home,sv,mobile,a,skip-link,Hoppa till innehållet,Schibsted Grotesk,16px,800,normal,normal,normal,none,start,188,"rgb(36, 22, 8)","rgb(36, 22, 8)",none,none,"""Schibsted Grotesk"", ""Schibsted Grotesk Fallback"", ""Segoe UI"", system-ui, sans-serif"
home,sv,mobile,a,logo,Tale Forge,Cinzel,16.8px,700,normal,normal,1.5px,uppercase,start,158,"rgb(245, 197, 66)","rgb(109, 79, 224)","rgba(5, 8, 20, 0.8) 0px 2px 6px, rgba(245, 197, 66, 0.45) 0px 0px 34px","rgba(36, 31, 53, 0.18) 0px 1px 2px, rgba(109, 79, 224, 0.32) 0px 0px 24px","Cinzel, ""Cinzel Fallback"", ""Playfair Display"", Georgia, serif"
home,sv,mobile,a,,Logga in,Schibsted Grotesk,13.12px,700,normal,13.12px,normal,none,start,75,"rgb(181, 172, 211)","rgb(95, 88, 120)",none,none,"""Schibsted Grotesk"", ""Schibsted Grotesk Fallback"", ""Segoe UI"", system-ui, sans-serif"
home,sv,mobile,a,,Priser,Schibsted Grotesk,13.12px,700,normal,13.12px,normal,none,start,61,"rgb(181, 172, 211)","rgb(95, 88, 120)",none,none,"""Schibsted Grotesk"", ""Schibsted Grotesk Fallback"", ""Segoe UI"", system-ui, sans-serif"
home,sv,mobile,button,,SV,Schibsted Grotesk,13.12px,800,normal,normal,0.2624px,none,center,44,"rgb(58, 43, 16)","rgb(255, 255, 255)",none,none,"""Schibsted Grotesk"", ""Schibsted Grotesk Fallback"", ""Segoe UI"", system-ui, sans-serif"
home,sv,mobile,button,,EN,Schibsted Grotesk,13.12px,700,normal,normal,0.2624px,none,center,44,"rgb(181, 172, 211)","rgb(95, 88, 120)",none,none,"""Schibsted Grotesk"", ""Schibsted Grotesk Fallback"", ""Segoe UI"", system-ui, sans-serif"
home,sv,mobile,span,tt-opt night,Natt,Schibsted Grotesk,0px,700,normal,normal,normal,none,center,31,"rgb(58, 43, 16)","rgb(36, 31, 53)",none,none,"""Schibsted Grotesk"", ""Schibsted Grotesk Fallback"", ""Segoe UI"", system-ui, sans-serif"
home,sv,mobile,span,tt-opt day,Morgon,Schibsted Grotesk,0px,700,normal,normal,normal,none,center,31,"rgb(255, 243, 217)","rgb(255, 255, 255)",none,none,"""Schibsted Grotesk"", ""Schibsted Grotesk Fallback"", ""Segoe UI"", system-ui, sans-serif"
home,sv,mobile,span,kicker,Exempel: Alvas värld · 2 böcker,Schibsted Grotesk,13.6px,700,normal,normal,normal,none,start,263,"rgb(232, 223, 201)","rgb(91, 63, 199)",none,none,"""Schibsted Grotesk"", ""Schibsted Grotesk Fallback"", ""Segoe UI"", system-ui, sans-serif"
home,sv,mobile,h1,,En värld som .,Lora,43.2px,700,normal,45.792px,-0.648px,none,start,334,"rgb(255, 247, 233)","rgb(36, 31, 53)","rgba(12, 8, 40, 0.35) 0px 2px 30px",none,"Lora, ""Lora Fallback"", Georgia, serif"
home,sv,mobile,span,grad,minns henne,Lora,43.2px,700,normal,45.792px,-0.648px,none,start,263,"rgb(245, 197, 66)","rgb(91, 63, 199)","rgba(12, 8, 40, 0.35) 0px 2px 30px",none,"Lora, ""Lora Fallback"", Georgia, serif"
home,sv,mobile,p,lede,Den målade hjälten återvänder. Valen förändrar vad som hände,Source Serif 4,17.28px,400,normal,28.512px,normal,none,start,334,"rgb(217, 207, 238)","rgb(95, 88, 120)",none,none,"""Source Serif 4"", ""Source Serif 4 Fallback"", Georgia, serif"
home,sv,mobile,a,btn btn-primary,Skapa er hjälte,Schibsted Grotesk,16.8px,700,normal,normal,normal,none,start,183,"rgb(58, 43, 16)","rgb(255, 255, 255)",none,none,"""Schibsted Grotesk"", ""Schibsted Grotesk Fallback"", ""Segoe UI"", system-ui, sans-serif"
home,sv,mobile,span,cta-microcopy,"Första boken är gratis, inget kort behövs. Sedan 149 kr i må",Schibsted Grotesk,13.6px,400,normal,normal,normal,none,start,334,"rgb(217, 207, 238)","rgb(95, 88, 120)",none,none,"""Schibsted Grotesk"", ""Schibsted Grotesk Fallback"", ""Segoe UI"", system-ui, sans-serif"
home,sv,mobile,a,btn btn-ghost,Se hur det funkar,Schibsted Grotesk,16.8px,700,normal,normal,normal,none,start,203,"rgb(255, 243, 217)","rgb(36, 31, 53)",none,none,"""Schibsted Grotesk"", ""Schibsted Grotesk Fallback"", ""Segoe UI"", system-ui, sans-serif"
home,sv,mobile,b,,Sixten minns tornet,Schibsted Grotesk,15.2px,700,normal,normal,normal,none,start,145,"rgb(242, 238, 255)","rgb(36, 31, 53)",none,none,"""Schibsted Grotesk"", ""Schibsted Grotesk Fallback"", ""Segoe UI"", system-ui, sans-serif"
home,sv,mobile,span,,"från ""Alva och fyraljuset""",Schibsted Grotesk,12.8px,400,normal,normal,normal,none,start,145,"rgb(181, 172, 211)","rgb(95, 88, 120)",none,none,"""Schibsted Grotesk"", ""Schibsted Grotesk Fallback"", ""Segoe UI"", system-ui, sans-serif"
home,sv,mobile,span,hiw-kicker,Så fungerar det,Schibsted Grotesk,13.12px,700,normal,normal,2px,uppercase,start,181,"rgb(201, 188, 255)","rgb(91, 63, 199)",none,none,"""Schibsted Grotesk"", ""Schibsted Grotesk Fallback"", ""Segoe UI"", system-ui, sans-serif"
home,sv,mobile,h2,hiw-headline,Äventyr värda att prata om.,Lora,30.4px,700,normal,normal,-0.456px,none,start,334,"rgb(255, 247, 233)","rgb(36, 31, 53)",none,none,"Lora, ""Lora Fallback"", Georgia, serif"
home,sv,mobile,p,hiw-lede,Från ett foto till en uppläst bilderbok med fyra olika slut.,Source Serif 4,17.6px,400,normal,29.92px,normal,none,start,334,"rgb(217, 207, 238)","rgb(95, 88, 120)",none,none,"""Source Serif 4"", ""Source Serif 4 Fallback"", Georgia, serif"
home,sv,mobile,span,hiw-node,1,Lora,14.4px,700,normal,normal,normal,none,start,32,"rgb(255, 217, 143)","rgb(143, 106, 18)",none,none,"Lora, ""Lora Fallback"", Georgia, serif"
home,sv,mobile,h3,,Bygg er hjälte,Lora,21.6px,700,normal,normal,normal,none,start,290,"rgb(255, 247, 233)","rgb(36, 31, 53)",none,none,"Lora, ""Lora Fallback"", Georgia, serif"
home,sv,mobile,p,hiw-step-copy,Ladda upp en bild och välj det som gör ert barn till ert bar,Source Serif 4,16.32px,400,normal,28.56px,normal,none,start,290,"rgb(217, 207, 238)","rgb(95, 88, 120)",none,none,"""Source Serif 4"", ""Source Serif 4 Fallback"", Georgia, serif"
home,sv,mobile,p,hiw-micro,Porträttet styr både bilderna och berättelsen.,Schibsted Grotesk,14.08px,600,normal,normal,normal,none,start,290,color(srgb 0.85098 0.811765 0.933333 / 0.85),"rgb(95, 88, 120)",none,none,"""Schibsted Grotesk"", ""Schibsted Grotesk Fallback"", ""Segoe UI"", system-ui, sans-serif"
home,sv,mobile,span,hiw-ai-chip,Skapad med AI,Schibsted Grotesk,12.16px,700,normal,normal,normal,none,start,115,"rgb(36, 31, 53)","rgb(36, 31, 53)",none,none,"""Schibsted Grotesk"", ""Schibsted Grotesk Fallback"", ""Segoe UI"", system-ui, sans-serif"
home,sv,mobile,b,,Noah,Schibsted Grotesk,15.2px,700,normal,normal,normal,none,start,196,"rgb(242, 238, 255)","rgb(36, 31, 53)",none,none,"""Schibsted Grotesk"", ""Schibsted Grotesk Fallback"", ""Segoe UI"", system-ui, sans-serif"
home,sv,mobile,span,,bästa kompisen · med i 2 böcker,Schibsted Grotesk,13.12px,400,normal,normal,normal,none,start,196,"rgb(181, 172, 211)","rgb(95, 88, 120)",none,none,"""Schibsted Grotesk"", ""Schibsted Grotesk Fallback"", ""Segoe UI"", system-ui, sans-serif"
home,sv,mobile,b,,Sixten,Schibsted Grotesk,15.2px,700,normal,normal,normal,none,start,194,"rgb(242, 238, 255)","rgb(36, 31, 53)",none,none,"""Schibsted Grotesk"", ""Schibsted Grotesk Fallback"", ""Segoe UI"", system-ui, sans-serif"
home,sv,mobile,span,,fjällräven · följer med i varje bok,Schibsted Grotesk,13.12px,400,normal,normal,normal,none,start,194,"rgb(181, 172, 211)","rgb(95, 88, 120)",none,none,"""Schibsted Grotesk"", ""Schibsted Grotesk Fallback"", ""Segoe UI"", system-ui, sans-serif"
home,sv,mobile,div,hiw-invite-slot,+,Schibsted Grotesk,17.6px,700,normal,normal,normal,none,start,244,"rgb(232, 223, 201)","rgb(91, 63, 199)",none,none,"""Schibsted Grotesk"", ""Schibsted Grotesk Fallback"", ""Segoe UI"", system-ui, sans-serif"
home,sv,mobile,p,hiw-step-copy,"Välj tema och känsla. Sedan skriver, målar och läser vi in h",Source Serif 4,16.32px,400,normal,28.56px,normal,none,start,290,"rgb(217, 207, 238)","rgb(95, 88, 120)",none,none,"""Source Serif 4"", ""Source Serif 4 Fallback"", Georgia, serif"
home,sv,mobile,span,hiw-bake-line,Boken bakas. Ungefär tio minuter kvar.,Schibsted Grotesk,13.6px,400,normal,normal,normal,none,start,244,"rgb(181, 172, 211)","rgb(95, 88, 120)",none,none,"""Schibsted Grotesk"", ""Schibsted Grotesk Fallback"", ""Segoe UI"", system-ui, sans-serif"
home,sv,mobile,span,,Hör berättarrösten,Schibsted Grotesk,15.2px,700,normal,normal,normal,none,center,140,"rgb(58, 43, 16)","rgb(255, 255, 255)",none,none,"""Schibsted Grotesk"", ""Schibsted Grotesk Fallback"", ""Segoe UI"", system-ui, sans-serif"
home,sv,mobile,span,hiw-voice-chip,Morfar,Schibsted Grotesk,13.6px,700,normal,normal,normal,none,start,101,"rgb(232, 223, 201)","rgb(91, 63, 199)",none,none,"""Schibsted Grotesk"", ""Schibsted Grotesk Fallback"", ""Segoe UI"", system-ui, sans-serif"
home,sv,mobile,p,hiw-mock-prose,Iris gick in mellan fönsterbänken och mattan och lade ritpap,Source Serif 4,16.32px,400,normal,27.744px,normal,none,start,288,"rgb(234, 228, 245)","rgb(58, 52, 80)",none,none,"""Source Serif 4"", ""Source Serif 4 Fallback"", Georgia, serif"
home,sv,mobile,span,hiw-choice,Gå med Mossa till den gröna mattan.,Schibsted Grotesk,14.4px,600,normal,normal,normal,none,center,244,"rgb(242, 238, 255)","rgb(36, 31, 53)",none,none,"""Schibsted Grotesk"", ""Schibsted Grotesk Fallback"", ""Segoe UI"", system-ui, sans-serif"
home,sv,mobile,p,hiw-step-copy,Två val ger fyra vägar genom samma bok. Er kväll kan sluta p,Source Serif 4,16.32px,400,normal,28.56px,normal,none,start,290,"rgb(217, 207, 238)","rgb(95, 88, 120)",none,none,"""Source Serif 4"", ""Source Serif 4 Fallback"", Georgia, serif"
home,sv,mobile,p,hiw-visually-hidden,Boken börjar likadant för alla. Vid två tillfällen väljer ba,Schibsted Grotesk,16px,400,normal,normal,normal,none,start,1,"rgb(242, 238, 255)","rgb(36, 31, 53)",none,none,"""Schibsted Grotesk"", ""Schibsted Grotesk Fallback"", ""Segoe UI"", system-ui, sans-serif"
home,sv,mobile,text,map-num,1,Schibsted Grotesk,11px,700,normal,normal,normal,none,start,3,"rgb(242, 238, 255)","rgb(36, 31, 53)",none,none,"""Schibsted Grotesk"", ""Schibsted Grotesk Fallback"", ""Segoe UI"", system-ui, sans-serif"
home,sv,mobile,p,hiw-caption,Kartan över exempelboken Iris och den sparade platsen. Varje,Source Serif 4,15.2px,400,normal,24.32px,normal,none,start,290,"rgb(217, 207, 238)","rgb(95, 88, 120)",none,none,"""Source Serif 4"", ""Source Serif 4 Fallback"", Georgia, serif"
home,sv,mobile,a,btn btn-ghost,Läs exempelboken,Schibsted Grotesk,16.8px,700,normal,normal,normal,none,start,216,"rgb(255, 243, 217)","rgb(36, 31, 53)",none,none,"""Schibsted Grotesk"", ""Schibsted Grotesk Fallback"", ""Segoe UI"", system-ui, sans-serif"
home,sv,mobile,span,hiw-next-label,nästa bok,Schibsted Grotesk,11.52px,700,normal,normal,0.576px,uppercase,start,93,"rgb(255, 247, 233)","rgb(255, 247, 233)",none,none,"""Schibsted Grotesk"", ""Schibsted Grotesk Fallback"", ""Segoe UI"", system-ui, sans-serif"
home,sv,mobile,b,,Sixten minns tornet,Schibsted Grotesk,13.6px,700,normal,normal,normal,none,start,136,"rgb(242, 238, 255)","rgb(36, 31, 53)",none,none,"""Schibsted Grotesk"", ""Schibsted Grotesk Fallback"", ""Segoe UI"", system-ui, sans-serif"
home,sv,mobile,span,,"från ""Alva och fyraljuset""",Schibsted Grotesk,12px,400,normal,normal,normal,none,start,136,"rgb(181, 172, 211)","rgb(95, 88, 120)",none,none,"""Schibsted Grotesk"", ""Schibsted Grotesk Fallback"", ""Segoe UI"", system-ui, sans-serif"
home,sv,mobile,h2,,Din hjälte,Lora,24px,600,normal,normal,-0.24px,none,start,108,"rgb(255, 247, 233)","rgb(36, 31, 53)",none,none,"Lora, ""Lora Fallback"", Georgia, serif"
home,sv,mobile,span,sec-chip,barnens favorit,Schibsted Grotesk,12.8px,700,normal,normal,normal,none,start,122,"rgb(232, 223, 201)","rgb(91, 63, 199)",none,none,"""Schibsted Grotesk"", ""Schibsted Grotesk Fallback"", ""Segoe UI"", system-ui, sans-serif"
home,sv,mobile,p,,Den som varje saga handlar om.,Schibsted Grotesk,14.72px,400,normal,22.08px,normal,none,start,334,"rgb(181, 172, 211)","rgb(95, 88, 120)",none,none,"""Schibsted Grotesk"", ""Schibsted Grotesk Fallback"", ""Segoe UI"", system-ui, sans-serif"
home,sv,mobile,span,,Skapad med AI,Schibsted Grotesk,11.52px,400,normal,normal,normal,none,center,82,"rgb(181, 172, 211)","rgb(95, 88, 120)",none,none,"""Schibsted Grotesk"", ""Schibsted Grotesk Fallback"", ""Segoe UI"", system-ui, sans-serif"
home,sv,mobile,div,builder-name,Alva,Lora,25.6px,700,normal,normal,-0.256px,none,center,280,"rgb(242, 238, 255)","rgb(36, 31, 53)",none,none,"Lora, ""Lora Fallback"", Georgia, serif"
home,sv,mobile,span,trait on,Modig,Schibsted Grotesk,14.08px,700,normal,normal,normal,none,center,77,"rgb(233, 226, 255)","rgb(74, 54, 168)",none,none,"""Schibsted Grotesk"", ""Schibsted Grotesk Fallback"", ""Segoe UI"", system-ui, sans-serif"
home,sv,mobile,span,trait on,Fnissig,Schibsted Grotesk,14.08px,700,normal,normal,normal,none,center,82,"rgb(233, 226, 255)","rgb(74, 54, 168)",none,none,"""Schibsted Grotesk"", ""Schibsted Grotesk Fallback"", ""Segoe UI"", system-ui, sans-serif"
home,sv,mobile,span,trait on,Djurvän,Schibsted Grotesk,14.08px,700,normal,normal,normal,none,center,89,"rgb(233, 226, 255)","rgb(74, 54, 168)",none,none,"""Schibsted Grotesk"", ""Schibsted Grotesk Fallback"", ""Segoe UI"", system-ui, sans-serif"
home,sv,mobile,span,trait,Nyfiken,Schibsted Grotesk,14.08px,700,normal,normal,normal,none,center,88,"rgb(207, 197, 236)","rgb(95, 88, 120)",none,none,"""Schibsted Grotesk"", ""Schibsted Grotesk Fallback"", ""Segoe UI"", system-ui, sans-serif"
home,sv,mobile,span,trait,Envis,Schibsted Grotesk,14.08px,700,normal,normal,normal,none,center,71,"rgb(207, 197, 236)","rgb(95, 88, 120)",none,none,"""Schibsted Grotesk"", ""Schibsted Grotesk Fallback"", ""Segoe UI"", system-ui, sans-serif"
home,sv,mobile,span,trait,+ Fler,Schibsted Grotesk,14.08px,700,normal,normal,normal,none,center,73,"rgb(207, 197, 236)","rgb(95, 88, 120)",none,none,"""Schibsted Grotesk"", ""Schibsted Grotesk Fallback"", ""Segoe UI"", system-ui, sans-serif"
home,sv,mobile,b,,Bli din egen hjälte,Schibsted Grotesk,15.68px,700,normal,normal,normal,none,center,184,"rgb(242, 238, 255)","rgb(36, 31, 53)",none,none,"""Schibsted Grotesk"", ""Schibsted Grotesk Fallback"", ""Segoe UI"", system-ui, sans-serif"
home,sv,mobile,span,,"Ladda upp en bild, så målar vi dig i bokens stil.",Schibsted Grotesk,13.6px,400,normal,19.72px,normal,none,center,172,"rgb(181, 172, 211)","rgb(95, 88, 120)",none,none,"""Schibsted Grotesk"", ""Schibsted Grotesk Fallback"", ""Segoe UI"", system-ui, sans-serif"
home,sv,mobile,h3,,Ta med en vän,Lora,20px,700,normal,normal,-0.2px,none,start,280,"rgb(242, 238, 255)","rgb(36, 31, 53)",none,none,"Lora, ""Lora Fallback"", Georgia, serif"
home,sv,mobile,b,,Noah,Schibsted Grotesk,16px,700,normal,normal,normal,none,start,41,"rgb(242, 238, 255)","rgb(36, 31, 53)",none,none,"""Schibsted Grotesk"", ""Schibsted Grotesk Fallback"", ""Segoe UI"", system-ui, sans-serif"
home,sv,mobile,span,,bästa kompisen · med i 2 böcker,Schibsted Grotesk,13.44px,400,normal,normal,normal,none,start,201,"rgb(181, 172, 211)","rgb(95, 88, 120)",none,none,"""Schibsted Grotesk"", ""Schibsted Grotesk Fallback"", ""Segoe UI"", system-ui, sans-serif"
home,sv,mobile,span,,fjällräven · följer med i varje bok,Schibsted Grotesk,13.44px,400,normal,normal,normal,none,start,199,"rgb(181, 172, 211)","rgb(95, 88, 120)",none,none,"""Schibsted Grotesk"", ""Schibsted Grotesk Fallback"", ""Segoe UI"", system-ui, sans-serif"
home,sv,mobile,a,friend-add,Lägg till en vän,Schibsted Grotesk,15.2px,700,normal,normal,normal,none,start,280,"rgb(232, 223, 201)","rgb(91, 63, 199)",none,none,"""Schibsted Grotesk"", ""Schibsted Grotesk Fallback"", ""Segoe UI"", system-ui, sans-serif"
home,sv,mobile,h2,,Bokhyllan,Lora,24px,600,normal,normal,-0.24px,none,start,110,"rgb(255, 247, 233)","rgb(36, 31, 53)",none,none,"Lora, ""Lora Fallback"", Georgia, serif"
home,sv,mobile,span,sec-chip,2 färdiga böcker,Schibsted Grotesk,12.8px,700,normal,normal,normal,none,start,128,"rgb(232, 223, 201)","rgb(91, 63, 199)",none,none,"""Schibsted Grotesk"", ""Schibsted Grotesk Fallback"", ""Segoe UI"", system-ui, sans-serif"
home,sv,mobile,div,book-title,Alva och fyraljuset i tornet,Lora,16.32px,700,normal,20.4px,-0.1632px,none,start,292,"rgb(242, 238, 255)","rgb(36, 31, 53)",none,none,"Lora, ""Lora Fallback"", Georgia, serif"
home,sv,mobile,span,book-sub,Stora känslor,Schibsted Grotesk,11.52px,800,normal,normal,0.4608px,uppercase,start,127,"rgb(201, 188, 255)","rgb(91, 63, 199)",none,none,"""Schibsted Grotesk"", ""Schibsted Grotesk Fallback"", ""Segoe UI"", system-ui, sans-serif"
home,sv,mobile,span,book-sub,Mysigt äventyr,Schibsted Grotesk,11.52px,800,normal,normal,0.4608px,uppercase,start,132,"rgb(201, 188, 255)","rgb(91, 63, 199)",none,none,"""Schibsted Grotesk"", ""Schibsted Grotesk Fallback"", ""Segoe UI"", system-ui, sans-serif"
home,sv,mobile,span,,"Tale Forge, sagor som minns er värld.",Schibsted Grotesk,14.4px,400,normal,normal,normal,none,start,249,"rgb(183, 169, 214)","rgb(95, 88, 120)",none,none,"""Schibsted Grotesk"", ""Schibsted Grotesk Fallback"", ""Segoe UI"", system-ui, sans-serif"
home,sv,mobile,span,,Beta,Schibsted Grotesk,11.2px,400,normal,normal,0.336px,none,start,41,"rgb(183, 169, 214)","rgb(95, 88, 120)",none,none,"""Schibsted Grotesk"", ""Schibsted Grotesk Fallback"", ""Segoe UI"", system-ui, sans-serif"
home,sv,mobile,span,,Version 16ab1756 · 26 sep. 2026,Schibsted Grotesk,12.8px,400,normal,normal,normal,none,start,300,"rgb(181, 172, 211)","rgb(95, 88, 120)",none,none,"""Schibsted Grotesk"", ""Schibsted Grotesk Fallback"", ""Segoe UI"", system-ui, sans-serif"
home,sv,mobile,span,,"Tale Forge AB, org.nr 559543-1122, Värnamo, Sverige",Schibsted Grotesk,14.4px,400,normal,normal,normal,none,start,334,"rgb(181, 172, 211)","rgb(95, 88, 120)",none,none,"""Schibsted Grotesk"", ""Schibsted Grotesk Fallback"", ""Segoe UI"", system-ui, sans-serif"
home,sv,mobile,a,,Kontakt,Schibsted Grotesk,14.4px,400,normal,normal,normal,none,start,51,"rgb(181, 172, 211)","rgb(95, 88, 120)",none,none,"""Schibsted Grotesk"", ""Schibsted Grotesk Fallback"", ""Segoe UI"", system-ui, sans-serif"
home,sv,mobile,a,,Integritet,Schibsted Grotesk,14.4px,400,normal,normal,normal,none,start,61,"rgb(181, 172, 211)","rgb(95, 88, 120)",none,none,"""Schibsted Grotesk"", ""Schibsted Grotesk Fallback"", ""Segoe UI"", system-ui, sans-serif"
home,sv,mobile,a,,Villkor,Schibsted Grotesk,14.4px,400,normal,normal,normal,none,start,43,"rgb(181, 172, 211)","rgb(95, 88, 120)",none,none,"""Schibsted Grotesk"", ""Schibsted Grotesk Fallback"", ""Segoe UI"", system-ui, sans-serif"
integritet,en,desktop,a,skip-link,Skip to content,Schibsted Grotesk,16px,800,normal,normal,normal,none,start,148,"rgb(36, 22, 8)","rgb(36, 22, 8)",none,none,"""Schibsted Grotesk"", ""Schibsted Grotesk Fallback"", ""Segoe UI"", system-ui, sans-serif"
integritet,en,desktop,a,logo,Tale Forge,Cinzel,27.52px,700,normal,normal,3px,uppercase,start,261,"rgb(245, 197, 66)","rgb(109, 79, 224)","rgba(5, 8, 20, 0.8) 0px 2px 6px, rgba(245, 197, 66, 0.45) 0px 0px 34px","rgba(36, 31, 53, 0.18) 0px 1px 2px, rgba(109, 79, 224, 0.32) 0px 0px 24px","Cinzel, ""Cinzel Fallback"", ""Playfair Display"", Georgia, serif"
integritet,en,desktop,a,,Login,Schibsted Grotesk,13.12px,700,normal,13.12px,normal,none,start,57,"rgb(181, 172, 211)","rgb(95, 88, 120)",none,none,"""Schibsted Grotesk"", ""Schibsted Grotesk Fallback"", ""Segoe UI"", system-ui, sans-serif"
integritet,en,desktop,a,,Pricing,Schibsted Grotesk,13.12px,700,normal,13.12px,normal,none,start,67,"rgb(181, 172, 211)","rgb(95, 88, 120)",none,none,"""Schibsted Grotesk"", ""Schibsted Grotesk Fallback"", ""Segoe UI"", system-ui, sans-serif"
integritet,en,desktop,button,,SV,Schibsted Grotesk,13.12px,700,normal,normal,0.2624px,none,center,44,"rgb(181, 172, 211)","rgb(95, 88, 120)",none,none,"""Schibsted Grotesk"", ""Schibsted Grotesk Fallback"", ""Segoe UI"", system-ui, sans-serif"
integritet,en,desktop,button,,EN,Schibsted Grotesk,13.12px,800,normal,normal,0.2624px,none,center,44,"rgb(58, 43, 16)","rgb(255, 255, 255)",none,none,"""Schibsted Grotesk"", ""Schibsted Grotesk Fallback"", ""Segoe UI"", system-ui, sans-serif"
integritet,en,desktop,span,tt-opt night,Night,Schibsted Grotesk,15.2px,700,normal,normal,normal,none,center,90,"rgb(58, 43, 16)","rgb(36, 31, 53)",none,none,"""Schibsted Grotesk"", ""Schibsted Grotesk Fallback"", ""Segoe UI"", system-ui, sans-serif"
integritet,en,desktop,span,tt-opt day,Morning,Schibsted Grotesk,15.2px,700,normal,normal,normal,none,center,112,"rgb(255, 243, 217)","rgb(255, 255, 255)",none,none,"""Schibsted Grotesk"", ""Schibsted Grotesk Fallback"", ""Segoe UI"", system-ui, sans-serif"
integritet,en,desktop,h1,page-title,Privacy notice,Lora,32px,600,normal,33.92px,normal,none,start,216,"rgb(255, 247, 233)","rgb(36, 31, 53)","rgba(12, 8, 40, 0.35) 0px 2px 30px",none,"Lora, ""Lora Fallback"", Georgia, serif"
integritet,en,desktop,p,lede,How we look after your child's information. The same text ap,Source Serif 4,16.32px,400,normal,26.928px,normal,none,start,397,"rgb(181, 172, 211)","rgb(95, 88, 120)",none,none,"""Source Serif 4"", ""Source Serif 4 Fallback"", Georgia, serif"
integritet,en,desktop,span,,English,Schibsted Grotesk,12.48px,800,normal,normal,0.9984px,uppercase,start,91,"rgb(181, 172, 211)","rgb(95, 88, 120)",none,none,"""Schibsted Grotesk"", ""Schibsted Grotesk Fallback"", ""Segoe UI"", system-ui, sans-serif"
integritet,en,desktop,h3,,In short,Schibsted Grotesk,16.32px,800,normal,normal,normal,none,start,690,"rgb(242, 238, 255)","rgb(36, 31, 53)",none,none,"""Schibsted Grotesk"", ""Schibsted Grotesk Fallback"", ""Segoe UI"", system-ui, sans-serif"
integritet,en,desktop,p,prose-plain,"We are Tale Forge AB, a small Swedish company in Värnamo (or",Source Serif 4,16.8px,400,normal,28.56px,normal,none,start,690,"rgb(181, 172, 211)","rgb(95, 88, 120)",none,none,"""Source Serif 4"", ""Source Serif 4 Fallback"", Georgia, serif"
integritet,en,desktop,p,prose-plain,"You tell us a first name, an age range and a language, and y",Source Serif 4,16.8px,400,normal,28.56px,normal,none,start,690,"rgb(181, 172, 211)","rgb(95, 88, 120)",none,none,"""Source Serif 4"", ""Source Serif 4 Fallback"", Georgia, serif"
integritet,en,desktop,p,prose-plain,"Your child's first name, an age band (a range, not a birthda",Source Serif 4,16.8px,400,normal,28.56px,normal,none,start,690,"rgb(181, 172, 211)","rgb(95, 88, 120)",none,none,"""Source Serif 4"", ""Source Serif 4 Fallback"", Georgia, serif"
integritet,en,desktop,p,prose-plain,For the Book Fair quick story we ask for the child's and adu,Source Serif 4,16.8px,400,normal,28.56px,normal,none,start,690,"rgb(181, 172, 211)","rgb(95, 88, 120)",none,none,"""Source Serif 4"", ""Source Serif 4 Fallback"", Georgia, serif"
integritet,en,desktop,p,prose-plain,"When you upload a photo, we store the original in Google Clo",Source Serif 4,16.8px,400,normal,28.56px,normal,none,start,690,"rgb(181, 172, 211)","rgb(95, 88, 120)",none,none,"""Source Serif 4"", ""Source Serif 4 Fallback"", Georgia, serif"
integritet,en,desktop,p,prose-plain,A few companies help us behind the scenes (our sub-processor,Source Serif 4,16.8px,400,normal,28.56px,normal,none,start,690,"rgb(181, 172, 211)","rgb(95, 88, 120)",none,none,"""Source Serif 4"", ""Source Serif 4 Fallback"", Georgia, serif"
integritet,en,desktop,li,,"Supabase, database and storage (EU).",Source Serif 4,16.8px,400,normal,28.56px,normal,none,start,670,"rgb(181, 172, 211)","rgb(95, 88, 120)",none,none,"""Source Serif 4"", ""Source Serif 4 Fallback"", Georgia, serif"
integritet,en,desktop,li,,"Microsoft Azure, AI services that write the stories and are ",Source Serif 4,16.8px,400,normal,28.56px,normal,none,start,670,"rgb(181, 172, 211)","rgb(95, 88, 120)",none,none,"""Source Serif 4"", ""Source Serif 4 Fallback"", Georgia, serif"
integritet,en,desktop,li,,"Google Cloud Storage, where uploaded photos are held during ",Source Serif 4,16.8px,400,normal,28.56px,normal,none,start,670,"rgb(181, 172, 211)","rgb(95, 88, 120)",none,none,"""Source Serif 4"", ""Source Serif 4 Fallback"", Georgia, serif"
integritet,en,desktop,li,,"PostHog (EU), statistics about how the app is used. For sign",Source Serif 4,16.8px,400,normal,28.56px,normal,none,start,670,"rgb(181, 172, 211)","rgb(95, 88, 120)",none,none,"""Source Serif 4"", ""Source Serif 4 Fallback"", Georgia, serif"
integritet,en,desktop,a,,your account,Source Serif 4,16.8px,700,normal,28.56px,normal,none,start,107,"rgb(245, 197, 66)","rgb(109, 79, 224)",none,none,"""Source Serif 4"", ""Source Serif 4 Fallback"", Georgia, serif"
integritet,en,desktop,summary,,Läs på svenska,Schibsted Grotesk,16px,800,normal,normal,normal,none,start,690,"rgb(245, 197, 66)","rgb(109, 79, 224)",none,none,"""Schibsted Grotesk"", ""Schibsted Grotesk Fallback"", ""Segoe UI"", system-ui, sans-serif"
integritet,en,desktop,span,,Svenska,Schibsted Grotesk,12.48px,800,normal,normal,0.9984px,uppercase,start,95,"rgb(181, 172, 211)","rgb(95, 88, 120)",none,none,"""Schibsted Grotesk"", ""Schibsted Grotesk Fallback"", ""Segoe UI"", system-ui, sans-serif"
integritet,en,desktop,p,prose-plain,När ni laddar upp ett foto lagras originalfotot hos oss i Go,Source Serif 4,16.8px,400,normal,28.56px,normal,none,start,690,"rgb(181, 172, 211)","rgb(95, 88, 120)",none,none,"""Source Serif 4"", ""Source Serif 4 Fallback"", Georgia, serif"
integritet,en,desktop,p,prose-plain,"Ett foto eller en beskrivning kan behandlas utanför EU/EES, ",Source Serif 4,16.8px,400,normal,28.56px,normal,none,start,690,"rgb(181, 172, 211)","rgb(95, 88, 120)",none,none,"""Source Serif 4"", ""Source Serif 4 Fallback"", Georgia, serif"
integritet,en,desktop,span,,"Tale Forge, storybooks that remember your world.",Schibsted Grotesk,14.4px,400,normal,normal,normal,none,start,334,"rgb(183, 169, 214)","rgb(95, 88, 120)",none,none,"""Schibsted Grotesk"", ""Schibsted Grotesk Fallback"", ""Segoe UI"", system-ui, sans-serif"
integritet,en,desktop,span,,Beta,Schibsted Grotesk,11.2px,400,normal,normal,0.336px,none,start,41,"rgb(183, 169, 214)","rgb(95, 88, 120)",none,none,"""Schibsted Grotesk"", ""Schibsted Grotesk Fallback"", ""Segoe UI"", system-ui, sans-serif"
integritet,en,desktop,span,,Version 16ab1756 · 26 Sep 2026,Schibsted Grotesk,12.8px,400,normal,normal,normal,none,start,385,"rgb(181, 172, 211)","rgb(95, 88, 120)",none,none,"""Schibsted Grotesk"", ""Schibsted Grotesk Fallback"", ""Segoe UI"", system-ui, sans-serif"
integritet,en,desktop,span,,"Tale Forge AB, reg. no. 559543-1122, Varnamo, Sweden",Schibsted Grotesk,14.4px,400,normal,normal,normal,none,start,364,"rgb(181, 172, 211)","rgb(95, 88, 120)",none,none,"""Schibsted Grotesk"", ""Schibsted Grotesk Fallback"", ""Segoe UI"", system-ui, sans-serif"
integritet,en,desktop,a,,Contact,Schibsted Grotesk,14.4px,400,normal,normal,normal,none,start,52,"rgb(181, 172, 211)","rgb(95, 88, 120)",none,none,"""Schibsted Grotesk"", ""Schibsted Grotesk Fallback"", ""Segoe UI"", system-ui, sans-serif"
integritet,en,desktop,a,,Privacy,Schibsted Grotesk,14.4px,400,normal,normal,normal,none,start,49,"rgb(181, 172, 211)","rgb(95, 88, 120)",none,none,"""Schibsted Grotesk"", ""Schibsted Grotesk Fallback"", ""Segoe UI"", system-ui, sans-serif"
integritet,en,desktop,a,,Terms,Schibsted Grotesk,14.4px,400,normal,normal,normal,none,start,41,"rgb(181, 172, 211)","rgb(95, 88, 120)",none,none,"""Schibsted Grotesk"", ""Schibsted Grotesk Fallback"", ""Segoe UI"", system-ui, sans-serif"
integritet,en,mobile,a,skip-link,Skip to content,Schibsted Grotesk,16px,800,normal,normal,normal,none,start,148,"rgb(36, 22, 8)","rgb(36, 22, 8)",none,none,"""Schibsted Grotesk"", ""Schibsted Grotesk Fallback"", ""Segoe UI"", system-ui, sans-serif"
integritet,en,mobile,a,logo,Tale Forge,Cinzel,16.8px,700,normal,normal,1.5px,uppercase,start,158,"rgb(245, 197, 66)","rgb(109, 79, 224)","rgba(5, 8, 20, 0.8) 0px 2px 6px, rgba(245, 197, 66, 0.45) 0px 0px 34px","rgba(36, 31, 53, 0.18) 0px 1px 2px, rgba(109, 79, 224, 0.32) 0px 0px 24px","Cinzel, ""Cinzel Fallback"", ""Playfair Display"", Georgia, serif"
integritet,en,mobile,a,,Login,Schibsted Grotesk,13.12px,700,normal,13.12px,normal,none,start,57,"rgb(181, 172, 211)","rgb(95, 88, 120)",none,none,"""Schibsted Grotesk"", ""Schibsted Grotesk Fallback"", ""Segoe UI"", system-ui, sans-serif"
integritet,en,mobile,a,,Pricing,Schibsted Grotesk,13.12px,700,normal,13.12px,normal,none,start,67,"rgb(181, 172, 211)","rgb(95, 88, 120)",none,none,"""Schibsted Grotesk"", ""Schibsted Grotesk Fallback"", ""Segoe UI"", system-ui, sans-serif"
integritet,en,mobile,button,,SV,Schibsted Grotesk,13.12px,700,normal,normal,0.2624px,none,center,44,"rgb(181, 172, 211)","rgb(95, 88, 120)",none,none,"""Schibsted Grotesk"", ""Schibsted Grotesk Fallback"", ""Segoe UI"", system-ui, sans-serif"
integritet,en,mobile,button,,EN,Schibsted Grotesk,13.12px,800,normal,normal,0.2624px,none,center,44,"rgb(58, 43, 16)","rgb(255, 255, 255)",none,none,"""Schibsted Grotesk"", ""Schibsted Grotesk Fallback"", ""Segoe UI"", system-ui, sans-serif"
integritet,en,mobile,span,tt-opt night,Night,Schibsted Grotesk,0px,700,normal,normal,normal,none,center,31,"rgb(58, 43, 16)","rgb(36, 31, 53)",none,none,"""Schibsted Grotesk"", ""Schibsted Grotesk Fallback"", ""Segoe UI"", system-ui, sans-serif"
integritet,en,mobile,span,tt-opt day,Morning,Schibsted Grotesk,0px,700,normal,normal,normal,none,center,31,"rgb(255, 243, 217)","rgb(255, 255, 255)",none,none,"""Schibsted Grotesk"", ""Schibsted Grotesk Fallback"", ""Segoe UI"", system-ui, sans-serif"
integritet,en,mobile,h1,page-title,Privacy notice,Lora,24px,600,normal,25.44px,normal,none,start,162,"rgb(255, 247, 233)","rgb(36, 31, 53)","rgba(12, 8, 40, 0.35) 0px 2px 30px",none,"Lora, ""Lora Fallback"", Georgia, serif"
integritet,en,mobile,p,lede,How we look after your child's information. The same text ap,Source Serif 4,16.32px,400,normal,26.928px,normal,none,start,264,"rgb(181, 172, 211)","rgb(95, 88, 120)",none,none,"""Source Serif 4"", ""Source Serif 4 Fallback"", Georgia, serif"
integritet,en,mobile,span,,English,Schibsted Grotesk,12.48px,800,normal,normal,0.9984px,uppercase,start,91,"rgb(181, 172, 211)","rgb(95, 88, 120)",none,none,"""Schibsted Grotesk"", ""Schibsted Grotesk Fallback"", ""Segoe UI"", system-ui, sans-serif"
integritet,en,mobile,h3,,In short,Schibsted Grotesk,16.32px,800,normal,normal,normal,none,start,264,"rgb(242, 238, 255)","rgb(36, 31, 53)",none,none,"""Schibsted Grotesk"", ""Schibsted Grotesk Fallback"", ""Segoe UI"", system-ui, sans-serif"
integritet,en,mobile,p,prose-plain,"We are Tale Forge AB, a small Swedish company in Värnamo (or",Source Serif 4,16.8px,400,normal,28.56px,normal,none,start,264,"rgb(181, 172, 211)","rgb(95, 88, 120)",none,none,"""Source Serif 4"", ""Source Serif 4 Fallback"", Georgia, serif"
integritet,en,mobile,p,prose-plain,"You tell us a first name, an age range and a language, and y",Source Serif 4,16.8px,400,normal,28.56px,normal,none,start,264,"rgb(181, 172, 211)","rgb(95, 88, 120)",none,none,"""Source Serif 4"", ""Source Serif 4 Fallback"", Georgia, serif"
integritet,en,mobile,p,prose-plain,"Your child's first name, an age band (a range, not a birthda",Source Serif 4,16.8px,400,normal,28.56px,normal,none,start,264,"rgb(181, 172, 211)","rgb(95, 88, 120)",none,none,"""Source Serif 4"", ""Source Serif 4 Fallback"", Georgia, serif"
integritet,en,mobile,p,prose-plain,For the Book Fair quick story we ask for the child's and adu,Source Serif 4,16.8px,400,normal,28.56px,normal,none,start,264,"rgb(181, 172, 211)","rgb(95, 88, 120)",none,none,"""Source Serif 4"", ""Source Serif 4 Fallback"", Georgia, serif"
integritet,en,mobile,p,prose-plain,"When you upload a photo, we store the original in Google Clo",Source Serif 4,16.8px,400,normal,28.56px,normal,none,start,264,"rgb(181, 172, 211)","rgb(95, 88, 120)",none,none,"""Source Serif 4"", ""Source Serif 4 Fallback"", Georgia, serif"
integritet,en,mobile,p,prose-plain,A few companies help us behind the scenes (our sub-processor,Source Serif 4,16.8px,400,normal,28.56px,normal,none,start,264,"rgb(181, 172, 211)","rgb(95, 88, 120)",none,none,"""Source Serif 4"", ""Source Serif 4 Fallback"", Georgia, serif"
integritet,en,mobile,li,,"Supabase, database and storage (EU).",Source Serif 4,16.8px,400,normal,28.56px,normal,none,start,244,"rgb(181, 172, 211)","rgb(95, 88, 120)",none,none,"""Source Serif 4"", ""Source Serif 4 Fallback"", Georgia, serif"
integritet,en,mobile,li,,"Microsoft Azure, AI services that write the stories and are ",Source Serif 4,16.8px,400,normal,28.56px,normal,none,start,244,"rgb(181, 172, 211)","rgb(95, 88, 120)",none,none,"""Source Serif 4"", ""Source Serif 4 Fallback"", Georgia, serif"
integritet,en,mobile,li,,"Google Cloud Storage, where uploaded photos are held during ",Source Serif 4,16.8px,400,normal,28.56px,normal,none,start,244,"rgb(181, 172, 211)","rgb(95, 88, 120)",none,none,"""Source Serif 4"", ""Source Serif 4 Fallback"", Georgia, serif"
integritet,en,mobile,li,,"Amazon AWS, a backup that paints the portrait if Google's se",Source Serif 4,16.8px,400,normal,28.56px,normal,none,start,244,"rgb(181, 172, 211)","rgb(95, 88, 120)",none,none,"""Source Serif 4"", ""Source Serif 4 Fallback"", Georgia, serif"
integritet,en,mobile,li,,"PostHog (EU), statistics about how the app is used. For sign",Source Serif 4,16.8px,400,normal,28.56px,normal,none,start,244,"rgb(181, 172, 211)","rgb(95, 88, 120)",none,none,"""Source Serif 4"", ""Source Serif 4 Fallback"", Georgia, serif"
integritet,en,mobile,p,prose-plain,"You have the right to see, correct and erase your child's da",Source Serif 4,16.8px,400,normal,28.56px,normal,none,start,264,"rgb(181, 172, 211)","rgb(95, 88, 120)",none,none,"""Source Serif 4"", ""Source Serif 4 Fallback"", Georgia, serif"
integritet,en,mobile,a,,your account,Source Serif 4,16.8px,700,normal,28.56px,normal,none,start,107,"rgb(245, 197, 66)","rgb(109, 79, 224)",none,none,"""Source Serif 4"", ""Source Serif 4 Fallback"", Georgia, serif"
integritet,en,mobile,p,prose-plain,The pictures and audio in the books currently live at web ad,Source Serif 4,16.8px,400,normal,28.56px,normal,none,start,264,"rgb(181, 172, 211)","rgb(95, 88, 120)",none,none,"""Source Serif 4"", ""Source Serif 4 Fallback"", Georgia, serif"
integritet,en,mobile,summary,,Läs på svenska,Schibsted Grotesk,16px,800,normal,normal,normal,none,start,264,"rgb(245, 197, 66)","rgb(109, 79, 224)",none,none,"""Schibsted Grotesk"", ""Schibsted Grotesk Fallback"", ""Segoe UI"", system-ui, sans-serif"
integritet,en,mobile,span,,Svenska,Schibsted Grotesk,12.48px,800,normal,normal,0.9984px,uppercase,start,95,"rgb(181, 172, 211)","rgb(95, 88, 120)",none,none,"""Schibsted Grotesk"", ""Schibsted Grotesk Fallback"", ""Segoe UI"", system-ui, sans-serif"
integritet,en,mobile,p,prose-plain,"Ni berättar ett förnamn, ett åldersspann och ett språk, och ",Source Serif 4,16.8px,400,normal,28.56px,normal,none,start,264,"rgb(181, 172, 211)","rgb(95, 88, 120)",none,none,"""Source Serif 4"", ""Source Serif 4 Fallback"", Georgia, serif"
integritet,en,mobile,p,prose-plain,"Barnets förnamn, ett åldersspann (ett intervall, inte ett fö",Source Serif 4,16.8px,400,normal,28.56px,normal,none,start,264,"rgb(181, 172, 211)","rgb(95, 88, 120)",none,none,"""Source Serif 4"", ""Source Serif 4 Fallback"", Georgia, serif"
integritet,en,mobile,p,prose-plain,I Bokmässans snabb-saga ber vi om barnets och den vuxnes för,Source Serif 4,16.8px,400,normal,28.56px,normal,none,start,264,"rgb(181, 172, 211)","rgb(95, 88, 120)",none,none,"""Source Serif 4"", ""Source Serif 4 Fallback"", Georgia, serif"
integritet,en,mobile,p,prose-plain,När ni laddar upp ett foto lagras originalfotot hos oss i Go,Source Serif 4,16.8px,400,normal,28.56px,normal,none,start,264,"rgb(181, 172, 211)","rgb(95, 88, 120)",none,none,"""Source Serif 4"", ""Source Serif 4 Fallback"", Georgia, serif"
integritet,en,mobile,li,,"Google Cloud Storage, där uppladdade foton lagras under port",Source Serif 4,16.8px,400,normal,28.56px,normal,none,start,244,"rgb(181, 172, 211)","rgb(95, 88, 120)",none,none,"""Source Serif 4"", ""Source Serif 4 Fallback"", Georgia, serif"
integritet,en,mobile,li,,"PostHog (EU), statistik om hur appen används. För inloggade ",Source Serif 4,16.8px,400,normal,28.56px,normal,none,start,244,"rgb(181, 172, 211)","rgb(95, 88, 120)",none,none,"""Source Serif 4"", ""Source Serif 4 Fallback"", Georgia, serif"
integritet,en,mobile,p,prose-plain,Böckernas bilder och ljud ligger i dag på webbadresser som k,Source Serif 4,16.8px,400,normal,28.56px,normal,none,start,264,"rgb(181, 172, 211)","rgb(95, 88, 120)",none,none,"""Source Serif 4"", ""Source Serif 4 Fallback"", Georgia, serif"
integritet,en,mobile,span,,"Tale Forge, storybooks that remember your world.",Schibsted Grotesk,14.4px,400,normal,normal,normal,none,start,334,"rgb(183, 169, 214)","rgb(95, 88, 120)",none,none,"""Schibsted Grotesk"", ""Schibsted Grotesk Fallback"", ""Segoe UI"", system-ui, sans-serif"
integritet,en,mobile,span,,Beta,Schibsted Grotesk,11.2px,400,normal,normal,0.336px,none,start,41,"rgb(183, 169, 214)","rgb(95, 88, 120)",none,none,"""Schibsted Grotesk"", ""Schibsted Grotesk Fallback"", ""Segoe UI"", system-ui, sans-serif"
integritet,en,mobile,span,,Version 16ab1756 · 26 Sep 2026,Schibsted Grotesk,12.8px,400,normal,normal,normal,none,start,334,"rgb(181, 172, 211)","rgb(95, 88, 120)",none,none,"""Schibsted Grotesk"", ""Schibsted Grotesk Fallback"", ""Segoe UI"", system-ui, sans-serif"
integritet,en,mobile,span,,"Tale Forge AB, reg. no. 559543-1122, Varnamo, Sweden",Schibsted Grotesk,14.4px,400,normal,normal,normal,none,start,334,"rgb(181, 172, 211)","rgb(95, 88, 120)",none,none,"""Schibsted Grotesk"", ""Schibsted Grotesk Fallback"", ""Segoe UI"", system-ui, sans-serif"
integritet,en,mobile,a,,Contact,Schibsted Grotesk,14.4px,400,normal,normal,normal,none,start,52,"rgb(181, 172, 211)","rgb(95, 88, 120)",none,none,"""Schibsted Grotesk"", ""Schibsted Grotesk Fallback"", ""Segoe UI"", system-ui, sans-serif"
integritet,en,mobile,a,,Privacy,Schibsted Grotesk,14.4px,400,normal,normal,normal,none,start,49,"rgb(181, 172, 211)","rgb(95, 88, 120)",none,none,"""Schibsted Grotesk"", ""Schibsted Grotesk Fallback"", ""Segoe UI"", system-ui, sans-serif"
integritet,en,mobile,a,,Terms,Schibsted Grotesk,14.4px,400,normal,normal,normal,none,start,41,"rgb(181, 172, 211)","rgb(95, 88, 120)",none,none,"""Schibsted Grotesk"", ""Schibsted Grotesk Fallback"", ""Segoe UI"", system-ui, sans-serif"
integritet,sv,desktop,a,skip-link,Hoppa till innehållet,Schibsted Grotesk,16px,800,normal,normal,normal,none,start,188,"rgb(36, 22, 8)","rgb(36, 22, 8)",none,none,"""Schibsted Grotesk"", ""Schibsted Grotesk Fallback"", ""Segoe UI"", system-ui, sans-serif"
integritet,sv,desktop,a,logo,Tale Forge,Cinzel,27.52px,700,normal,normal,3px,uppercase,start,261,"rgb(245, 197, 66)","rgb(109, 79, 224)","rgba(5, 8, 20, 0.8) 0px 2px 6px, rgba(245, 197, 66, 0.45) 0px 0px 34px","rgba(36, 31, 53, 0.18) 0px 1px 2px, rgba(109, 79, 224, 0.32) 0px 0px 24px","Cinzel, ""Cinzel Fallback"", ""Playfair Display"", Georgia, serif"
integritet,sv,desktop,a,,Logga in,Schibsted Grotesk,13.12px,700,normal,13.12px,normal,none,start,75,"rgb(181, 172, 211)","rgb(95, 88, 120)",none,none,"""Schibsted Grotesk"", ""Schibsted Grotesk Fallback"", ""Segoe UI"", system-ui, sans-serif"
integritet,sv,desktop,a,,Priser,Schibsted Grotesk,13.12px,700,normal,13.12px,normal,none,start,61,"rgb(181, 172, 211)","rgb(95, 88, 120)",none,none,"""Schibsted Grotesk"", ""Schibsted Grotesk Fallback"", ""Segoe UI"", system-ui, sans-serif"
integritet,sv,desktop,button,,SV,Schibsted Grotesk,13.12px,800,normal,normal,0.2624px,none,center,44,"rgb(58, 43, 16)","rgb(255, 255, 255)",none,none,"""Schibsted Grotesk"", ""Schibsted Grotesk Fallback"", ""Segoe UI"", system-ui, sans-serif"
integritet,sv,desktop,button,,EN,Schibsted Grotesk,13.12px,700,normal,normal,0.2624px,none,center,44,"rgb(181, 172, 211)","rgb(95, 88, 120)",none,none,"""Schibsted Grotesk"", ""Schibsted Grotesk Fallback"", ""Segoe UI"", system-ui, sans-serif"
integritet,sv,desktop,span,tt-opt night,Natt,Schibsted Grotesk,15.2px,700,normal,normal,normal,none,center,82,"rgb(58, 43, 16)","rgb(36, 31, 53)",none,none,"""Schibsted Grotesk"", ""Schibsted Grotesk Fallback"", ""Segoe UI"", system-ui, sans-serif"
integritet,sv,desktop,span,tt-opt day,Morgon,Schibsted Grotesk,15.2px,700,normal,normal,normal,none,center,107,"rgb(255, 243, 217)","rgb(255, 255, 255)",none,none,"""Schibsted Grotesk"", ""Schibsted Grotesk Fallback"", ""Segoe UI"", system-ui, sans-serif"
integritet,sv,desktop,h1,page-title,Integritetspolicy,Lora,32px,600,normal,33.92px,normal,none,start,254,"rgb(255, 247, 233)","rgb(36, 31, 53)","rgba(12, 8, 40, 0.35) 0px 2px 30px",none,"Lora, ""Lora Fallback"", Georgia, serif"
integritet,sv,desktop,p,lede,Hur vi tar hand om uppgifterna om ert barn. Samma text finns,Source Serif 4,16.32px,400,normal,26.928px,normal,none,start,397,"rgb(181, 172, 211)","rgb(95, 88, 120)",none,none,"""Source Serif 4"", ""Source Serif 4 Fallback"", Georgia, serif"
integritet,sv,desktop,span,,Svenska,Schibsted Grotesk,12.48px,800,normal,normal,0.9984px,uppercase,start,95,"rgb(181, 172, 211)","rgb(95, 88, 120)",none,none,"""Schibsted Grotesk"", ""Schibsted Grotesk Fallback"", ""Segoe UI"", system-ui, sans-serif"
integritet,sv,desktop,h3,,I korthet,Schibsted Grotesk,16.32px,800,normal,normal,normal,none,start,690,"rgb(242, 238, 255)","rgb(36, 31, 53)",none,none,"""Schibsted Grotesk"", ""Schibsted Grotesk Fallback"", ""Segoe UI"", system-ui, sans-serif"
integritet,sv,desktop,p,prose-plain,"Vi är Tale Forge AB, ett litet svenskt företag i Värnamo (or",Source Serif 4,16.8px,400,normal,28.56px,normal,none,start,690,"rgb(181, 172, 211)","rgb(95, 88, 120)",none,none,"""Source Serif 4"", ""Source Serif 4 Fallback"", Georgia, serif"
integritet,sv,desktop,p,prose-plain,"Ni berättar ett förnamn, ett åldersspann och ett språk, och ",Source Serif 4,16.8px,400,normal,28.56px,normal,none,start,690,"rgb(181, 172, 211)","rgb(95, 88, 120)",none,none,"""Source Serif 4"", ""Source Serif 4 Fallback"", Georgia, serif"
integritet,sv,desktop,p,prose-plain,I Bokmässans snabb-saga ber vi om barnets och den vuxnes för,Source Serif 4,16.8px,400,normal,28.56px,normal,none,start,690,"rgb(181, 172, 211)","rgb(95, 88, 120)",none,none,"""Source Serif 4"", ""Source Serif 4 Fallback"", Georgia, serif"
integritet,sv,desktop,p,prose-plain,När ni laddar upp ett foto lagras originalfotot hos oss i Go,Source Serif 4,16.8px,400,normal,28.56px,normal,none,start,690,"rgb(181, 172, 211)","rgb(95, 88, 120)",none,none,"""Source Serif 4"", ""Source Serif 4 Fallback"", Georgia, serif"
integritet,sv,desktop,p,prose-plain,Några företag hjälper oss bakom kulisserna (våra underbiträd,Source Serif 4,16.8px,400,normal,28.56px,normal,none,start,690,"rgb(181, 172, 211)","rgb(95, 88, 120)",none,none,"""Source Serif 4"", ""Source Serif 4 Fallback"", Georgia, serif"
integritet,sv,desktop,li,,"Supabase, databas och lagring (EU).",Source Serif 4,16.8px,400,normal,28.56px,normal,none,start,670,"rgb(181, 172, 211)","rgb(95, 88, 120)",none,none,"""Source Serif 4"", ""Source Serif 4 Fallback"", Georgia, serif"
integritet,sv,desktop,li,,"Microsoft Azure, AI-tjänster som skriver berättelserna och i",Source Serif 4,16.8px,400,normal,28.56px,normal,none,start,670,"rgb(181, 172, 211)","rgb(95, 88, 120)",none,none,"""Source Serif 4"", ""Source Serif 4 Fallback"", Georgia, serif"
integritet,sv,desktop,li,,"PostHog (EU), statistik om hur appen används. För inloggade ",Source Serif 4,16.8px,400,normal,28.56px,normal,none,start,670,"rgb(181, 172, 211)","rgb(95, 88, 120)",none,none,"""Source Serif 4"", ""Source Serif 4 Fallback"", Georgia, serif"
integritet,sv,desktop,p,prose-plain,"Ett foto eller en beskrivning kan behandlas utanför EU/EES, ",Source Serif 4,16.8px,400,normal,28.56px,normal,none,start,690,"rgb(181, 172, 211)","rgb(95, 88, 120)",none,none,"""Source Serif 4"", ""Source Serif 4 Fallback"", Georgia, serif"
integritet,sv,desktop,a,,ert konto,Source Serif 4,16.8px,700,normal,28.56px,normal,none,start,74,"rgb(245, 197, 66)","rgb(109, 79, 224)",none,none,"""Source Serif 4"", ""Source Serif 4 Fallback"", Georgia, serif"
integritet,sv,desktop,p,prose-plain,Böckernas bilder och ljud ligger i dag på webbadresser som k,Source Serif 4,16.8px,400,normal,28.56px,normal,none,start,690,"rgb(181, 172, 211)","rgb(95, 88, 120)",none,none,"""Source Serif 4"", ""Source Serif 4 Fallback"", Georgia, serif"
integritet,sv,desktop,summary,,Read in English,Schibsted Grotesk,16px,800,normal,normal,normal,none,start,690,"rgb(245, 197, 66)","rgb(109, 79, 224)",none,none,"""Schibsted Grotesk"", ""Schibsted Grotesk Fallback"", ""Segoe UI"", system-ui, sans-serif"
integritet,sv,desktop,span,,English,Schibsted Grotesk,12.48px,800,normal,normal,0.9984px,uppercase,start,91,"rgb(181, 172, 211)","rgb(95, 88, 120)",none,none,"""Schibsted Grotesk"", ""Schibsted Grotesk Fallback"", ""Segoe UI"", system-ui, sans-serif"
integritet,sv,desktop,p,prose-plain,"When you upload a photo, we store the original in Google Clo",Source Serif 4,16.8px,400,normal,28.56px,normal,none,start,690,"rgb(181, 172, 211)","rgb(95, 88, 120)",none,none,"""Source Serif 4"", ""Source Serif 4 Fallback"", Georgia, serif"
integritet,sv,desktop,li,,"Google Cloud Storage, where uploaded photos are held during ",Source Serif 4,16.8px,400,normal,28.56px,normal,none,start,670,"rgb(181, 172, 211)","rgb(95, 88, 120)",none,none,"""Source Serif 4"", ""Source Serif 4 Fallback"", Georgia, serif"
integritet,sv,desktop,span,,"Tale Forge, sagor som minns er värld.",Schibsted Grotesk,14.4px,400,normal,normal,normal,none,start,249,"rgb(183, 169, 214)","rgb(95, 88, 120)",none,none,"""Schibsted Grotesk"", ""Schibsted Grotesk Fallback"", ""Segoe UI"", system-ui, sans-serif"
integritet,sv,desktop,span,,Beta,Schibsted Grotesk,11.2px,400,normal,normal,0.336px,none,start,41,"rgb(183, 169, 214)","rgb(95, 88, 120)",none,none,"""Schibsted Grotesk"", ""Schibsted Grotesk Fallback"", ""Segoe UI"", system-ui, sans-serif"
integritet,sv,desktop,span,,Version 16ab1756 · 26 sep. 2026,Schibsted Grotesk,12.8px,400,normal,normal,normal,none,start,300,"rgb(181, 172, 211)","rgb(95, 88, 120)",none,none,"""Schibsted Grotesk"", ""Schibsted Grotesk Fallback"", ""Segoe UI"", system-ui, sans-serif"
integritet,sv,desktop,span,,"Tale Forge AB, org.nr 559543-1122, Värnamo, Sverige",Schibsted Grotesk,14.4px,400,normal,normal,normal,none,start,351,"rgb(181, 172, 211)","rgb(95, 88, 120)",none,none,"""Schibsted Grotesk"", ""Schibsted Grotesk Fallback"", ""Segoe UI"", system-ui, sans-serif"
integritet,sv,desktop,a,,Kontakt,Schibsted Grotesk,14.4px,400,normal,normal,normal,none,start,51,"rgb(181, 172, 211)","rgb(95, 88, 120)",none,none,"""Schibsted Grotesk"", ""Schibsted Grotesk Fallback"", ""Segoe UI"", system-ui, sans-serif"
integritet,sv,desktop,a,,Integritet,Schibsted Grotesk,14.4px,400,normal,normal,normal,none,start,61,"rgb(181, 172, 211)","rgb(95, 88, 120)",none,none,"""Schibsted Grotesk"", ""Schibsted Grotesk Fallback"", ""Segoe UI"", system-ui, sans-serif"
integritet,sv,desktop,a,,Villkor,Schibsted Grotesk,14.4px,400,normal,normal,normal,none,start,43,"rgb(181, 172, 211)","rgb(95, 88, 120)",none,none,"""Schibsted Grotesk"", ""Schibsted Grotesk Fallback"", ""Segoe UI"", system-ui, sans-serif"
integritet,sv,mobile,a,skip-link,Hoppa till innehållet,Schibsted Grotesk,16px,800,normal,normal,normal,none,start,188,"rgb(36, 22, 8)","rgb(36, 22, 8)",none,none,"""Schibsted Grotesk"", ""Schibsted Grotesk Fallback"", ""Segoe UI"", system-ui, sans-serif"
integritet,sv,mobile,a,logo,Tale Forge,Cinzel,16.8px,700,normal,normal,1.5px,uppercase,start,158,"rgb(245, 197, 66)","rgb(109, 79, 224)","rgba(5, 8, 20, 0.8) 0px 2px 6px, rgba(245, 197, 66, 0.45) 0px 0px 34px","rgba(36, 31, 53, 0.18) 0px 1px 2px, rgba(109, 79, 224, 0.32) 0px 0px 24px","Cinzel, ""Cinzel Fallback"", ""Playfair Display"", Georgia, serif"
integritet,sv,mobile,a,,Logga in,Schibsted Grotesk,13.12px,700,normal,13.12px,normal,none,start,75,"rgb(181, 172, 211)","rgb(95, 88, 120)",none,none,"""Schibsted Grotesk"", ""Schibsted Grotesk Fallback"", ""Segoe UI"", system-ui, sans-serif"
integritet,sv,mobile,a,,Priser,Schibsted Grotesk,13.12px,700,normal,13.12px,normal,none,start,61,"rgb(181, 172, 211)","rgb(95, 88, 120)",none,none,"""Schibsted Grotesk"", ""Schibsted Grotesk Fallback"", ""Segoe UI"", system-ui, sans-serif"
integritet,sv,mobile,button,,SV,Schibsted Grotesk,13.12px,800,normal,normal,0.2624px,none,center,44,"rgb(58, 43, 16)","rgb(255, 255, 255)",none,none,"""Schibsted Grotesk"", ""Schibsted Grotesk Fallback"", ""Segoe UI"", system-ui, sans-serif"
integritet,sv,mobile,button,,EN,Schibsted Grotesk,13.12px,700,normal,normal,0.2624px,none,center,44,"rgb(181, 172, 211)","rgb(95, 88, 120)",none,none,"""Schibsted Grotesk"", ""Schibsted Grotesk Fallback"", ""Segoe UI"", system-ui, sans-serif"
integritet,sv,mobile,span,tt-opt night,Natt,Schibsted Grotesk,0px,700,normal,normal,normal,none,center,31,"rgb(58, 43, 16)","rgb(36, 31, 53)",none,none,"""Schibsted Grotesk"", ""Schibsted Grotesk Fallback"", ""Segoe UI"", system-ui, sans-serif"
integritet,sv,mobile,span,tt-opt day,Morgon,Schibsted Grotesk,0px,700,normal,normal,normal,none,center,31,"rgb(255, 243, 217)","rgb(255, 255, 255)",none,none,"""Schibsted Grotesk"", ""Schibsted Grotesk Fallback"", ""Segoe UI"", system-ui, sans-serif"
integritet,sv,mobile,h1,page-title,Integritetspolicy,Lora,24px,600,normal,25.44px,normal,none,start,190,"rgb(255, 247, 233)","rgb(36, 31, 53)","rgba(12, 8, 40, 0.35) 0px 2px 30px",none,"Lora, ""Lora Fallback"", Georgia, serif"
integritet,sv,mobile,p,lede,Hur vi tar hand om uppgifterna om ert barn. Samma text finns,Source Serif 4,16.32px,400,normal,26.928px,normal,none,start,264,"rgb(181, 172, 211)","rgb(95, 88, 120)",none,none,"""Source Serif 4"", ""Source Serif 4 Fallback"", Georgia, serif"
integritet,sv,mobile,span,,Svenska,Schibsted Grotesk,12.48px,800,normal,normal,0.9984px,uppercase,start,95,"rgb(181, 172, 211)","rgb(95, 88, 120)",none,none,"""Schibsted Grotesk"", ""Schibsted Grotesk Fallback"", ""Segoe UI"", system-ui, sans-serif"
integritet,sv,mobile,h3,,I korthet,Schibsted Grotesk,16.32px,800,normal,normal,normal,none,start,264,"rgb(242, 238, 255)","rgb(36, 31, 53)",none,none,"""Schibsted Grotesk"", ""Schibsted Grotesk Fallback"", ""Segoe UI"", system-ui, sans-serif"
integritet,sv,mobile,p,prose-plain,"Vi är Tale Forge AB, ett litet svenskt företag i Värnamo (or",Source Serif 4,16.8px,400,normal,28.56px,normal,none,start,264,"rgb(181, 172, 211)","rgb(95, 88, 120)",none,none,"""Source Serif 4"", ""Source Serif 4 Fallback"", Georgia, serif"
integritet,sv,mobile,p,prose-plain,"Ni berättar ett förnamn, ett åldersspann och ett språk, och ",Source Serif 4,16.8px,400,normal,28.56px,normal,none,start,264,"rgb(181, 172, 211)","rgb(95, 88, 120)",none,none,"""Source Serif 4"", ""Source Serif 4 Fallback"", Georgia, serif"
integritet,sv,mobile,p,prose-plain,"Barnets förnamn, ett åldersspann (ett intervall, inte ett fö",Source Serif 4,16.8px,400,normal,28.56px,normal,none,start,264,"rgb(181, 172, 211)","rgb(95, 88, 120)",none,none,"""Source Serif 4"", ""Source Serif 4 Fallback"", Georgia, serif"
integritet,sv,mobile,p,prose-plain,I Bokmässans snabb-saga ber vi om barnets och den vuxnes för,Source Serif 4,16.8px,400,normal,28.56px,normal,none,start,264,"rgb(181, 172, 211)","rgb(95, 88, 120)",none,none,"""Source Serif 4"", ""Source Serif 4 Fallback"", Georgia, serif"
integritet,sv,mobile,p,prose-plain,När ni laddar upp ett foto lagras originalfotot hos oss i Go,Source Serif 4,16.8px,400,normal,28.56px,normal,none,start,264,"rgb(181, 172, 211)","rgb(95, 88, 120)",none,none,"""Source Serif 4"", ""Source Serif 4 Fallback"", Georgia, serif"
integritet,sv,mobile,p,prose-plain,Några företag hjälper oss bakom kulisserna (våra underbiträd,Source Serif 4,16.8px,400,normal,28.56px,normal,none,start,264,"rgb(181, 172, 211)","rgb(95, 88, 120)",none,none,"""Source Serif 4"", ""Source Serif 4 Fallback"", Georgia, serif"
integritet,sv,mobile,li,,"Supabase, databas och lagring (EU).",Source Serif 4,16.8px,400,normal,28.56px,normal,none,start,244,"rgb(181, 172, 211)","rgb(95, 88, 120)",none,none,"""Source Serif 4"", ""Source Serif 4 Fallback"", Georgia, serif"
integritet,sv,mobile,li,,"Microsoft Azure, AI-tjänster som skriver berättelserna och i",Source Serif 4,16.8px,400,normal,28.56px,normal,none,start,244,"rgb(181, 172, 211)","rgb(95, 88, 120)",none,none,"""Source Serif 4"", ""Source Serif 4 Fallback"", Georgia, serif"
integritet,sv,mobile,li,,"Google Cloud Storage, där uppladdade foton lagras under port",Source Serif 4,16.8px,400,normal,28.56px,normal,none,start,244,"rgb(181, 172, 211)","rgb(95, 88, 120)",none,none,"""Source Serif 4"", ""Source Serif 4 Fallback"", Georgia, serif"
integritet,sv,mobile,li,,"Amazon AWS, reserv som målar porträttet om Googles tjänst in",Source Serif 4,16.8px,400,normal,28.56px,normal,none,start,244,"rgb(181, 172, 211)","rgb(95, 88, 120)",none,none,"""Source Serif 4"", ""Source Serif 4 Fallback"", Georgia, serif"
integritet,sv,mobile,li,,"PostHog (EU), statistik om hur appen används. För inloggade ",Source Serif 4,16.8px,400,normal,28.56px,normal,none,start,244,"rgb(181, 172, 211)","rgb(95, 88, 120)",none,none,"""Source Serif 4"", ""Source Serif 4 Fallback"", Georgia, serif"
integritet,sv,mobile,p,prose-plain,"Ett foto eller en beskrivning kan behandlas utanför EU/EES, ",Source Serif 4,16.8px,400,normal,28.56px,normal,none,start,264,"rgb(181, 172, 211)","rgb(95, 88, 120)",none,none,"""Source Serif 4"", ""Source Serif 4 Fallback"", Georgia, serif"
integritet,sv,mobile,a,,ert konto,Source Serif 4,16.8px,700,normal,28.56px,normal,none,start,74,"rgb(245, 197, 66)","rgb(109, 79, 224)",none,none,"""Source Serif 4"", ""Source Serif 4 Fallback"", Georgia, serif"
integritet,sv,mobile,p,prose-plain,Böckernas bilder och ljud ligger i dag på webbadresser som k,Source Serif 4,16.8px,400,normal,28.56px,normal,none,start,264,"rgb(181, 172, 211)","rgb(95, 88, 120)",none,none,"""Source Serif 4"", ""Source Serif 4 Fallback"", Georgia, serif"
integritet,sv,mobile,summary,,Read in English,Schibsted Grotesk,16px,800,normal,normal,normal,none,start,264,"rgb(245, 197, 66)","rgb(109, 79, 224)",none,none,"""Schibsted Grotesk"", ""Schibsted Grotesk Fallback"", ""Segoe UI"", system-ui, sans-serif"
integritet,sv,mobile,span,,English,Schibsted Grotesk,12.48px,800,normal,normal,0.9984px,uppercase,start,91,"rgb(181, 172, 211)","rgb(95, 88, 120)",none,none,"""Schibsted Grotesk"", ""Schibsted Grotesk Fallback"", ""Segoe UI"", system-ui, sans-serif"
integritet,sv,mobile,p,prose-plain,"You tell us a first name, an age range and a language, and y",Source Serif 4,16.8px,400,normal,28.56px,normal,none,start,264,"rgb(181, 172, 211)","rgb(95, 88, 120)",none,none,"""Source Serif 4"", ""Source Serif 4 Fallback"", Georgia, serif"
integritet,sv,mobile,p,prose-plain,"Your child's first name, an age band (a range, not a birthda",Source Serif 4,16.8px,400,normal,28.56px,normal,none,start,264,"rgb(181, 172, 211)","rgb(95, 88, 120)",none,none,"""Source Serif 4"", ""Source Serif 4 Fallback"", Georgia, serif"
integritet,sv,mobile,p,prose-plain,"When you upload a photo, we store the original in Google Clo",Source Serif 4,16.8px,400,normal,28.56px,normal,none,start,264,"rgb(181, 172, 211)","rgb(95, 88, 120)",none,none,"""Source Serif 4"", ""Source Serif 4 Fallback"", Georgia, serif"
integritet,sv,mobile,li,,"Google Cloud Storage, where uploaded photos are held during ",Source Serif 4,16.8px,400,normal,28.56px,normal,none,start,244,"rgb(181, 172, 211)","rgb(95, 88, 120)",none,none,"""Source Serif 4"", ""Source Serif 4 Fallback"", Georgia, serif"
integritet,sv,mobile,li,,"PostHog (EU), statistics about how the app is used. For sign",Source Serif 4,16.8px,400,normal,28.56px,normal,none,start,244,"rgb(181, 172, 211)","rgb(95, 88, 120)",none,none,"""Source Serif 4"", ""Source Serif 4 Fallback"", Georgia, serif"
integritet,sv,mobile,p,prose-plain,"You have the right to see, correct and erase your child's da",Source Serif 4,16.8px,400,normal,28.56px,normal,none,start,264,"rgb(181, 172, 211)","rgb(95, 88, 120)",none,none,"""Source Serif 4"", ""Source Serif 4 Fallback"", Georgia, serif"
integritet,sv,mobile,p,prose-plain,The pictures and audio in the books currently live at web ad,Source Serif 4,16.8px,400,normal,28.56px,normal,none,start,264,"rgb(181, 172, 211)","rgb(95, 88, 120)",none,none,"""Source Serif 4"", ""Source Serif 4 Fallback"", Georgia, serif"
integritet,sv,mobile,span,,"Tale Forge, sagor som minns er värld.",Schibsted Grotesk,14.4px,400,normal,normal,normal,none,start,249,"rgb(183, 169, 214)","rgb(95, 88, 120)",none,none,"""Schibsted Grotesk"", ""Schibsted Grotesk Fallback"", ""Segoe UI"", system-ui, sans-serif"
integritet,sv,mobile,span,,Beta,Schibsted Grotesk,11.2px,400,normal,normal,0.336px,none,start,41,"rgb(183, 169, 214)","rgb(95, 88, 120)",none,none,"""Schibsted Grotesk"", ""Schibsted Grotesk Fallback"", ""Segoe UI"", system-ui, sans-serif"
integritet,sv,mobile,span,,Version 16ab1756 · 26 sep. 2026,Schibsted Grotesk,12.8px,400,normal,normal,normal,none,start,300,"rgb(181, 172, 211)","rgb(95, 88, 120)",none,none,"""Schibsted Grotesk"", ""Schibsted Grotesk Fallback"", ""Segoe UI"", system-ui, sans-serif"
integritet,sv,mobile,span,,"Tale Forge AB, org.nr 559543-1122, Värnamo, Sverige",Schibsted Grotesk,14.4px,400,normal,normal,normal,none,start,334,"rgb(181, 172, 211)","rgb(95, 88, 120)",none,none,"""Schibsted Grotesk"", ""Schibsted Grotesk Fallback"", ""Segoe UI"", system-ui, sans-serif"
integritet,sv,mobile,a,,Kontakt,Schibsted Grotesk,14.4px,400,normal,normal,normal,none,start,51,"rgb(181, 172, 211)","rgb(95, 88, 120)",none,none,"""Schibsted Grotesk"", ""Schibsted Grotesk Fallback"", ""Segoe UI"", system-ui, sans-serif"
integritet,sv,mobile,a,,Integritet,Schibsted Grotesk,14.4px,400,normal,normal,normal,none,start,61,"rgb(181, 172, 211)","rgb(95, 88, 120)",none,none,"""Schibsted Grotesk"", ""Schibsted Grotesk Fallback"", ""Segoe UI"", system-ui, sans-serif"
integritet,sv,mobile,a,,Villkor,Schibsted Grotesk,14.4px,400,normal,normal,normal,none,start,43,"rgb(181, 172, 211)","rgb(95, 88, 120)",none,none,"""Schibsted Grotesk"", ""Schibsted Grotesk Fallback"", ""Segoe UI"", system-ui, sans-serif"
login,en,desktop,a,skip-link,Skip to content,Schibsted Grotesk,16px,800,normal,normal,normal,none,start,148,"rgb(36, 22, 8)","rgb(36, 22, 8)",none,none,"""Schibsted Grotesk"", ""Schibsted Grotesk Fallback"", ""Segoe UI"", system-ui, sans-serif"
login,en,desktop,a,logo,Tale Forge,Cinzel,27.52px,700,normal,normal,3px,uppercase,start,261,"rgb(245, 197, 66)","rgb(109, 79, 224)","rgba(5, 8, 20, 0.8) 0px 2px 6px, rgba(245, 197, 66, 0.45) 0px 0px 34px","rgba(36, 31, 53, 0.18) 0px 1px 2px, rgba(109, 79, 224, 0.32) 0px 0px 24px","Cinzel, ""Cinzel Fallback"", ""Playfair Display"", Georgia, serif"
login,en,desktop,a,,Login,Schibsted Grotesk,13.12px,700,normal,13.12px,normal,none,start,57,"rgb(181, 172, 211)","rgb(95, 88, 120)",none,none,"""Schibsted Grotesk"", ""Schibsted Grotesk Fallback"", ""Segoe UI"", system-ui, sans-serif"
login,en,desktop,a,,Pricing,Schibsted Grotesk,13.12px,700,normal,13.12px,normal,none,start,67,"rgb(181, 172, 211)","rgb(95, 88, 120)",none,none,"""Schibsted Grotesk"", ""Schibsted Grotesk Fallback"", ""Segoe UI"", system-ui, sans-serif"
login,en,desktop,button,,SV,Schibsted Grotesk,13.12px,700,normal,normal,0.2624px,none,center,44,"rgb(181, 172, 211)","rgb(95, 88, 120)",none,none,"""Schibsted Grotesk"", ""Schibsted Grotesk Fallback"", ""Segoe UI"", system-ui, sans-serif"
login,en,desktop,button,,EN,Schibsted Grotesk,13.12px,800,normal,normal,0.2624px,none,center,44,"rgb(58, 43, 16)","rgb(255, 255, 255)",none,none,"""Schibsted Grotesk"", ""Schibsted Grotesk Fallback"", ""Segoe UI"", system-ui, sans-serif"
login,en,desktop,span,tt-opt night,Night,Schibsted Grotesk,15.2px,700,normal,normal,normal,none,center,90,"rgb(58, 43, 16)","rgb(36, 31, 53)",none,none,"""Schibsted Grotesk"", ""Schibsted Grotesk Fallback"", ""Segoe UI"", system-ui, sans-serif"
login,en,desktop,span,tt-opt day,Morning,Schibsted Grotesk,15.2px,700,normal,normal,normal,none,center,112,"rgb(255, 243, 217)","rgb(255, 255, 255)",none,none,"""Schibsted Grotesk"", ""Schibsted Grotesk Fallback"", ""Segoe UI"", system-ui, sans-serif"
login,en,desktop,h1,page-title,Log in,Lora,32px,600,normal,33.92px,normal,none,start,94,"rgb(255, 247, 233)","rgb(36, 31, 53)","rgba(12, 8, 40, 0.35) 0px 2px 30px",none,"Lora, ""Lora Fallback"", Georgia, serif"
login,en,desktop,p,lede,Welcome back.,Source Serif 4,16px,400,normal,26.4px,normal,none,start,370,"rgb(181, 172, 211)","rgb(95, 88, 120)",none,none,"""Source Serif 4"", ""Source Serif 4 Fallback"", Georgia, serif"
login,en,desktop,button,btn btn-ghost,Continue with Google,Schibsted Grotesk,16.8px,700,normal,normal,normal,none,center,370,"rgb(255, 243, 217)","rgb(36, 31, 53)",none,none,"""Schibsted Grotesk"", ""Schibsted Grotesk Fallback"", ""Segoe UI"", system-ui, sans-serif"
login,en,desktop,div,,or,Schibsted Grotesk,13.6px,400,normal,normal,normal,none,start,370,"rgb(181, 172, 211)","rgb(95, 88, 120)",none,none,"""Schibsted Grotesk"", ""Schibsted Grotesk Fallback"", ""Segoe UI"", system-ui, sans-serif"
login,en,desktop,label,,Email,Schibsted Grotesk,14.4px,700,normal,normal,normal,none,start,370,"rgb(181, 172, 211)","rgb(95, 88, 120)",none,none,"""Schibsted Grotesk"", ""Schibsted Grotesk Fallback"", ""Segoe UI"", system-ui, sans-serif"
login,en,desktop,button,,Forgot password?,Schibsted Grotesk,13.3333px,700,normal,normal,normal,none,center,117,"rgb(245, 197, 66)","rgb(109, 79, 224)",none,none,"""Schibsted Grotesk"", ""Schibsted Grotesk Fallback"", ""Segoe UI"", system-ui, sans-serif"
login,en,desktop,button,btn btn-primary,Log in,Schibsted Grotesk,16.8px,700,normal,normal,normal,none,center,370,"rgb(58, 43, 16)","rgb(255, 255, 255)",none,none,"""Schibsted Grotesk"", ""Schibsted Grotesk Fallback"", ""Segoe UI"", system-ui, sans-serif"
login,en,desktop,p,,No account yet?,Schibsted Grotesk,14.72px,400,normal,normal,normal,none,center,370,"rgb(181, 172, 211)","rgb(95, 88, 120)",none,none,"""Schibsted Grotesk"", ""Schibsted Grotesk Fallback"", ""Segoe UI"", system-ui, sans-serif"
login,en,desktop,a,,Create one,Schibsted Grotesk,14.72px,700,normal,normal,normal,none,center,78,"rgb(245, 197, 66)","rgb(109, 79, 224)",none,none,"""Schibsted Grotesk"", ""Schibsted Grotesk Fallback"", ""Segoe UI"", system-ui, sans-serif"
login,en,desktop,span,,"Tale Forge, storybooks that remember your world.",Schibsted Grotesk,14.4px,400,normal,normal,normal,none,start,334,"rgb(183, 169, 214)","rgb(95, 88, 120)",none,none,"""Schibsted Grotesk"", ""Schibsted Grotesk Fallback"", ""Segoe UI"", system-ui, sans-serif"
login,en,desktop,span,,Beta,Schibsted Grotesk,11.2px,400,normal,normal,0.336px,none,start,41,"rgb(183, 169, 214)","rgb(95, 88, 120)",none,none,"""Schibsted Grotesk"", ""Schibsted Grotesk Fallback"", ""Segoe UI"", system-ui, sans-serif"
login,en,desktop,span,,Version 16ab1756 · 26 Sep 2026,Schibsted Grotesk,12.8px,400,normal,normal,normal,none,start,385,"rgb(181, 172, 211)","rgb(95, 88, 120)",none,none,"""Schibsted Grotesk"", ""Schibsted Grotesk Fallback"", ""Segoe UI"", system-ui, sans-serif"
login,en,desktop,span,,"Tale Forge AB, reg. no. 559543-1122, Varnamo, Sweden",Schibsted Grotesk,14.4px,400,normal,normal,normal,none,start,364,"rgb(181, 172, 211)","rgb(95, 88, 120)",none,none,"""Schibsted Grotesk"", ""Schibsted Grotesk Fallback"", ""Segoe UI"", system-ui, sans-serif"
login,en,desktop,a,,Contact,Schibsted Grotesk,14.4px,400,normal,normal,normal,none,start,52,"rgb(181, 172, 211)","rgb(95, 88, 120)",none,none,"""Schibsted Grotesk"", ""Schibsted Grotesk Fallback"", ""Segoe UI"", system-ui, sans-serif"
login,en,desktop,a,,Privacy,Schibsted Grotesk,14.4px,400,normal,normal,normal,none,start,49,"rgb(181, 172, 211)","rgb(95, 88, 120)",none,none,"""Schibsted Grotesk"", ""Schibsted Grotesk Fallback"", ""Segoe UI"", system-ui, sans-serif"
login,en,desktop,a,,Terms,Schibsted Grotesk,14.4px,400,normal,normal,normal,none,start,41,"rgb(181, 172, 211)","rgb(95, 88, 120)",none,none,"""Schibsted Grotesk"", ""Schibsted Grotesk Fallback"", ""Segoe UI"", system-ui, sans-serif"
login,en,mobile,a,skip-link,Skip to content,Schibsted Grotesk,16px,800,normal,normal,normal,none,start,148,"rgb(36, 22, 8)","rgb(36, 22, 8)",none,none,"""Schibsted Grotesk"", ""Schibsted Grotesk Fallback"", ""Segoe UI"", system-ui, sans-serif"
login,en,mobile,a,logo,Tale Forge,Cinzel,16.8px,700,normal,normal,1.5px,uppercase,start,158,"rgb(245, 197, 66)","rgb(109, 79, 224)","rgba(5, 8, 20, 0.8) 0px 2px 6px, rgba(245, 197, 66, 0.45) 0px 0px 34px","rgba(36, 31, 53, 0.18) 0px 1px 2px, rgba(109, 79, 224, 0.32) 0px 0px 24px","Cinzel, ""Cinzel Fallback"", ""Playfair Display"", Georgia, serif"
login,en,mobile,a,,Login,Schibsted Grotesk,13.12px,700,normal,13.12px,normal,none,start,57,"rgb(181, 172, 211)","rgb(95, 88, 120)",none,none,"""Schibsted Grotesk"", ""Schibsted Grotesk Fallback"", ""Segoe UI"", system-ui, sans-serif"
login,en,mobile,a,,Pricing,Schibsted Grotesk,13.12px,700,normal,13.12px,normal,none,start,67,"rgb(181, 172, 211)","rgb(95, 88, 120)",none,none,"""Schibsted Grotesk"", ""Schibsted Grotesk Fallback"", ""Segoe UI"", system-ui, sans-serif"
login,en,mobile,button,,SV,Schibsted Grotesk,13.12px,700,normal,normal,0.2624px,none,center,44,"rgb(181, 172, 211)","rgb(95, 88, 120)",none,none,"""Schibsted Grotesk"", ""Schibsted Grotesk Fallback"", ""Segoe UI"", system-ui, sans-serif"
login,en,mobile,button,,EN,Schibsted Grotesk,13.12px,800,normal,normal,0.2624px,none,center,44,"rgb(58, 43, 16)","rgb(255, 255, 255)",none,none,"""Schibsted Grotesk"", ""Schibsted Grotesk Fallback"", ""Segoe UI"", system-ui, sans-serif"
login,en,mobile,span,tt-opt night,Night,Schibsted Grotesk,0px,700,normal,normal,normal,none,center,31,"rgb(58, 43, 16)","rgb(36, 31, 53)",none,none,"""Schibsted Grotesk"", ""Schibsted Grotesk Fallback"", ""Segoe UI"", system-ui, sans-serif"
login,en,mobile,span,tt-opt day,Morning,Schibsted Grotesk,0px,700,normal,normal,normal,none,center,31,"rgb(255, 243, 217)","rgb(255, 255, 255)",none,none,"""Schibsted Grotesk"", ""Schibsted Grotesk Fallback"", ""Segoe UI"", system-ui, sans-serif"
login,en,mobile,h1,page-title,Log in,Lora,24px,600,normal,25.44px,normal,none,start,70,"rgb(255, 247, 233)","rgb(36, 31, 53)","rgba(12, 8, 40, 0.35) 0px 2px 30px",none,"Lora, ""Lora Fallback"", Georgia, serif"
login,en,mobile,p,lede,Welcome back.,Source Serif 4,16px,400,normal,26.4px,normal,none,start,264,"rgb(181, 172, 211)","rgb(95, 88, 120)",none,none,"""Source Serif 4"", ""Source Serif 4 Fallback"", Georgia, serif"
login,en,mobile,button,btn btn-ghost,Continue with Google,Schibsted Grotesk,16.8px,700,normal,normal,normal,none,center,264,"rgb(255, 243, 217)","rgb(36, 31, 53)",none,none,"""Schibsted Grotesk"", ""Schibsted Grotesk Fallback"", ""Segoe UI"", system-ui, sans-serif"
login,en,mobile,div,,or,Schibsted Grotesk,13.6px,400,normal,normal,normal,none,start,264,"rgb(181, 172, 211)","rgb(95, 88, 120)",none,none,"""Schibsted Grotesk"", ""Schibsted Grotesk Fallback"", ""Segoe UI"", system-ui, sans-serif"
login,en,mobile,label,,Email,Schibsted Grotesk,14.4px,700,normal,normal,normal,none,start,264,"rgb(181, 172, 211)","rgb(95, 88, 120)",none,none,"""Schibsted Grotesk"", ""Schibsted Grotesk Fallback"", ""Segoe UI"", system-ui, sans-serif"
login,en,mobile,button,,Forgot password?,Schibsted Grotesk,13.3333px,700,normal,normal,normal,none,center,117,"rgb(245, 197, 66)","rgb(109, 79, 224)",none,none,"""Schibsted Grotesk"", ""Schibsted Grotesk Fallback"", ""Segoe UI"", system-ui, sans-serif"
login,en,mobile,button,btn btn-primary,Log in,Schibsted Grotesk,16.8px,700,normal,normal,normal,none,center,264,"rgb(58, 43, 16)","rgb(255, 255, 255)",none,none,"""Schibsted Grotesk"", ""Schibsted Grotesk Fallback"", ""Segoe UI"", system-ui, sans-serif"
login,en,mobile,p,,No account yet?,Schibsted Grotesk,14.72px,400,normal,normal,normal,none,center,264,"rgb(181, 172, 211)","rgb(95, 88, 120)",none,none,"""Schibsted Grotesk"", ""Schibsted Grotesk Fallback"", ""Segoe UI"", system-ui, sans-serif"
login,en,mobile,a,,Create one,Schibsted Grotesk,14.72px,700,normal,normal,normal,none,center,78,"rgb(245, 197, 66)","rgb(109, 79, 224)",none,none,"""Schibsted Grotesk"", ""Schibsted Grotesk Fallback"", ""Segoe UI"", system-ui, sans-serif"
login,en,mobile,span,,"Tale Forge, storybooks that remember your world.",Schibsted Grotesk,14.4px,400,normal,normal,normal,none,start,334,"rgb(183, 169, 214)","rgb(95, 88, 120)",none,none,"""Schibsted Grotesk"", ""Schibsted Grotesk Fallback"", ""Segoe UI"", system-ui, sans-serif"
login,en,mobile,span,,Beta,Schibsted Grotesk,11.2px,400,normal,normal,0.336px,none,start,41,"rgb(183, 169, 214)","rgb(95, 88, 120)",none,none,"""Schibsted Grotesk"", ""Schibsted Grotesk Fallback"", ""Segoe UI"", system-ui, sans-serif"
login,en,mobile,span,,Version 16ab1756 · 26 Sep 2026,Schibsted Grotesk,12.8px,400,normal,normal,normal,none,start,334,"rgb(181, 172, 211)","rgb(95, 88, 120)",none,none,"""Schibsted Grotesk"", ""Schibsted Grotesk Fallback"", ""Segoe UI"", system-ui, sans-serif"
login,en,mobile,span,,"Tale Forge AB, reg. no. 559543-1122, Varnamo, Sweden",Schibsted Grotesk,14.4px,400,normal,normal,normal,none,start,334,"rgb(181, 172, 211)","rgb(95, 88, 120)",none,none,"""Schibsted Grotesk"", ""Schibsted Grotesk Fallback"", ""Segoe UI"", system-ui, sans-serif"
login,en,mobile,a,,Contact,Schibsted Grotesk,14.4px,400,normal,normal,normal,none,start,52,"rgb(181, 172, 211)","rgb(95, 88, 120)",none,none,"""Schibsted Grotesk"", ""Schibsted Grotesk Fallback"", ""Segoe UI"", system-ui, sans-serif"
login,en,mobile,a,,Privacy,Schibsted Grotesk,14.4px,400,normal,normal,normal,none,start,49,"rgb(181, 172, 211)","rgb(95, 88, 120)",none,none,"""Schibsted Grotesk"", ""Schibsted Grotesk Fallback"", ""Segoe UI"", system-ui, sans-serif"
login,en,mobile,a,,Terms,Schibsted Grotesk,14.4px,400,normal,normal,normal,none,start,41,"rgb(181, 172, 211)","rgb(95, 88, 120)",none,none,"""Schibsted Grotesk"", ""Schibsted Grotesk Fallback"", ""Segoe UI"", system-ui, sans-serif"
login,sv,desktop,a,skip-link,Hoppa till innehållet,Schibsted Grotesk,16px,800,normal,normal,normal,none,start,188,"rgb(36, 22, 8)","rgb(36, 22, 8)",none,none,"""Schibsted Grotesk"", ""Schibsted Grotesk Fallback"", ""Segoe UI"", system-ui, sans-serif"
login,sv,desktop,a,logo,Tale Forge,Cinzel,27.52px,700,normal,normal,3px,uppercase,start,261,"rgb(245, 197, 66)","rgb(109, 79, 224)","rgba(5, 8, 20, 0.8) 0px 2px 6px, rgba(245, 197, 66, 0.45) 0px 0px 34px","rgba(36, 31, 53, 0.18) 0px 1px 2px, rgba(109, 79, 224, 0.32) 0px 0px 24px","Cinzel, ""Cinzel Fallback"", ""Playfair Display"", Georgia, serif"
login,sv,desktop,a,,Logga in,Schibsted Grotesk,13.12px,700,normal,13.12px,normal,none,start,75,"rgb(181, 172, 211)","rgb(95, 88, 120)",none,none,"""Schibsted Grotesk"", ""Schibsted Grotesk Fallback"", ""Segoe UI"", system-ui, sans-serif"
login,sv,desktop,a,,Priser,Schibsted Grotesk,13.12px,700,normal,13.12px,normal,none,start,61,"rgb(181, 172, 211)","rgb(95, 88, 120)",none,none,"""Schibsted Grotesk"", ""Schibsted Grotesk Fallback"", ""Segoe UI"", system-ui, sans-serif"
login,sv,desktop,button,,SV,Schibsted Grotesk,13.12px,800,normal,normal,0.2624px,none,center,44,"rgb(58, 43, 16)","rgb(255, 255, 255)",none,none,"""Schibsted Grotesk"", ""Schibsted Grotesk Fallback"", ""Segoe UI"", system-ui, sans-serif"
login,sv,desktop,button,,EN,Schibsted Grotesk,13.12px,700,normal,normal,0.2624px,none,center,44,"rgb(181, 172, 211)","rgb(95, 88, 120)",none,none,"""Schibsted Grotesk"", ""Schibsted Grotesk Fallback"", ""Segoe UI"", system-ui, sans-serif"
login,sv,desktop,span,tt-opt night,Natt,Schibsted Grotesk,15.2px,700,normal,normal,normal,none,center,82,"rgb(58, 43, 16)","rgb(36, 31, 53)",none,none,"""Schibsted Grotesk"", ""Schibsted Grotesk Fallback"", ""Segoe UI"", system-ui, sans-serif"
login,sv,desktop,span,tt-opt day,Morgon,Schibsted Grotesk,15.2px,700,normal,normal,normal,none,center,107,"rgb(255, 243, 217)","rgb(255, 255, 255)",none,none,"""Schibsted Grotesk"", ""Schibsted Grotesk Fallback"", ""Segoe UI"", system-ui, sans-serif"
login,sv,desktop,h1,page-title,Logga in,Lora,32px,600,normal,33.92px,normal,none,start,128,"rgb(255, 247, 233)","rgb(36, 31, 53)","rgba(12, 8, 40, 0.35) 0px 2px 30px",none,"Lora, ""Lora Fallback"", Georgia, serif"
login,sv,desktop,p,lede,Välkommen tillbaka.,Source Serif 4,16px,400,normal,26.4px,normal,none,start,370,"rgb(181, 172, 211)","rgb(95, 88, 120)",none,none,"""Source Serif 4"", ""Source Serif 4 Fallback"", Georgia, serif"
login,sv,desktop,button,btn btn-ghost,Fortsätt med Google,Schibsted Grotesk,16.8px,700,normal,normal,normal,none,center,370,"rgb(255, 243, 217)","rgb(36, 31, 53)",none,none,"""Schibsted Grotesk"", ""Schibsted Grotesk Fallback"", ""Segoe UI"", system-ui, sans-serif"
login,sv,desktop,div,,eller,Schibsted Grotesk,13.6px,400,normal,normal,normal,none,start,370,"rgb(181, 172, 211)","rgb(95, 88, 120)",none,none,"""Schibsted Grotesk"", ""Schibsted Grotesk Fallback"", ""Segoe UI"", system-ui, sans-serif"
login,sv,desktop,label,,E-post,Schibsted Grotesk,14.4px,700,normal,normal,normal,none,start,370,"rgb(181, 172, 211)","rgb(95, 88, 120)",none,none,"""Schibsted Grotesk"", ""Schibsted Grotesk Fallback"", ""Segoe UI"", system-ui, sans-serif"
login,sv,desktop,button,,Glömt lösenordet?,Schibsted Grotesk,13.3333px,700,normal,normal,normal,none,center,120,"rgb(245, 197, 66)","rgb(109, 79, 224)",none,none,"""Schibsted Grotesk"", ""Schibsted Grotesk Fallback"", ""Segoe UI"", system-ui, sans-serif"
login,sv,desktop,button,btn btn-primary,Logga in,Schibsted Grotesk,16.8px,700,normal,normal,normal,none,center,370,"rgb(58, 43, 16)","rgb(255, 255, 255)",none,none,"""Schibsted Grotesk"", ""Schibsted Grotesk Fallback"", ""Segoe UI"", system-ui, sans-serif"
login,sv,desktop,p,,Har du inget konto?,Schibsted Grotesk,14.72px,400,normal,normal,normal,none,center,370,"rgb(181, 172, 211)","rgb(95, 88, 120)",none,none,"""Schibsted Grotesk"", ""Schibsted Grotesk Fallback"", ""Segoe UI"", system-ui, sans-serif"
login,sv,desktop,a,,Skapa ett,Schibsted Grotesk,14.72px,700,normal,normal,normal,none,center,68,"rgb(245, 197, 66)","rgb(109, 79, 224)",none,none,"""Schibsted Grotesk"", ""Schibsted Grotesk Fallback"", ""Segoe UI"", system-ui, sans-serif"
login,sv,desktop,span,,"Tale Forge, sagor som minns er värld.",Schibsted Grotesk,14.4px,400,normal,normal,normal,none,start,249,"rgb(183, 169, 214)","rgb(95, 88, 120)",none,none,"""Schibsted Grotesk"", ""Schibsted Grotesk Fallback"", ""Segoe UI"", system-ui, sans-serif"
login,sv,desktop,span,,Beta,Schibsted Grotesk,11.2px,400,normal,normal,0.336px,none,start,41,"rgb(183, 169, 214)","rgb(95, 88, 120)",none,none,"""Schibsted Grotesk"", ""Schibsted Grotesk Fallback"", ""Segoe UI"", system-ui, sans-serif"
login,sv,desktop,span,,Version 16ab1756 · 26 sep. 2026,Schibsted Grotesk,12.8px,400,normal,normal,normal,none,start,300,"rgb(181, 172, 211)","rgb(95, 88, 120)",none,none,"""Schibsted Grotesk"", ""Schibsted Grotesk Fallback"", ""Segoe UI"", system-ui, sans-serif"
login,sv,desktop,span,,"Tale Forge AB, org.nr 559543-1122, Värnamo, Sverige",Schibsted Grotesk,14.4px,400,normal,normal,normal,none,start,351,"rgb(181, 172, 211)","rgb(95, 88, 120)",none,none,"""Schibsted Grotesk"", ""Schibsted Grotesk Fallback"", ""Segoe UI"", system-ui, sans-serif"
login,sv,desktop,a,,Kontakt,Schibsted Grotesk,14.4px,400,normal,normal,normal,none,start,51,"rgb(181, 172, 211)","rgb(95, 88, 120)",none,none,"""Schibsted Grotesk"", ""Schibsted Grotesk Fallback"", ""Segoe UI"", system-ui, sans-serif"
login,sv,desktop,a,,Integritet,Schibsted Grotesk,14.4px,400,normal,normal,normal,none,start,61,"rgb(181, 172, 211)","rgb(95, 88, 120)",none,none,"""Schibsted Grotesk"", ""Schibsted Grotesk Fallback"", ""Segoe UI"", system-ui, sans-serif"
login,sv,desktop,a,,Villkor,Schibsted Grotesk,14.4px,400,normal,normal,normal,none,start,43,"rgb(181, 172, 211)","rgb(95, 88, 120)",none,none,"""Schibsted Grotesk"", ""Schibsted Grotesk Fallback"", ""Segoe UI"", system-ui, sans-serif"
login,sv,mobile,a,skip-link,Hoppa till innehållet,Schibsted Grotesk,16px,800,normal,normal,normal,none,start,188,"rgb(36, 22, 8)","rgb(36, 22, 8)",none,none,"""Schibsted Grotesk"", ""Schibsted Grotesk Fallback"", ""Segoe UI"", system-ui, sans-serif"
login,sv,mobile,a,logo,Tale Forge,Cinzel,16.8px,700,normal,normal,1.5px,uppercase,start,158,"rgb(245, 197, 66)","rgb(109, 79, 224)","rgba(5, 8, 20, 0.8) 0px 2px 6px, rgba(245, 197, 66, 0.45) 0px 0px 34px","rgba(36, 31, 53, 0.18) 0px 1px 2px, rgba(109, 79, 224, 0.32) 0px 0px 24px","Cinzel, ""Cinzel Fallback"", ""Playfair Display"", Georgia, serif"
login,sv,mobile,a,,Logga in,Schibsted Grotesk,13.12px,700,normal,13.12px,normal,none,start,75,"rgb(181, 172, 211)","rgb(95, 88, 120)",none,none,"""Schibsted Grotesk"", ""Schibsted Grotesk Fallback"", ""Segoe UI"", system-ui, sans-serif"
login,sv,mobile,a,,Priser,Schibsted Grotesk,13.12px,700,normal,13.12px,normal,none,start,61,"rgb(181, 172, 211)","rgb(95, 88, 120)",none,none,"""Schibsted Grotesk"", ""Schibsted Grotesk Fallback"", ""Segoe UI"", system-ui, sans-serif"
login,sv,mobile,button,,SV,Schibsted Grotesk,13.12px,800,normal,normal,0.2624px,none,center,44,"rgb(58, 43, 16)","rgb(255, 255, 255)",none,none,"""Schibsted Grotesk"", ""Schibsted Grotesk Fallback"", ""Segoe UI"", system-ui, sans-serif"
login,sv,mobile,button,,EN,Schibsted Grotesk,13.12px,700,normal,normal,0.2624px,none,center,44,"rgb(181, 172, 211)","rgb(95, 88, 120)",none,none,"""Schibsted Grotesk"", ""Schibsted Grotesk Fallback"", ""Segoe UI"", system-ui, sans-serif"
login,sv,mobile,span,tt-opt night,Natt,Schibsted Grotesk,0px,700,normal,normal,normal,none,center,31,"rgb(58, 43, 16)","rgb(36, 31, 53)",none,none,"""Schibsted Grotesk"", ""Schibsted Grotesk Fallback"", ""Segoe UI"", system-ui, sans-serif"
login,sv,mobile,span,tt-opt day,Morgon,Schibsted Grotesk,0px,700,normal,normal,normal,none,center,31,"rgb(255, 243, 217)","rgb(255, 255, 255)",none,none,"""Schibsted Grotesk"", ""Schibsted Grotesk Fallback"", ""Segoe UI"", system-ui, sans-serif"
login,sv,mobile,h1,page-title,Logga in,Lora,24px,600,normal,25.44px,normal,none,start,96,"rgb(255, 247, 233)","rgb(36, 31, 53)","rgba(12, 8, 40, 0.35) 0px 2px 30px",none,"Lora, ""Lora Fallback"", Georgia, serif"
login,sv,mobile,p,lede,Välkommen tillbaka.,Source Serif 4,16px,400,normal,26.4px,normal,none,start,264,"rgb(181, 172, 211)","rgb(95, 88, 120)",none,none,"""Source Serif 4"", ""Source Serif 4 Fallback"", Georgia, serif"
login,sv,mobile,button,btn btn-ghost,Fortsätt med Google,Schibsted Grotesk,16.8px,700,normal,normal,normal,none,center,264,"rgb(255, 243, 217)","rgb(36, 31, 53)",none,none,"""Schibsted Grotesk"", ""Schibsted Grotesk Fallback"", ""Segoe UI"", system-ui, sans-serif"
login,sv,mobile,div,,eller,Schibsted Grotesk,13.6px,400,normal,normal,normal,none,start,264,"rgb(181, 172, 211)","rgb(95, 88, 120)",none,none,"""Schibsted Grotesk"", ""Schibsted Grotesk Fallback"", ""Segoe UI"", system-ui, sans-serif"
login,sv,mobile,label,,E-post,Schibsted Grotesk,14.4px,700,normal,normal,normal,none,start,264,"rgb(181, 172, 211)","rgb(95, 88, 120)",none,none,"""Schibsted Grotesk"", ""Schibsted Grotesk Fallback"", ""Segoe UI"", system-ui, sans-serif"
login,sv,mobile,button,,Glömt lösenordet?,Schibsted Grotesk,13.3333px,700,normal,normal,normal,none,center,120,"rgb(245, 197, 66)","rgb(109, 79, 224)",none,none,"""Schibsted Grotesk"", ""Schibsted Grotesk Fallback"", ""Segoe UI"", system-ui, sans-serif"
login,sv,mobile,button,btn btn-primary,Logga in,Schibsted Grotesk,16.8px,700,normal,normal,normal,none,center,264,"rgb(58, 43, 16)","rgb(255, 255, 255)",none,none,"""Schibsted Grotesk"", ""Schibsted Grotesk Fallback"", ""Segoe UI"", system-ui, sans-serif"
login,sv,mobile,p,,Har du inget konto?,Schibsted Grotesk,14.72px,400,normal,normal,normal,none,center,264,"rgb(181, 172, 211)","rgb(95, 88, 120)",none,none,"""Schibsted Grotesk"", ""Schibsted Grotesk Fallback"", ""Segoe UI"", system-ui, sans-serif"
login,sv,mobile,a,,Skapa ett,Schibsted Grotesk,14.72px,700,normal,normal,normal,none,center,68,"rgb(245, 197, 66)","rgb(109, 79, 224)",none,none,"""Schibsted Grotesk"", ""Schibsted Grotesk Fallback"", ""Segoe UI"", system-ui, sans-serif"
login,sv,mobile,span,,"Tale Forge, sagor som minns er värld.",Schibsted Grotesk,14.4px,400,normal,normal,normal,none,start,249,"rgb(183, 169, 214)","rgb(95, 88, 120)",none,none,"""Schibsted Grotesk"", ""Schibsted Grotesk Fallback"", ""Segoe UI"", system-ui, sans-serif"
login,sv,mobile,span,,Beta,Schibsted Grotesk,11.2px,400,normal,normal,0.336px,none,start,41,"rgb(183, 169, 214)","rgb(95, 88, 120)",none,none,"""Schibsted Grotesk"", ""Schibsted Grotesk Fallback"", ""Segoe UI"", system-ui, sans-serif"
login,sv,mobile,span,,Version 16ab1756 · 26 sep. 2026,Schibsted Grotesk,12.8px,400,normal,normal,normal,none,start,300,"rgb(181, 172, 211)","rgb(95, 88, 120)",none,none,"""Schibsted Grotesk"", ""Schibsted Grotesk Fallback"", ""Segoe UI"", system-ui, sans-serif"
login,sv,mobile,span,,"Tale Forge AB, org.nr 559543-1122, Värnamo, Sverige",Schibsted Grotesk,14.4px,400,normal,normal,normal,none,start,334,"rgb(181, 172, 211)","rgb(95, 88, 120)",none,none,"""Schibsted Grotesk"", ""Schibsted Grotesk Fallback"", ""Segoe UI"", system-ui, sans-serif"
login,sv,mobile,a,,Kontakt,Schibsted Grotesk,14.4px,400,normal,normal,normal,none,start,51,"rgb(181, 172, 211)","rgb(95, 88, 120)",none,none,"""Schibsted Grotesk"", ""Schibsted Grotesk Fallback"", ""Segoe UI"", system-ui, sans-serif"
login,sv,mobile,a,,Integritet,Schibsted Grotesk,14.4px,400,normal,normal,normal,none,start,61,"rgb(181, 172, 211)","rgb(95, 88, 120)",none,none,"""Schibsted Grotesk"", ""Schibsted Grotesk Fallback"", ""Segoe UI"", system-ui, sans-serif"
login,sv,mobile,a,,Villkor,Schibsted Grotesk,14.4px,400,normal,normal,normal,none,start,43,"rgb(181, 172, 211)","rgb(95, 88, 120)",none,none,"""Schibsted Grotesk"", ""Schibsted Grotesk Fallback"", ""Segoe UI"", system-ui, sans-serif"
signup,en,desktop,a,skip-link,Skip to content,Schibsted Grotesk,16px,800,normal,normal,normal,none,start,148,"rgb(36, 22, 8)","rgb(36, 22, 8)",none,none,"""Schibsted Grotesk"", ""Schibsted Grotesk Fallback"", ""Segoe UI"", system-ui, sans-serif"
signup,en,desktop,a,logo,Tale Forge,Cinzel,27.52px,700,normal,normal,3px,uppercase,start,261,"rgb(245, 197, 66)","rgb(109, 79, 224)","rgba(5, 8, 20, 0.8) 0px 2px 6px, rgba(245, 197, 66, 0.45) 0px 0px 34px","rgba(36, 31, 53, 0.18) 0px 1px 2px, rgba(109, 79, 224, 0.32) 0px 0px 24px","Cinzel, ""Cinzel Fallback"", ""Playfair Display"", Georgia, serif"
signup,en,desktop,a,,Login,Schibsted Grotesk,13.12px,700,normal,13.12px,normal,none,start,57,"rgb(181, 172, 211)","rgb(95, 88, 120)",none,none,"""Schibsted Grotesk"", ""Schibsted Grotesk Fallback"", ""Segoe UI"", system-ui, sans-serif"
signup,en,desktop,a,,Pricing,Schibsted Grotesk,13.12px,700,normal,13.12px,normal,none,start,67,"rgb(181, 172, 211)","rgb(95, 88, 120)",none,none,"""Schibsted Grotesk"", ""Schibsted Grotesk Fallback"", ""Segoe UI"", system-ui, sans-serif"
signup,en,desktop,button,,SV,Schibsted Grotesk,13.12px,700,normal,normal,0.2624px,none,center,44,"rgb(181, 172, 211)","rgb(95, 88, 120)",none,none,"""Schibsted Grotesk"", ""Schibsted Grotesk Fallback"", ""Segoe UI"", system-ui, sans-serif"
signup,en,desktop,button,,EN,Schibsted Grotesk,13.12px,800,normal,normal,0.2624px,none,center,44,"rgb(58, 43, 16)","rgb(255, 255, 255)",none,none,"""Schibsted Grotesk"", ""Schibsted Grotesk Fallback"", ""Segoe UI"", system-ui, sans-serif"
signup,en,desktop,span,tt-opt night,Night,Schibsted Grotesk,15.2px,700,normal,normal,normal,none,center,90,"rgb(58, 43, 16)","rgb(36, 31, 53)",none,none,"""Schibsted Grotesk"", ""Schibsted Grotesk Fallback"", ""Segoe UI"", system-ui, sans-serif"
signup,en,desktop,span,tt-opt day,Morning,Schibsted Grotesk,15.2px,700,normal,normal,normal,none,center,112,"rgb(255, 243, 217)","rgb(255, 255, 255)",none,none,"""Schibsted Grotesk"", ""Schibsted Grotesk Fallback"", ""Segoe UI"", system-ui, sans-serif"
signup,en,desktop,h1,page-title,Create account,Lora,32px,600,normal,33.92px,normal,none,start,230,"rgb(255, 247, 233)","rgb(36, 31, 53)","rgba(12, 8, 40, 0.35) 0px 2px 30px",none,"Lora, ""Lora Fallback"", Georgia, serif"
signup,en,desktop,p,lede,"Personalized picture books where your child is the hero, wit",Source Serif 4,16px,400,normal,26.4px,normal,none,start,370,"rgb(181, 172, 211)","rgb(95, 88, 120)",none,none,"""Source Serif 4"", ""Source Serif 4 Fallback"", Georgia, serif"
signup,en,desktop,button,btn btn-ghost,Continue with Google,Schibsted Grotesk,16.8px,700,normal,normal,normal,none,center,370,"rgb(255, 243, 217)","rgb(36, 31, 53)",none,none,"""Schibsted Grotesk"", ""Schibsted Grotesk Fallback"", ""Segoe UI"", system-ui, sans-serif"
signup,en,desktop,div,,or,Schibsted Grotesk,13.6px,400,normal,normal,normal,none,start,370,"rgb(181, 172, 211)","rgb(95, 88, 120)",none,none,"""Schibsted Grotesk"", ""Schibsted Grotesk Fallback"", ""Segoe UI"", system-ui, sans-serif"
signup,en,desktop,label,,Email,Schibsted Grotesk,14.4px,700,normal,normal,normal,none,start,370,"rgb(181, 172, 211)","rgb(95, 88, 120)",none,none,"""Schibsted Grotesk"", ""Schibsted Grotesk Fallback"", ""Segoe UI"", system-ui, sans-serif"
signup,en,desktop,span,,I am the child's parent or guardian and I accept  the privac,Schibsted Grotesk,16px,400,normal,23.2px,normal,none,start,334,"rgb(181, 172, 211)","rgb(95, 88, 120)",none,none,"""Schibsted Grotesk"", ""Schibsted Grotesk Fallback"", ""Segoe UI"", system-ui, sans-serif"
signup,en,desktop,a,,Read the privacy notice,Schibsted Grotesk,14.4px,700,normal,normal,normal,none,start,173,"rgb(245, 197, 66)","rgb(109, 79, 224)",none,none,"""Schibsted Grotesk"", ""Schibsted Grotesk Fallback"", ""Segoe UI"", system-ui, sans-serif"
signup,en,desktop,button,btn btn-primary,Create account,Schibsted Grotesk,16.8px,700,normal,normal,normal,none,center,370,"rgb(58, 43, 16)","rgb(255, 255, 255)",none,none,"""Schibsted Grotesk"", ""Schibsted Grotesk Fallback"", ""Segoe UI"", system-ui, sans-serif"
signup,en,desktop,p,,Already have an account?,Schibsted Grotesk,14.72px,400,normal,normal,normal,none,center,370,"rgb(181, 172, 211)","rgb(95, 88, 120)",none,none,"""Schibsted Grotesk"", ""Schibsted Grotesk Fallback"", ""Segoe UI"", system-ui, sans-serif"
signup,en,desktop,a,,Log in,Schibsted Grotesk,14.72px,700,normal,normal,normal,none,center,42,"rgb(245, 197, 66)","rgb(109, 79, 224)",none,none,"""Schibsted Grotesk"", ""Schibsted Grotesk Fallback"", ""Segoe UI"", system-ui, sans-serif"
signup,en,desktop,span,,"Tale Forge, storybooks that remember your world.",Schibsted Grotesk,14.4px,400,normal,normal,normal,none,start,334,"rgb(183, 169, 214)","rgb(95, 88, 120)",none,none,"""Schibsted Grotesk"", ""Schibsted Grotesk Fallback"", ""Segoe UI"", system-ui, sans-serif"
signup,en,desktop,span,,Beta,Schibsted Grotesk,11.2px,400,normal,normal,0.336px,none,start,41,"rgb(183, 169, 214)","rgb(95, 88, 120)",none,none,"""Schibsted Grotesk"", ""Schibsted Grotesk Fallback"", ""Segoe UI"", system-ui, sans-serif"
signup,en,desktop,span,,Version 16ab1756 · 26 Sep 2026,Schibsted Grotesk,12.8px,400,normal,normal,normal,none,start,385,"rgb(181, 172, 211)","rgb(95, 88, 120)",none,none,"""Schibsted Grotesk"", ""Schibsted Grotesk Fallback"", ""Segoe UI"", system-ui, sans-serif"
signup,en,desktop,span,,"Tale Forge AB, reg. no. 559543-1122, Varnamo, Sweden",Schibsted Grotesk,14.4px,400,normal,normal,normal,none,start,364,"rgb(181, 172, 211)","rgb(95, 88, 120)",none,none,"""Schibsted Grotesk"", ""Schibsted Grotesk Fallback"", ""Segoe UI"", system-ui, sans-serif"
signup,en,desktop,a,,Contact,Schibsted Grotesk,14.4px,400,normal,normal,normal,none,start,52,"rgb(181, 172, 211)","rgb(95, 88, 120)",none,none,"""Schibsted Grotesk"", ""Schibsted Grotesk Fallback"", ""Segoe UI"", system-ui, sans-serif"
signup,en,desktop,a,,Privacy,Schibsted Grotesk,14.4px,400,normal,normal,normal,none,start,49,"rgb(181, 172, 211)","rgb(95, 88, 120)",none,none,"""Schibsted Grotesk"", ""Schibsted Grotesk Fallback"", ""Segoe UI"", system-ui, sans-serif"
signup,en,desktop,a,,Terms,Schibsted Grotesk,14.4px,400,normal,normal,normal,none,start,41,"rgb(181, 172, 211)","rgb(95, 88, 120)",none,none,"""Schibsted Grotesk"", ""Schibsted Grotesk Fallback"", ""Segoe UI"", system-ui, sans-serif"
signup,en,mobile,a,skip-link,Skip to content,Schibsted Grotesk,16px,800,normal,normal,normal,none,start,148,"rgb(36, 22, 8)","rgb(36, 22, 8)",none,none,"""Schibsted Grotesk"", ""Schibsted Grotesk Fallback"", ""Segoe UI"", system-ui, sans-serif"
signup,en,mobile,a,logo,Tale Forge,Cinzel,16.8px,700,normal,normal,1.5px,uppercase,start,158,"rgb(245, 197, 66)","rgb(109, 79, 224)","rgba(5, 8, 20, 0.8) 0px 2px 6px, rgba(245, 197, 66, 0.45) 0px 0px 34px","rgba(36, 31, 53, 0.18) 0px 1px 2px, rgba(109, 79, 224, 0.32) 0px 0px 24px","Cinzel, ""Cinzel Fallback"", ""Playfair Display"", Georgia, serif"
signup,en,mobile,a,,Login,Schibsted Grotesk,13.12px,700,normal,13.12px,normal,none,start,57,"rgb(181, 172, 211)","rgb(95, 88, 120)",none,none,"""Schibsted Grotesk"", ""Schibsted Grotesk Fallback"", ""Segoe UI"", system-ui, sans-serif"
signup,en,mobile,a,,Pricing,Schibsted Grotesk,13.12px,700,normal,13.12px,normal,none,start,67,"rgb(181, 172, 211)","rgb(95, 88, 120)",none,none,"""Schibsted Grotesk"", ""Schibsted Grotesk Fallback"", ""Segoe UI"", system-ui, sans-serif"
signup,en,mobile,button,,SV,Schibsted Grotesk,13.12px,700,normal,normal,0.2624px,none,center,44,"rgb(181, 172, 211)","rgb(95, 88, 120)",none,none,"""Schibsted Grotesk"", ""Schibsted Grotesk Fallback"", ""Segoe UI"", system-ui, sans-serif"
signup,en,mobile,button,,EN,Schibsted Grotesk,13.12px,800,normal,normal,0.2624px,none,center,44,"rgb(58, 43, 16)","rgb(255, 255, 255)",none,none,"""Schibsted Grotesk"", ""Schibsted Grotesk Fallback"", ""Segoe UI"", system-ui, sans-serif"
signup,en,mobile,span,tt-opt night,Night,Schibsted Grotesk,0px,700,normal,normal,normal,none,center,31,"rgb(58, 43, 16)","rgb(36, 31, 53)",none,none,"""Schibsted Grotesk"", ""Schibsted Grotesk Fallback"", ""Segoe UI"", system-ui, sans-serif"
signup,en,mobile,span,tt-opt day,Morning,Schibsted Grotesk,0px,700,normal,normal,normal,none,center,31,"rgb(255, 243, 217)","rgb(255, 255, 255)",none,none,"""Schibsted Grotesk"", ""Schibsted Grotesk Fallback"", ""Segoe UI"", system-ui, sans-serif"
signup,en,mobile,h1,page-title,Create account,Lora,24px,600,normal,25.44px,normal,none,start,172,"rgb(255, 247, 233)","rgb(36, 31, 53)","rgba(12, 8, 40, 0.35) 0px 2px 30px",none,"Lora, ""Lora Fallback"", Georgia, serif"
signup,en,mobile,p,lede,"Personalized picture books where your child is the hero, wit",Source Serif 4,16px,400,normal,26.4px,normal,none,start,264,"rgb(181, 172, 211)","rgb(95, 88, 120)",none,none,"""Source Serif 4"", ""Source Serif 4 Fallback"", Georgia, serif"
signup,en,mobile,button,btn btn-ghost,Continue with Google,Schibsted Grotesk,16.8px,700,normal,normal,normal,none,center,264,"rgb(255, 243, 217)","rgb(36, 31, 53)",none,none,"""Schibsted Grotesk"", ""Schibsted Grotesk Fallback"", ""Segoe UI"", system-ui, sans-serif"
signup,en,mobile,div,,or,Schibsted Grotesk,13.6px,400,normal,normal,normal,none,start,264,"rgb(181, 172, 211)","rgb(95, 88, 120)",none,none,"""Schibsted Grotesk"", ""Schibsted Grotesk Fallback"", ""Segoe UI"", system-ui, sans-serif"
signup,en,mobile,label,,Email,Schibsted Grotesk,14.4px,700,normal,normal,normal,none,start,264,"rgb(181, 172, 211)","rgb(95, 88, 120)",none,none,"""Schibsted Grotesk"", ""Schibsted Grotesk Fallback"", ""Segoe UI"", system-ui, sans-serif"
signup,en,mobile,span,,I am the child's parent or guardian and I accept  the privac,Schibsted Grotesk,16px,400,normal,23.2px,normal,none,start,228,"rgb(181, 172, 211)","rgb(95, 88, 120)",none,none,"""Schibsted Grotesk"", ""Schibsted Grotesk Fallback"", ""Segoe UI"", system-ui, sans-serif"
signup,en,mobile,a,,Read the privacy notice,Schibsted Grotesk,14.4px,700,normal,normal,normal,none,start,173,"rgb(245, 197, 66)","rgb(109, 79, 224)",none,none,"""Schibsted Grotesk"", ""Schibsted Grotesk Fallback"", ""Segoe UI"", system-ui, sans-serif"
signup,en,mobile,button,btn btn-primary,Create account,Schibsted Grotesk,16.8px,700,normal,normal,normal,none,center,264,"rgb(58, 43, 16)","rgb(255, 255, 255)",none,none,"""Schibsted Grotesk"", ""Schibsted Grotesk Fallback"", ""Segoe UI"", system-ui, sans-serif"
signup,en,mobile,p,,Already have an account?,Schibsted Grotesk,14.72px,400,normal,normal,normal,none,center,264,"rgb(181, 172, 211)","rgb(95, 88, 120)",none,none,"""Schibsted Grotesk"", ""Schibsted Grotesk Fallback"", ""Segoe UI"", system-ui, sans-serif"
signup,en,mobile,a,,Log in,Schibsted Grotesk,14.72px,700,normal,normal,normal,none,center,42,"rgb(245, 197, 66)","rgb(109, 79, 224)",none,none,"""Schibsted Grotesk"", ""Schibsted Grotesk Fallback"", ""Segoe UI"", system-ui, sans-serif"
signup,en,mobile,span,,"Tale Forge, storybooks that remember your world.",Schibsted Grotesk,14.4px,400,normal,normal,normal,none,start,334,"rgb(183, 169, 214)","rgb(95, 88, 120)",none,none,"""Schibsted Grotesk"", ""Schibsted Grotesk Fallback"", ""Segoe UI"", system-ui, sans-serif"
signup,en,mobile,span,,Beta,Schibsted Grotesk,11.2px,400,normal,normal,0.336px,none,start,41,"rgb(183, 169, 214)","rgb(95, 88, 120)",none,none,"""Schibsted Grotesk"", ""Schibsted Grotesk Fallback"", ""Segoe UI"", system-ui, sans-serif"
signup,en,mobile,span,,Version 16ab1756 · 26 Sep 2026,Schibsted Grotesk,12.8px,400,normal,normal,normal,none,start,334,"rgb(181, 172, 211)","rgb(95, 88, 120)",none,none,"""Schibsted Grotesk"", ""Schibsted Grotesk Fallback"", ""Segoe UI"", system-ui, sans-serif"
signup,en,mobile,span,,"Tale Forge AB, reg. no. 559543-1122, Varnamo, Sweden",Schibsted Grotesk,14.4px,400,normal,normal,normal,none,start,334,"rgb(181, 172, 211)","rgb(95, 88, 120)",none,none,"""Schibsted Grotesk"", ""Schibsted Grotesk Fallback"", ""Segoe UI"", system-ui, sans-serif"
signup,en,mobile,a,,Contact,Schibsted Grotesk,14.4px,400,normal,normal,normal,none,start,52,"rgb(181, 172, 211)","rgb(95, 88, 120)",none,none,"""Schibsted Grotesk"", ""Schibsted Grotesk Fallback"", ""Segoe UI"", system-ui, sans-serif"
signup,en,mobile,a,,Privacy,Schibsted Grotesk,14.4px,400,normal,normal,normal,none,start,49,"rgb(181, 172, 211)","rgb(95, 88, 120)",none,none,"""Schibsted Grotesk"", ""Schibsted Grotesk Fallback"", ""Segoe UI"", system-ui, sans-serif"
signup,en,mobile,a,,Terms,Schibsted Grotesk,14.4px,400,normal,normal,normal,none,start,41,"rgb(181, 172, 211)","rgb(95, 88, 120)",none,none,"""Schibsted Grotesk"", ""Schibsted Grotesk Fallback"", ""Segoe UI"", system-ui, sans-serif"
signup,sv,desktop,a,skip-link,Hoppa till innehållet,Schibsted Grotesk,16px,800,normal,normal,normal,none,start,188,"rgb(36, 22, 8)","rgb(36, 22, 8)",none,none,"""Schibsted Grotesk"", ""Schibsted Grotesk Fallback"", ""Segoe UI"", system-ui, sans-serif"
signup,sv,desktop,a,logo,Tale Forge,Cinzel,27.52px,700,normal,normal,3px,uppercase,start,261,"rgb(245, 197, 66)","rgb(109, 79, 224)","rgba(5, 8, 20, 0.8) 0px 2px 6px, rgba(245, 197, 66, 0.45) 0px 0px 34px","rgba(36, 31, 53, 0.18) 0px 1px 2px, rgba(109, 79, 224, 0.32) 0px 0px 24px","Cinzel, ""Cinzel Fallback"", ""Playfair Display"", Georgia, serif"
signup,sv,desktop,a,,Logga in,Schibsted Grotesk,13.12px,700,normal,13.12px,normal,none,start,75,"rgb(181, 172, 211)","rgb(95, 88, 120)",none,none,"""Schibsted Grotesk"", ""Schibsted Grotesk Fallback"", ""Segoe UI"", system-ui, sans-serif"
signup,sv,desktop,a,,Priser,Schibsted Grotesk,13.12px,700,normal,13.12px,normal,none,start,61,"rgb(181, 172, 211)","rgb(95, 88, 120)",none,none,"""Schibsted Grotesk"", ""Schibsted Grotesk Fallback"", ""Segoe UI"", system-ui, sans-serif"
signup,sv,desktop,button,,SV,Schibsted Grotesk,13.12px,800,normal,normal,0.2624px,none,center,44,"rgb(58, 43, 16)","rgb(255, 255, 255)",none,none,"""Schibsted Grotesk"", ""Schibsted Grotesk Fallback"", ""Segoe UI"", system-ui, sans-serif"
signup,sv,desktop,button,,EN,Schibsted Grotesk,13.12px,700,normal,normal,0.2624px,none,center,44,"rgb(181, 172, 211)","rgb(95, 88, 120)",none,none,"""Schibsted Grotesk"", ""Schibsted Grotesk Fallback"", ""Segoe UI"", system-ui, sans-serif"
signup,sv,desktop,span,tt-opt night,Natt,Schibsted Grotesk,15.2px,700,normal,normal,normal,none,center,82,"rgb(58, 43, 16)","rgb(36, 31, 53)",none,none,"""Schibsted Grotesk"", ""Schibsted Grotesk Fallback"", ""Segoe UI"", system-ui, sans-serif"
signup,sv,desktop,span,tt-opt day,Morgon,Schibsted Grotesk,15.2px,700,normal,normal,normal,none,center,107,"rgb(255, 243, 217)","rgb(255, 255, 255)",none,none,"""Schibsted Grotesk"", ""Schibsted Grotesk Fallback"", ""Segoe UI"", system-ui, sans-serif"
signup,sv,desktop,h1,page-title,Skapa konto,Lora,32px,600,normal,33.92px,normal,none,start,185,"rgb(255, 247, 233)","rgb(36, 31, 53)","rgba(12, 8, 40, 0.35) 0px 2px 30px",none,"Lora, ""Lora Fallback"", Georgia, serif"
signup,sv,desktop,p,lede,"Personliga sagoböcker där ert barn är hjälten, med bilder oc",Source Serif 4,16px,400,normal,26.4px,normal,none,start,370,"rgb(181, 172, 211)","rgb(95, 88, 120)",none,none,"""Source Serif 4"", ""Source Serif 4 Fallback"", Georgia, serif"
signup,sv,desktop,button,btn btn-ghost,Fortsätt med Google,Schibsted Grotesk,16.8px,700,normal,normal,normal,none,center,370,"rgb(255, 243, 217)","rgb(36, 31, 53)",none,none,"""Schibsted Grotesk"", ""Schibsted Grotesk Fallback"", ""Segoe UI"", system-ui, sans-serif"
signup,sv,desktop,div,,eller,Schibsted Grotesk,13.6px,400,normal,normal,normal,none,start,370,"rgb(181, 172, 211)","rgb(95, 88, 120)",none,none,"""Schibsted Grotesk"", ""Schibsted Grotesk Fallback"", ""Segoe UI"", system-ui, sans-serif"
signup,sv,desktop,label,,E-post,Schibsted Grotesk,14.4px,700,normal,normal,normal,none,start,370,"rgb(181, 172, 211)","rgb(95, 88, 120)",none,none,"""Schibsted Grotesk"", ""Schibsted Grotesk Fallback"", ""Segoe UI"", system-ui, sans-serif"
signup,sv,desktop,span,,Jag är barnets förälder eller vårdnadshavare och godkänner  ,Schibsted Grotesk,16px,400,normal,23.2px,normal,none,start,334,"rgb(181, 172, 211)","rgb(95, 88, 120)",none,none,"""Schibsted Grotesk"", ""Schibsted Grotesk Fallback"", ""Segoe UI"", system-ui, sans-serif"
signup,sv,desktop,a,,Läs integritetspolicyn,Schibsted Grotesk,14.4px,700,normal,normal,normal,none,start,160,"rgb(245, 197, 66)","rgb(109, 79, 224)",none,none,"""Schibsted Grotesk"", ""Schibsted Grotesk Fallback"", ""Segoe UI"", system-ui, sans-serif"
signup,sv,desktop,button,btn btn-primary,Skapa konto,Schibsted Grotesk,16.8px,700,normal,normal,normal,none,center,370,"rgb(58, 43, 16)","rgb(255, 255, 255)",none,none,"""Schibsted Grotesk"", ""Schibsted Grotesk Fallback"", ""Segoe UI"", system-ui, sans-serif"
signup,sv,desktop,p,,Har du redan ett konto?,Schibsted Grotesk,14.72px,400,normal,normal,normal,none,center,370,"rgb(181, 172, 211)","rgb(95, 88, 120)",none,none,"""Schibsted Grotesk"", ""Schibsted Grotesk Fallback"", ""Segoe UI"", system-ui, sans-serif"
signup,sv,desktop,a,,Logga in,Schibsted Grotesk,14.72px,700,normal,normal,normal,none,center,59,"rgb(245, 197, 66)","rgb(109, 79, 224)",none,none,"""Schibsted Grotesk"", ""Schibsted Grotesk Fallback"", ""Segoe UI"", system-ui, sans-serif"
signup,sv,desktop,span,,"Tale Forge, sagor som minns er värld.",Schibsted Grotesk,14.4px,400,normal,normal,normal,none,start,249,"rgb(183, 169, 214)","rgb(95, 88, 120)",none,none,"""Schibsted Grotesk"", ""Schibsted Grotesk Fallback"", ""Segoe UI"", system-ui, sans-serif"
signup,sv,desktop,span,,Beta,Schibsted Grotesk,11.2px,400,normal,normal,0.336px,none,start,41,"rgb(183, 169, 214)","rgb(95, 88, 120)",none,none,"""Schibsted Grotesk"", ""Schibsted Grotesk Fallback"", ""Segoe UI"", system-ui, sans-serif"
signup,sv,desktop,span,,Version 16ab1756 · 26 sep. 2026,Schibsted Grotesk,12.8px,400,normal,normal,normal,none,start,300,"rgb(181, 172, 211)","rgb(95, 88, 120)",none,none,"""Schibsted Grotesk"", ""Schibsted Grotesk Fallback"", ""Segoe UI"", system-ui, sans-serif"
signup,sv,desktop,span,,"Tale Forge AB, org.nr 559543-1122, Värnamo, Sverige",Schibsted Grotesk,14.4px,400,normal,normal,normal,none,start,351,"rgb(181, 172, 211)","rgb(95, 88, 120)",none,none,"""Schibsted Grotesk"", ""Schibsted Grotesk Fallback"", ""Segoe UI"", system-ui, sans-serif"
signup,sv,desktop,a,,Kontakt,Schibsted Grotesk,14.4px,400,normal,normal,normal,none,start,51,"rgb(181, 172, 211)","rgb(95, 88, 120)",none,none,"""Schibsted Grotesk"", ""Schibsted Grotesk Fallback"", ""Segoe UI"", system-ui, sans-serif"
signup,sv,desktop,a,,Integritet,Schibsted Grotesk,14.4px,400,normal,normal,normal,none,start,61,"rgb(181, 172, 211)","rgb(95, 88, 120)",none,none,"""Schibsted Grotesk"", ""Schibsted Grotesk Fallback"", ""Segoe UI"", system-ui, sans-serif"
signup,sv,desktop,a,,Villkor,Schibsted Grotesk,14.4px,400,normal,normal,normal,none,start,43,"rgb(181, 172, 211)","rgb(95, 88, 120)",none,none,"""Schibsted Grotesk"", ""Schibsted Grotesk Fallback"", ""Segoe UI"", system-ui, sans-serif"
signup,sv,mobile,a,skip-link,Hoppa till innehållet,Schibsted Grotesk,16px,800,normal,normal,normal,none,start,188,"rgb(36, 22, 8)","rgb(36, 22, 8)",none,none,"""Schibsted Grotesk"", ""Schibsted Grotesk Fallback"", ""Segoe UI"", system-ui, sans-serif"
signup,sv,mobile,a,logo,Tale Forge,Cinzel,16.8px,700,normal,normal,1.5px,uppercase,start,158,"rgb(245, 197, 66)","rgb(109, 79, 224)","rgba(5, 8, 20, 0.8) 0px 2px 6px, rgba(245, 197, 66, 0.45) 0px 0px 34px","rgba(36, 31, 53, 0.18) 0px 1px 2px, rgba(109, 79, 224, 0.32) 0px 0px 24px","Cinzel, ""Cinzel Fallback"", ""Playfair Display"", Georgia, serif"
signup,sv,mobile,a,,Logga in,Schibsted Grotesk,13.12px,700,normal,13.12px,normal,none,start,75,"rgb(181, 172, 211)","rgb(95, 88, 120)",none,none,"""Schibsted Grotesk"", ""Schibsted Grotesk Fallback"", ""Segoe UI"", system-ui, sans-serif"
signup,sv,mobile,a,,Priser,Schibsted Grotesk,13.12px,700,normal,13.12px,normal,none,start,61,"rgb(181, 172, 211)","rgb(95, 88, 120)",none,none,"""Schibsted Grotesk"", ""Schibsted Grotesk Fallback"", ""Segoe UI"", system-ui, sans-serif"
signup,sv,mobile,button,,SV,Schibsted Grotesk,13.12px,800,normal,normal,0.2624px,none,center,44,"rgb(58, 43, 16)","rgb(255, 255, 255)",none,none,"""Schibsted Grotesk"", ""Schibsted Grotesk Fallback"", ""Segoe UI"", system-ui, sans-serif"
signup,sv,mobile,button,,EN,Schibsted Grotesk,13.12px,700,normal,normal,0.2624px,none,center,44,"rgb(181, 172, 211)","rgb(95, 88, 120)",none,none,"""Schibsted Grotesk"", ""Schibsted Grotesk Fallback"", ""Segoe UI"", system-ui, sans-serif"
signup,sv,mobile,span,tt-opt night,Natt,Schibsted Grotesk,0px,700,normal,normal,normal,none,center,31,"rgb(58, 43, 16)","rgb(36, 31, 53)",none,none,"""Schibsted Grotesk"", ""Schibsted Grotesk Fallback"", ""Segoe UI"", system-ui, sans-serif"
signup,sv,mobile,span,tt-opt day,Morgon,Schibsted Grotesk,0px,700,normal,normal,normal,none,center,31,"rgb(255, 243, 217)","rgb(255, 255, 255)",none,none,"""Schibsted Grotesk"", ""Schibsted Grotesk Fallback"", ""Segoe UI"", system-ui, sans-serif"
signup,sv,mobile,h1,page-title,Skapa konto,Lora,24px,600,normal,25.44px,normal,none,start,139,"rgb(255, 247, 233)","rgb(36, 31, 53)","rgba(12, 8, 40, 0.35) 0px 2px 30px",none,"Lora, ""Lora Fallback"", Georgia, serif"
signup,sv,mobile,p,lede,"Personliga sagoböcker där ert barn är hjälten, med bilder oc",Source Serif 4,16px,400,normal,26.4px,normal,none,start,264,"rgb(181, 172, 211)","rgb(95, 88, 120)",none,none,"""Source Serif 4"", ""Source Serif 4 Fallback"", Georgia, serif"
signup,sv,mobile,button,btn btn-ghost,Fortsätt med Google,Schibsted Grotesk,16.8px,700,normal,normal,normal,none,center,264,"rgb(255, 243, 217)","rgb(36, 31, 53)",none,none,"""Schibsted Grotesk"", ""Schibsted Grotesk Fallback"", ""Segoe UI"", system-ui, sans-serif"
signup,sv,mobile,div,,eller,Schibsted Grotesk,13.6px,400,normal,normal,normal,none,start,264,"rgb(181, 172, 211)","rgb(95, 88, 120)",none,none,"""Schibsted Grotesk"", ""Schibsted Grotesk Fallback"", ""Segoe UI"", system-ui, sans-serif"
signup,sv,mobile,label,,E-post,Schibsted Grotesk,14.4px,700,normal,normal,normal,none,start,264,"rgb(181, 172, 211)","rgb(95, 88, 120)",none,none,"""Schibsted Grotesk"", ""Schibsted Grotesk Fallback"", ""Segoe UI"", system-ui, sans-serif"
signup,sv,mobile,span,,Jag är barnets förälder eller vårdnadshavare och godkänner  ,Schibsted Grotesk,16px,400,normal,23.2px,normal,none,start,228,"rgb(181, 172, 211)","rgb(95, 88, 120)",none,none,"""Schibsted Grotesk"", ""Schibsted Grotesk Fallback"", ""Segoe UI"", system-ui, sans-serif"
signup,sv,mobile,a,,Läs integritetspolicyn,Schibsted Grotesk,14.4px,700,normal,normal,normal,none,start,160,"rgb(245, 197, 66)","rgb(109, 79, 224)",none,none,"""Schibsted Grotesk"", ""Schibsted Grotesk Fallback"", ""Segoe UI"", system-ui, sans-serif"
signup,sv,mobile,button,btn btn-primary,Skapa konto,Schibsted Grotesk,16.8px,700,normal,normal,normal,none,center,264,"rgb(58, 43, 16)","rgb(255, 255, 255)",none,none,"""Schibsted Grotesk"", ""Schibsted Grotesk Fallback"", ""Segoe UI"", system-ui, sans-serif"
signup,sv,mobile,p,,Har du redan ett konto?,Schibsted Grotesk,14.72px,400,normal,normal,normal,none,center,264,"rgb(181, 172, 211)","rgb(95, 88, 120)",none,none,"""Schibsted Grotesk"", ""Schibsted Grotesk Fallback"", ""Segoe UI"", system-ui, sans-serif"
signup,sv,mobile,a,,Logga in,Schibsted Grotesk,14.72px,700,normal,normal,normal,none,center,59,"rgb(245, 197, 66)","rgb(109, 79, 224)",none,none,"""Schibsted Grotesk"", ""Schibsted Grotesk Fallback"", ""Segoe UI"", system-ui, sans-serif"
signup,sv,mobile,span,,"Tale Forge, sagor som minns er värld.",Schibsted Grotesk,14.4px,400,normal,normal,normal,none,start,249,"rgb(183, 169, 214)","rgb(95, 88, 120)",none,none,"""Schibsted Grotesk"", ""Schibsted Grotesk Fallback"", ""Segoe UI"", system-ui, sans-serif"
signup,sv,mobile,span,,Beta,Schibsted Grotesk,11.2px,400,normal,normal,0.336px,none,start,41,"rgb(183, 169, 214)","rgb(95, 88, 120)",none,none,"""Schibsted Grotesk"", ""Schibsted Grotesk Fallback"", ""Segoe UI"", system-ui, sans-serif"
signup,sv,mobile,span,,Version 16ab1756 · 26 sep. 2026,Schibsted Grotesk,12.8px,400,normal,normal,normal,none,start,300,"rgb(181, 172, 211)","rgb(95, 88, 120)",none,none,"""Schibsted Grotesk"", ""Schibsted Grotesk Fallback"", ""Segoe UI"", system-ui, sans-serif"
signup,sv,mobile,span,,"Tale Forge AB, org.nr 559543-1122, Värnamo, Sverige",Schibsted Grotesk,14.4px,400,normal,normal,normal,none,start,334,"rgb(181, 172, 211)","rgb(95, 88, 120)",none,none,"""Schibsted Grotesk"", ""Schibsted Grotesk Fallback"", ""Segoe UI"", system-ui, sans-serif"
signup,sv,mobile,a,,Kontakt,Schibsted Grotesk,14.4px,400,normal,normal,normal,none,start,51,"rgb(181, 172, 211)","rgb(95, 88, 120)",none,none,"""Schibsted Grotesk"", ""Schibsted Grotesk Fallback"", ""Segoe UI"", system-ui, sans-serif"
signup,sv,mobile,a,,Integritet,Schibsted Grotesk,14.4px,400,normal,normal,normal,none,start,61,"rgb(181, 172, 211)","rgb(95, 88, 120)",none,none,"""Schibsted Grotesk"", ""Schibsted Grotesk Fallback"", ""Segoe UI"", system-ui, sans-serif"
signup,sv,mobile,a,,Villkor,Schibsted Grotesk,14.4px,400,normal,normal,normal,none,start,43,"rgb(181, 172, 211)","rgb(95, 88, 120)",none,none,"""Schibsted Grotesk"", ""Schibsted Grotesk Fallback"", ""Segoe UI"", system-ui, sans-serif"
start,en,desktop,a,skip-link,Skip to content,Schibsted Grotesk,16px,800,normal,normal,normal,none,start,148,"rgb(36, 22, 8)","rgb(36, 22, 8)",none,none,"""Schibsted Grotesk"", ""Schibsted Grotesk Fallback"", ""Segoe UI"", system-ui, sans-serif"
start,en,desktop,a,logo,Tale Forge,Cinzel,27.52px,700,normal,normal,3px,uppercase,start,261,"rgb(245, 197, 66)","rgb(109, 79, 224)","rgba(5, 8, 20, 0.8) 0px 2px 6px, rgba(245, 197, 66, 0.45) 0px 0px 34px","rgba(36, 31, 53, 0.18) 0px 1px 2px, rgba(109, 79, 224, 0.32) 0px 0px 24px","Cinzel, ""Cinzel Fallback"", ""Playfair Display"", Georgia, serif"
start,en,desktop,a,,Login,Schibsted Grotesk,13.12px,700,normal,13.12px,normal,none,start,57,"rgb(181, 172, 211)","rgb(95, 88, 120)",none,none,"""Schibsted Grotesk"", ""Schibsted Grotesk Fallback"", ""Segoe UI"", system-ui, sans-serif"
start,en,desktop,a,,Pricing,Schibsted Grotesk,13.12px,700,normal,13.12px,normal,none,start,67,"rgb(181, 172, 211)","rgb(95, 88, 120)",none,none,"""Schibsted Grotesk"", ""Schibsted Grotesk Fallback"", ""Segoe UI"", system-ui, sans-serif"
start,en,desktop,button,,SV,Schibsted Grotesk,13.12px,700,normal,normal,0.2624px,none,center,44,"rgb(181, 172, 211)","rgb(95, 88, 120)",none,none,"""Schibsted Grotesk"", ""Schibsted Grotesk Fallback"", ""Segoe UI"", system-ui, sans-serif"
start,en,desktop,button,,EN,Schibsted Grotesk,13.12px,800,normal,normal,0.2624px,none,center,44,"rgb(58, 43, 16)","rgb(255, 255, 255)",none,none,"""Schibsted Grotesk"", ""Schibsted Grotesk Fallback"", ""Segoe UI"", system-ui, sans-serif"
start,en,desktop,span,tt-opt night,Night,Schibsted Grotesk,15.2px,700,normal,normal,normal,none,center,90,"rgb(58, 43, 16)","rgb(36, 31, 53)",none,none,"""Schibsted Grotesk"", ""Schibsted Grotesk Fallback"", ""Segoe UI"", system-ui, sans-serif"
start,en,desktop,span,tt-opt day,Morning,Schibsted Grotesk,15.2px,700,normal,normal,normal,none,center,112,"rgb(255, 243, 217)","rgb(255, 255, 255)",none,none,"""Schibsted Grotesk"", ""Schibsted Grotesk Fallback"", ""Segoe UI"", system-ui, sans-serif"
start,en,desktop,div,kicker,"Real picture books, read aloud",Schibsted Grotesk,13.6px,700,normal,normal,normal,none,start,257,"rgb(232, 223, 201)","rgb(91, 63, 199)",none,none,"""Schibsted Grotesk"", ""Schibsted Grotesk Fallback"", ""Segoe UI"", system-ui, sans-serif"
start,en,desktop,h1,,Tonight the hero is  .,Lora,70.4px,700,normal,74.624px,-1.056px,none,start,538,"rgb(255, 247, 233)","rgb(36, 31, 53)","rgba(12, 8, 40, 0.35) 0px 2px 30px",none,"Lora, ""Lora Fallback"", Georgia, serif"
start,en,desktop,span,grad,your child,Lora,70.4px,700,normal,74.624px,-1.056px,none,start,330,"rgb(245, 197, 66)","rgb(91, 63, 199)","rgba(12, 8, 40, 0.35) 0px 2px 30px",none,"Lora, ""Lora Fallback"", Georgia, serif"
start,en,desktop,p,lede,"Tale Forge writes, paints and narrates a real picture book w",Source Serif 4,20.48px,400,normal,33.792px,normal,none,start,498,"rgb(217, 207, 238)","rgb(95, 88, 120)",none,none,"""Source Serif 4"", ""Source Serif 4 Fallback"", Georgia, serif"
start,en,desktop,button,btn btn-primary,Create your hero,Schibsted Grotesk,16.8px,700,normal,normal,normal,none,center,198,"rgb(58, 43, 16)","rgb(255, 255, 255)",none,none,"""Schibsted Grotesk"", ""Schibsted Grotesk Fallback"", ""Segoe UI"", system-ui, sans-serif"
start,en,desktop,button,btn btn-ghost,Read a sample book first,Schibsted Grotesk,16.8px,700,normal,normal,normal,none,center,263,"rgb(255, 243, 217)","rgb(36, 31, 53)",none,none,"""Schibsted Grotesk"", ""Schibsted Grotesk Fallback"", ""Segoe UI"", system-ui, sans-serif"
start,en,desktop,b,,Sample book,Schibsted Grotesk,15.2px,700,normal,normal,normal,none,start,98,"rgb(242, 238, 255)","rgb(36, 31, 53)",none,none,"""Schibsted Grotesk"", ""Schibsted Grotesk Fallback"", ""Segoe UI"", system-ui, sans-serif"
start,en,desktop,span,,Iris och den sparade platsen · Swedish,Schibsted Grotesk,12.8px,400,normal,normal,normal,none,start,229,"rgb(181, 172, 211)","rgb(95, 88, 120)",none,none,"""Schibsted Grotesk"", ""Schibsted Grotesk Fallback"", ""Segoe UI"", system-ui, sans-serif"
start,en,desktop,span,,"Tale Forge, storybooks that remember your world.",Schibsted Grotesk,14.4px,400,normal,normal,normal,none,start,334,"rgb(183, 169, 214)","rgb(95, 88, 120)",none,none,"""Schibsted Grotesk"", ""Schibsted Grotesk Fallback"", ""Segoe UI"", system-ui, sans-serif"
start,en,desktop,span,,Beta,Schibsted Grotesk,11.2px,400,normal,normal,0.336px,none,start,41,"rgb(183, 169, 214)","rgb(95, 88, 120)",none,none,"""Schibsted Grotesk"", ""Schibsted Grotesk Fallback"", ""Segoe UI"", system-ui, sans-serif"
start,en,desktop,span,,Version 16ab1756 · 26 Sep 2026,Schibsted Grotesk,12.8px,400,normal,normal,normal,none,start,385,"rgb(181, 172, 211)","rgb(95, 88, 120)",none,none,"""Schibsted Grotesk"", ""Schibsted Grotesk Fallback"", ""Segoe UI"", system-ui, sans-serif"
start,en,desktop,span,,"Tale Forge AB, reg. no. 559543-1122, Varnamo, Sweden",Schibsted Grotesk,14.4px,400,normal,normal,normal,none,start,364,"rgb(181, 172, 211)","rgb(95, 88, 120)",none,none,"""Schibsted Grotesk"", ""Schibsted Grotesk Fallback"", ""Segoe UI"", system-ui, sans-serif"
start,en,desktop,a,,Contact,Schibsted Grotesk,14.4px,400,normal,normal,normal,none,start,52,"rgb(181, 172, 211)","rgb(95, 88, 120)",none,none,"""Schibsted Grotesk"", ""Schibsted Grotesk Fallback"", ""Segoe UI"", system-ui, sans-serif"
start,en,desktop,a,,Privacy,Schibsted Grotesk,14.4px,400,normal,normal,normal,none,start,49,"rgb(181, 172, 211)","rgb(95, 88, 120)",none,none,"""Schibsted Grotesk"", ""Schibsted Grotesk Fallback"", ""Segoe UI"", system-ui, sans-serif"
start,en,desktop,a,,Terms,Schibsted Grotesk,14.4px,400,normal,normal,normal,none,start,41,"rgb(181, 172, 211)","rgb(95, 88, 120)",none,none,"""Schibsted Grotesk"", ""Schibsted Grotesk Fallback"", ""Segoe UI"", system-ui, sans-serif"
start,en,mobile,a,skip-link,Skip to content,Schibsted Grotesk,16px,800,normal,normal,normal,none,start,148,"rgb(36, 22, 8)","rgb(36, 22, 8)",none,none,"""Schibsted Grotesk"", ""Schibsted Grotesk Fallback"", ""Segoe UI"", system-ui, sans-serif"
start,en,mobile,a,logo,Tale Forge,Cinzel,16.8px,700,normal,normal,1.5px,uppercase,start,158,"rgb(245, 197, 66)","rgb(109, 79, 224)","rgba(5, 8, 20, 0.8) 0px 2px 6px, rgba(245, 197, 66, 0.45) 0px 0px 34px","rgba(36, 31, 53, 0.18) 0px 1px 2px, rgba(109, 79, 224, 0.32) 0px 0px 24px","Cinzel, ""Cinzel Fallback"", ""Playfair Display"", Georgia, serif"
start,en,mobile,a,,Login,Schibsted Grotesk,13.12px,700,normal,13.12px,normal,none,start,57,"rgb(181, 172, 211)","rgb(95, 88, 120)",none,none,"""Schibsted Grotesk"", ""Schibsted Grotesk Fallback"", ""Segoe UI"", system-ui, sans-serif"
start,en,mobile,a,,Pricing,Schibsted Grotesk,13.12px,700,normal,13.12px,normal,none,start,67,"rgb(181, 172, 211)","rgb(95, 88, 120)",none,none,"""Schibsted Grotesk"", ""Schibsted Grotesk Fallback"", ""Segoe UI"", system-ui, sans-serif"
start,en,mobile,button,,SV,Schibsted Grotesk,13.12px,700,normal,normal,0.2624px,none,center,44,"rgb(181, 172, 211)","rgb(95, 88, 120)",none,none,"""Schibsted Grotesk"", ""Schibsted Grotesk Fallback"", ""Segoe UI"", system-ui, sans-serif"
start,en,mobile,button,,EN,Schibsted Grotesk,13.12px,800,normal,normal,0.2624px,none,center,44,"rgb(58, 43, 16)","rgb(255, 255, 255)",none,none,"""Schibsted Grotesk"", ""Schibsted Grotesk Fallback"", ""Segoe UI"", system-ui, sans-serif"
start,en,mobile,span,tt-opt night,Night,Schibsted Grotesk,0px,700,normal,normal,normal,none,center,31,"rgb(58, 43, 16)","rgb(36, 31, 53)",none,none,"""Schibsted Grotesk"", ""Schibsted Grotesk Fallback"", ""Segoe UI"", system-ui, sans-serif"
start,en,mobile,span,tt-opt day,Morning,Schibsted Grotesk,0px,700,normal,normal,normal,none,center,31,"rgb(255, 243, 217)","rgb(255, 255, 255)",none,none,"""Schibsted Grotesk"", ""Schibsted Grotesk Fallback"", ""Segoe UI"", system-ui, sans-serif"
start,en,mobile,div,kicker,"Real picture books, read aloud",Schibsted Grotesk,13.6px,700,normal,normal,normal,none,start,257,"rgb(232, 223, 201)","rgb(91, 63, 199)",none,none,"""Schibsted Grotesk"", ""Schibsted Grotesk Fallback"", ""Segoe UI"", system-ui, sans-serif"
start,en,mobile,h1,,Tonight the hero is  .,Lora,43.2px,700,normal,45.792px,-0.648px,none,start,334,"rgb(255, 247, 233)","rgb(36, 31, 53)","rgba(12, 8, 40, 0.35) 0px 2px 30px",none,"Lora, ""Lora Fallback"", Georgia, serif"
start,en,mobile,span,grad,your child,Lora,43.2px,700,normal,45.792px,-0.648px,none,start,203,"rgb(245, 197, 66)","rgb(91, 63, 199)","rgba(12, 8, 40, 0.35) 0px 2px 30px",none,"Lora, ""Lora Fallback"", Georgia, serif"
start,en,mobile,p,lede,"Tale Forge writes, paints and narrates a real picture book w",Source Serif 4,17.28px,400,normal,28.512px,normal,none,start,334,"rgb(217, 207, 238)","rgb(95, 88, 120)",none,none,"""Source Serif 4"", ""Source Serif 4 Fallback"", Georgia, serif"
start,en,mobile,button,btn btn-primary,Create your hero,Schibsted Grotesk,16.8px,700,normal,normal,normal,none,center,198,"rgb(58, 43, 16)","rgb(255, 255, 255)",none,none,"""Schibsted Grotesk"", ""Schibsted Grotesk Fallback"", ""Segoe UI"", system-ui, sans-serif"
start,en,mobile,button,btn btn-ghost,Read a sample book first,Schibsted Grotesk,16.8px,700,normal,normal,normal,none,center,263,"rgb(255, 243, 217)","rgb(36, 31, 53)",none,none,"""Schibsted Grotesk"", ""Schibsted Grotesk Fallback"", ""Segoe UI"", system-ui, sans-serif"
start,en,mobile,b,,Sample book,Schibsted Grotesk,15.2px,700,normal,normal,normal,none,start,98,"rgb(242, 238, 255)","rgb(36, 31, 53)",none,none,"""Schibsted Grotesk"", ""Schibsted Grotesk Fallback"", ""Segoe UI"", system-ui, sans-serif"
start,en,mobile,span,,Iris och den sparade platsen · Swedish,Schibsted Grotesk,12.8px,400,normal,normal,normal,none,start,229,"rgb(181, 172, 211)","rgb(95, 88, 120)",none,none,"""Schibsted Grotesk"", ""Schibsted Grotesk Fallback"", ""Segoe UI"", system-ui, sans-serif"
start,en,mobile,span,,"Tale Forge, storybooks that remember your world.",Schibsted Grotesk,14.4px,400,normal,normal,normal,none,start,334,"rgb(183, 169, 214)","rgb(95, 88, 120)",none,none,"""Schibsted Grotesk"", ""Schibsted Grotesk Fallback"", ""Segoe UI"", system-ui, sans-serif"
start,en,mobile,span,,Beta,Schibsted Grotesk,11.2px,400,normal,normal,0.336px,none,start,41,"rgb(183, 169, 214)","rgb(95, 88, 120)",none,none,"""Schibsted Grotesk"", ""Schibsted Grotesk Fallback"", ""Segoe UI"", system-ui, sans-serif"
start,en,mobile,span,,Version 16ab1756 · 26 Sep 2026,Schibsted Grotesk,12.8px,400,normal,normal,normal,none,start,334,"rgb(181, 172, 211)","rgb(95, 88, 120)",none,none,"""Schibsted Grotesk"", ""Schibsted Grotesk Fallback"", ""Segoe UI"", system-ui, sans-serif"
start,en,mobile,span,,"Tale Forge AB, reg. no. 559543-1122, Varnamo, Sweden",Schibsted Grotesk,14.4px,400,normal,normal,normal,none,start,334,"rgb(181, 172, 211)","rgb(95, 88, 120)",none,none,"""Schibsted Grotesk"", ""Schibsted Grotesk Fallback"", ""Segoe UI"", system-ui, sans-serif"
start,en,mobile,a,,Contact,Schibsted Grotesk,14.4px,400,normal,normal,normal,none,start,52,"rgb(181, 172, 211)","rgb(95, 88, 120)",none,none,"""Schibsted Grotesk"", ""Schibsted Grotesk Fallback"", ""Segoe UI"", system-ui, sans-serif"
start,en,mobile,a,,Privacy,Schibsted Grotesk,14.4px,400,normal,normal,normal,none,start,49,"rgb(181, 172, 211)","rgb(95, 88, 120)",none,none,"""Schibsted Grotesk"", ""Schibsted Grotesk Fallback"", ""Segoe UI"", system-ui, sans-serif"
start,en,mobile,a,,Terms,Schibsted Grotesk,14.4px,400,normal,normal,normal,none,start,41,"rgb(181, 172, 211)","rgb(95, 88, 120)",none,none,"""Schibsted Grotesk"", ""Schibsted Grotesk Fallback"", ""Segoe UI"", system-ui, sans-serif"
start,sv,desktop,a,skip-link,Hoppa till innehållet,Schibsted Grotesk,16px,800,normal,normal,normal,none,start,188,"rgb(36, 22, 8)","rgb(36, 22, 8)",none,none,"""Schibsted Grotesk"", ""Schibsted Grotesk Fallback"", ""Segoe UI"", system-ui, sans-serif"
start,sv,desktop,a,logo,Tale Forge,Cinzel,27.52px,700,normal,normal,3px,uppercase,start,261,"rgb(245, 197, 66)","rgb(109, 79, 224)","rgba(5, 8, 20, 0.8) 0px 2px 6px, rgba(245, 197, 66, 0.45) 0px 0px 34px","rgba(36, 31, 53, 0.18) 0px 1px 2px, rgba(109, 79, 224, 0.32) 0px 0px 24px","Cinzel, ""Cinzel Fallback"", ""Playfair Display"", Georgia, serif"
start,sv,desktop,a,,Logga in,Schibsted Grotesk,13.12px,700,normal,13.12px,normal,none,start,75,"rgb(181, 172, 211)","rgb(95, 88, 120)",none,none,"""Schibsted Grotesk"", ""Schibsted Grotesk Fallback"", ""Segoe UI"", system-ui, sans-serif"
start,sv,desktop,a,,Priser,Schibsted Grotesk,13.12px,700,normal,13.12px,normal,none,start,61,"rgb(181, 172, 211)","rgb(95, 88, 120)",none,none,"""Schibsted Grotesk"", ""Schibsted Grotesk Fallback"", ""Segoe UI"", system-ui, sans-serif"
start,sv,desktop,button,,SV,Schibsted Grotesk,13.12px,800,normal,normal,0.2624px,none,center,44,"rgb(58, 43, 16)","rgb(255, 255, 255)",none,none,"""Schibsted Grotesk"", ""Schibsted Grotesk Fallback"", ""Segoe UI"", system-ui, sans-serif"
start,sv,desktop,button,,EN,Schibsted Grotesk,13.12px,700,normal,normal,0.2624px,none,center,44,"rgb(181, 172, 211)","rgb(95, 88, 120)",none,none,"""Schibsted Grotesk"", ""Schibsted Grotesk Fallback"", ""Segoe UI"", system-ui, sans-serif"
start,sv,desktop,span,tt-opt night,Natt,Schibsted Grotesk,15.2px,700,normal,normal,normal,none,center,82,"rgb(58, 43, 16)","rgb(36, 31, 53)",none,none,"""Schibsted Grotesk"", ""Schibsted Grotesk Fallback"", ""Segoe UI"", system-ui, sans-serif"
start,sv,desktop,span,tt-opt day,Morgon,Schibsted Grotesk,15.2px,700,normal,normal,normal,none,center,107,"rgb(255, 243, 217)","rgb(255, 255, 255)",none,none,"""Schibsted Grotesk"", ""Schibsted Grotesk Fallback"", ""Segoe UI"", system-ui, sans-serif"
start,sv,desktop,div,kicker,"Riktiga bilderböcker, upplästa på svenska",Schibsted Grotesk,13.6px,700,normal,normal,normal,none,start,333,"rgb(232, 223, 201)","rgb(91, 63, 199)",none,none,"""Schibsted Grotesk"", ""Schibsted Grotesk Fallback"", ""Segoe UI"", system-ui, sans-serif"
start,sv,desktop,h1,,Ikväll är hjälten  .,Lora,70.4px,700,normal,74.624px,-1.056px,none,start,538,"rgb(255, 247, 233)","rgb(36, 31, 53)","rgba(12, 8, 40, 0.35) 0px 2px 30px",none,"Lora, ""Lora Fallback"", Georgia, serif"
start,sv,desktop,span,grad,ert barn,Lora,70.4px,700,normal,74.624px,-1.056px,none,start,267,"rgb(245, 197, 66)","rgb(91, 63, 199)","rgba(12, 8, 40, 0.35) 0px 2px 30px",none,"Lora, ""Lora Fallback"", Georgia, serif"
start,sv,desktop,p,lede,"Tale Forge skriver, målar och läser in en riktig bilderbok d",Source Serif 4,20.48px,400,normal,33.792px,normal,none,start,498,"rgb(217, 207, 238)","rgb(95, 88, 120)",none,none,"""Source Serif 4"", ""Source Serif 4 Fallback"", Georgia, serif"
start,sv,desktop,button,btn btn-primary,Skapa er hjälte,Schibsted Grotesk,16.8px,700,normal,normal,normal,none,center,183,"rgb(58, 43, 16)","rgb(255, 255, 255)",none,none,"""Schibsted Grotesk"", ""Schibsted Grotesk Fallback"", ""Segoe UI"", system-ui, sans-serif"
start,sv,desktop,button,btn btn-ghost,Läs en exempelbok först,Schibsted Grotesk,16.8px,700,normal,normal,normal,none,center,262,"rgb(255, 243, 217)","rgb(36, 31, 53)",none,none,"""Schibsted Grotesk"", ""Schibsted Grotesk Fallback"", ""Segoe UI"", system-ui, sans-serif"
start,sv,desktop,b,,Exempelbok,Schibsted Grotesk,15.2px,700,normal,normal,normal,none,start,93,"rgb(242, 238, 255)","rgb(36, 31, 53)",none,none,"""Schibsted Grotesk"", ""Schibsted Grotesk Fallback"", ""Segoe UI"", system-ui, sans-serif"
start,sv,desktop,span,,Iris och den sparade platsen · på svenska,Schibsted Grotesk,12.8px,400,normal,normal,normal,none,start,245,"rgb(181, 172, 211)","rgb(95, 88, 120)",none,none,"""Schibsted Grotesk"", ""Schibsted Grotesk Fallback"", ""Segoe UI"", system-ui, sans-serif"
start,sv,desktop,span,,"Tale Forge, sagor som minns er värld.",Schibsted Grotesk,14.4px,400,normal,normal,normal,none,start,249,"rgb(183, 169, 214)","rgb(95, 88, 120)",none,none,"""Schibsted Grotesk"", ""Schibsted Grotesk Fallback"", ""Segoe UI"", system-ui, sans-serif"
start,sv,desktop,span,,Beta,Schibsted Grotesk,11.2px,400,normal,normal,0.336px,none,start,41,"rgb(183, 169, 214)","rgb(95, 88, 120)",none,none,"""Schibsted Grotesk"", ""Schibsted Grotesk Fallback"", ""Segoe UI"", system-ui, sans-serif"
start,sv,desktop,span,,Version 16ab1756 · 26 sep. 2026,Schibsted Grotesk,12.8px,400,normal,normal,normal,none,start,300,"rgb(181, 172, 211)","rgb(95, 88, 120)",none,none,"""Schibsted Grotesk"", ""Schibsted Grotesk Fallback"", ""Segoe UI"", system-ui, sans-serif"
start,sv,desktop,span,,"Tale Forge AB, org.nr 559543-1122, Värnamo, Sverige",Schibsted Grotesk,14.4px,400,normal,normal,normal,none,start,351,"rgb(181, 172, 211)","rgb(95, 88, 120)",none,none,"""Schibsted Grotesk"", ""Schibsted Grotesk Fallback"", ""Segoe UI"", system-ui, sans-serif"
start,sv,desktop,a,,Kontakt,Schibsted Grotesk,14.4px,400,normal,normal,normal,none,start,51,"rgb(181, 172, 211)","rgb(95, 88, 120)",none,none,"""Schibsted Grotesk"", ""Schibsted Grotesk Fallback"", ""Segoe UI"", system-ui, sans-serif"
start,sv,desktop,a,,Integritet,Schibsted Grotesk,14.4px,400,normal,normal,normal,none,start,61,"rgb(181, 172, 211)","rgb(95, 88, 120)",none,none,"""Schibsted Grotesk"", ""Schibsted Grotesk Fallback"", ""Segoe UI"", system-ui, sans-serif"
start,sv,desktop,a,,Villkor,Schibsted Grotesk,14.4px,400,normal,normal,normal,none,start,43,"rgb(181, 172, 211)","rgb(95, 88, 120)",none,none,"""Schibsted Grotesk"", ""Schibsted Grotesk Fallback"", ""Segoe UI"", system-ui, sans-serif"
start,sv,mobile,a,skip-link,Hoppa till innehållet,Schibsted Grotesk,16px,800,normal,normal,normal,none,start,188,"rgb(36, 22, 8)","rgb(36, 22, 8)",none,none,"""Schibsted Grotesk"", ""Schibsted Grotesk Fallback"", ""Segoe UI"", system-ui, sans-serif"
start,sv,mobile,a,logo,Tale Forge,Cinzel,16.8px,700,normal,normal,1.5px,uppercase,start,158,"rgb(245, 197, 66)","rgb(109, 79, 224)","rgba(5, 8, 20, 0.8) 0px 2px 6px, rgba(245, 197, 66, 0.45) 0px 0px 34px","rgba(36, 31, 53, 0.18) 0px 1px 2px, rgba(109, 79, 224, 0.32) 0px 0px 24px","Cinzel, ""Cinzel Fallback"", ""Playfair Display"", Georgia, serif"
start,sv,mobile,a,,Logga in,Schibsted Grotesk,13.12px,700,normal,13.12px,normal,none,start,75,"rgb(181, 172, 211)","rgb(95, 88, 120)",none,none,"""Schibsted Grotesk"", ""Schibsted Grotesk Fallback"", ""Segoe UI"", system-ui, sans-serif"
start,sv,mobile,a,,Priser,Schibsted Grotesk,13.12px,700,normal,13.12px,normal,none,start,61,"rgb(181, 172, 211)","rgb(95, 88, 120)",none,none,"""Schibsted Grotesk"", ""Schibsted Grotesk Fallback"", ""Segoe UI"", system-ui, sans-serif"
start,sv,mobile,button,,SV,Schibsted Grotesk,13.12px,800,normal,normal,0.2624px,none,center,44,"rgb(58, 43, 16)","rgb(255, 255, 255)",none,none,"""Schibsted Grotesk"", ""Schibsted Grotesk Fallback"", ""Segoe UI"", system-ui, sans-serif"
start,sv,mobile,button,,EN,Schibsted Grotesk,13.12px,700,normal,normal,0.2624px,none,center,44,"rgb(181, 172, 211)","rgb(95, 88, 120)",none,none,"""Schibsted Grotesk"", ""Schibsted Grotesk Fallback"", ""Segoe UI"", system-ui, sans-serif"
start,sv,mobile,span,tt-opt night,Natt,Schibsted Grotesk,0px,700,normal,normal,normal,none,center,31,"rgb(58, 43, 16)","rgb(36, 31, 53)",none,none,"""Schibsted Grotesk"", ""Schibsted Grotesk Fallback"", ""Segoe UI"", system-ui, sans-serif"
start,sv,mobile,span,tt-opt day,Morgon,Schibsted Grotesk,0px,700,normal,normal,normal,none,center,31,"rgb(255, 243, 217)","rgb(255, 255, 255)",none,none,"""Schibsted Grotesk"", ""Schibsted Grotesk Fallback"", ""Segoe UI"", system-ui, sans-serif"
start,sv,mobile,div,kicker,"Riktiga bilderböcker, upplästa på svenska",Schibsted Grotesk,13.6px,700,normal,normal,normal,none,start,333,"rgb(232, 223, 201)","rgb(91, 63, 199)",none,none,"""Schibsted Grotesk"", ""Schibsted Grotesk Fallback"", ""Segoe UI"", system-ui, sans-serif"
start,sv,mobile,h1,,Ikväll är hjälten  .,Lora,43.2px,700,normal,45.792px,-0.648px,none,start,334,"rgb(255, 247, 233)","rgb(36, 31, 53)","rgba(12, 8, 40, 0.35) 0px 2px 30px",none,"Lora, ""Lora Fallback"", Georgia, serif"
start,sv,mobile,span,grad,ert barn,Lora,43.2px,700,normal,45.792px,-0.648px,none,start,164,"rgb(245, 197, 66)","rgb(91, 63, 199)","rgba(12, 8, 40, 0.35) 0px 2px 30px",none,"Lora, ""Lora Fallback"", Georgia, serif"
start,sv,mobile,p,lede,"Tale Forge skriver, målar och läser in en riktig bilderbok d",Source Serif 4,17.28px,400,normal,28.512px,normal,none,start,334,"rgb(217, 207, 238)","rgb(95, 88, 120)",none,none,"""Source Serif 4"", ""Source Serif 4 Fallback"", Georgia, serif"
start,sv,mobile,button,btn btn-primary,Skapa er hjälte,Schibsted Grotesk,16.8px,700,normal,normal,normal,none,center,183,"rgb(58, 43, 16)","rgb(255, 255, 255)",none,none,"""Schibsted Grotesk"", ""Schibsted Grotesk Fallback"", ""Segoe UI"", system-ui, sans-serif"
start,sv,mobile,button,btn btn-ghost,Läs en exempelbok först,Schibsted Grotesk,16.8px,700,normal,normal,normal,none,center,262,"rgb(255, 243, 217)","rgb(36, 31, 53)",none,none,"""Schibsted Grotesk"", ""Schibsted Grotesk Fallback"", ""Segoe UI"", system-ui, sans-serif"
start,sv,mobile,b,,Exempelbok,Schibsted Grotesk,15.2px,700,normal,normal,normal,none,start,93,"rgb(242, 238, 255)","rgb(36, 31, 53)",none,none,"""Schibsted Grotesk"", ""Schibsted Grotesk Fallback"", ""Segoe UI"", system-ui, sans-serif"
start,sv,mobile,span,,Iris och den sparade platsen · på svenska,Schibsted Grotesk,12.8px,400,normal,normal,normal,none,start,245,"rgb(181, 172, 211)","rgb(95, 88, 120)",none,none,"""Schibsted Grotesk"", ""Schibsted Grotesk Fallback"", ""Segoe UI"", system-ui, sans-serif"
start,sv,mobile,span,,"Tale Forge, sagor som minns er värld.",Schibsted Grotesk,14.4px,400,normal,normal,normal,none,start,249,"rgb(183, 169, 214)","rgb(95, 88, 120)",none,none,"""Schibsted Grotesk"", ""Schibsted Grotesk Fallback"", ""Segoe UI"", system-ui, sans-serif"
start,sv,mobile,span,,Beta,Schibsted Grotesk,11.2px,400,normal,normal,0.336px,none,start,41,"rgb(183, 169, 214)","rgb(95, 88, 120)",none,none,"""Schibsted Grotesk"", ""Schibsted Grotesk Fallback"", ""Segoe UI"", system-ui, sans-serif"
start,sv,mobile,span,,Version 16ab1756 · 26 sep. 2026,Schibsted Grotesk,12.8px,400,normal,normal,normal,none,start,300,"rgb(181, 172, 211)","rgb(95, 88, 120)",none,none,"""Schibsted Grotesk"", ""Schibsted Grotesk Fallback"", ""Segoe UI"", system-ui, sans-serif"
start,sv,mobile,span,,"Tale Forge AB, org.nr 559543-1122, Värnamo, Sverige",Schibsted Grotesk,14.4px,400,normal,normal,normal,none,start,334,"rgb(181, 172, 211)","rgb(95, 88, 120)",none,none,"""Schibsted Grotesk"", ""Schibsted Grotesk Fallback"", ""Segoe UI"", system-ui, sans-serif"
start,sv,mobile,a,,Kontakt,Schibsted Grotesk,14.4px,400,normal,normal,normal,none,start,51,"rgb(181, 172, 211)","rgb(95, 88, 120)",none,none,"""Schibsted Grotesk"", ""Schibsted Grotesk Fallback"", ""Segoe UI"", system-ui, sans-serif"
start,sv,mobile,a,,Integritet,Schibsted Grotesk,14.4px,400,normal,normal,normal,none,start,61,"rgb(181, 172, 211)","rgb(95, 88, 120)",none,none,"""Schibsted Grotesk"", ""Schibsted Grotesk Fallback"", ""Segoe UI"", system-ui, sans-serif"
start,sv,mobile,a,,Villkor,Schibsted Grotesk,14.4px,400,normal,normal,normal,none,start,43,"rgb(181, 172, 211)","rgb(95, 88, 120)",none,none,"""Schibsted Grotesk"", ""Schibsted Grotesk Fallback"", ""Segoe UI"", system-ui, sans-serif"
uppgradera,en,desktop,a,skip-link,Skip to content,Schibsted Grotesk,16px,800,normal,normal,normal,none,start,148,"rgb(36, 22, 8)","rgb(36, 22, 8)",none,none,"""Schibsted Grotesk"", ""Schibsted Grotesk Fallback"", ""Segoe UI"", system-ui, sans-serif"
uppgradera,en,desktop,a,logo,Tale Forge,Cinzel,27.52px,700,normal,normal,3px,uppercase,start,261,"rgb(245, 197, 66)","rgb(109, 79, 224)","rgba(5, 8, 20, 0.8) 0px 2px 6px, rgba(245, 197, 66, 0.45) 0px 0px 34px","rgba(36, 31, 53, 0.18) 0px 1px 2px, rgba(109, 79, 224, 0.32) 0px 0px 24px","Cinzel, ""Cinzel Fallback"", ""Playfair Display"", Georgia, serif"
uppgradera,en,desktop,a,,Login,Schibsted Grotesk,13.12px,700,normal,13.12px,normal,none,start,57,"rgb(181, 172, 211)","rgb(95, 88, 120)",none,none,"""Schibsted Grotesk"", ""Schibsted Grotesk Fallback"", ""Segoe UI"", system-ui, sans-serif"
uppgradera,en,desktop,a,,Pricing,Schibsted Grotesk,13.12px,700,normal,13.12px,normal,none,start,67,"rgb(181, 172, 211)","rgb(95, 88, 120)",none,none,"""Schibsted Grotesk"", ""Schibsted Grotesk Fallback"", ""Segoe UI"", system-ui, sans-serif"
uppgradera,en,desktop,button,,SV,Schibsted Grotesk,13.12px,700,normal,normal,0.2624px,none,center,44,"rgb(181, 172, 211)","rgb(95, 88, 120)",none,none,"""Schibsted Grotesk"", ""Schibsted Grotesk Fallback"", ""Segoe UI"", system-ui, sans-serif"
uppgradera,en,desktop,button,,EN,Schibsted Grotesk,13.12px,800,normal,normal,0.2624px,none,center,44,"rgb(58, 43, 16)","rgb(255, 255, 255)",none,none,"""Schibsted Grotesk"", ""Schibsted Grotesk Fallback"", ""Segoe UI"", system-ui, sans-serif"
uppgradera,en,desktop,span,tt-opt night,Night,Schibsted Grotesk,15.2px,700,normal,normal,normal,none,center,90,"rgb(58, 43, 16)","rgb(36, 31, 53)",none,none,"""Schibsted Grotesk"", ""Schibsted Grotesk Fallback"", ""Segoe UI"", system-ui, sans-serif"
uppgradera,en,desktop,span,tt-opt day,Morning,Schibsted Grotesk,15.2px,700,normal,normal,normal,none,center,112,"rgb(255, 243, 217)","rgb(255, 255, 255)",none,none,"""Schibsted Grotesk"", ""Schibsted Grotesk Fallback"", ""Segoe UI"", system-ui, sans-serif"
uppgradera,en,desktop,h1,page-title,Upgrade,Lora,32px,600,normal,33.92px,normal,none,start,128,"rgb(255, 247, 233)","rgb(36, 31, 53)","rgba(12, 8, 40, 0.35) 0px 2px 30px",none,"Lora, ""Lora Fallback"", Georgia, serif"
uppgradera,en,desktop,p,,"New personalized books every month, in a world that remember",Schibsted Grotesk,15.2px,400,normal,23.56px,normal,none,start,502,"rgb(181, 172, 211)","rgb(95, 88, 120)",none,none,"""Schibsted Grotesk"", ""Schibsted Grotesk Fallback"", ""Segoe UI"", system-ui, sans-serif"
uppgradera,en,desktop,h2,,What is included,Lora,32px,600,normal,normal,-0.32px,none,start,250,"rgb(255, 247, 233)","rgb(36, 31, 53)",none,none,"Lora, ""Lora Fallback"", Georgia, serif"
uppgradera,en,desktop,figcaption,upgrade-sample-caption,Sample book: Iris och den sparade platsen,Schibsted Grotesk,12.48px,400,normal,16.848px,normal,none,center,112,"rgb(242, 238, 255)","rgb(36, 31, 53)",none,none,"""Schibsted Grotesk"", ""Schibsted Grotesk Fallback"", ""Segoe UI"", system-ui, sans-serif"
uppgradera,en,desktop,li,,Personalized illustrated storybooks,Schibsted Grotesk,15.2px,400,normal,25.84px,normal,none,start,370,"rgb(242, 238, 255)","rgb(36, 31, 53)",none,none,"""Schibsted Grotesk"", ""Schibsted Grotesk Fallback"", ""Segoe UI"", system-ui, sans-serif"
uppgradera,en,desktop,li,,Space for up to 4 children with Family and 30 with School,Schibsted Grotesk,15.2px,400,normal,25.84px,normal,none,start,370,"rgb(242, 238, 255)","rgb(36, 31, 53)",none,none,"""Schibsted Grotesk"", ""Schibsted Grotesk Fallback"", ""Segoe UI"", system-ui, sans-serif"
uppgradera,en,desktop,button,trait,Monthly,Schibsted Grotesk,14.08px,700,normal,normal,normal,none,center,91,"rgb(207, 197, 236)","rgb(95, 88, 120)",none,none,"""Schibsted Grotesk"", ""Schibsted Grotesk Fallback"", ""Segoe UI"", system-ui, sans-serif"
uppgradera,en,desktop,button,trait on,Yearly,Schibsted Grotesk,14.08px,700,normal,normal,normal,none,center,77,"rgb(233, 226, 255)","rgb(74, 54, 168)",none,none,"""Schibsted Grotesk"", ""Schibsted Grotesk Fallback"", ""Segoe UI"", system-ui, sans-serif"
uppgradera,en,desktop,h2,,Family,Lora,32px,600,normal,normal,-0.32px,none,start,97,"rgb(255, 247, 233)","rgb(36, 31, 53)",none,none,"Lora, ""Lora Fallback"", Georgia, serif"
uppgradera,en,desktop,p,,For the family that wants to keep telling stories together.,Schibsted Grotesk,15.2px,400,normal,23.56px,normal,none,start,502,"rgb(181, 172, 211)","rgb(95, 88, 120)",none,none,"""Schibsted Grotesk"", ""Schibsted Grotesk Fallback"", ""Segoe UI"", system-ui, sans-serif"
uppgradera,en,desktop,p,,$149.00 per year,Lora,25.6px,700,normal,normal,normal,none,start,502,"rgb(242, 238, 255)","rgb(36, 31, 53)",none,none,"Lora, ""Lora Fallback"", Georgia, serif"
uppgradera,en,desktop,li,,"3 new books every month, unused roll over",Schibsted Grotesk,15.2px,400,normal,25.84px,normal,none,start,502,"rgb(242, 238, 255)","rgb(36, 31, 53)",none,none,"""Schibsted Grotesk"", ""Schibsted Grotesk Fallback"", ""Segoe UI"", system-ui, sans-serif"
uppgradera,en,desktop,p,,"14 days free, cancel anytime. Card required.",Schibsted Grotesk,15.2px,700,normal,23.56px,normal,none,start,502,"rgb(181, 172, 211)","rgb(95, 88, 120)",none,none,"""Schibsted Grotesk"", ""Schibsted Grotesk Fallback"", ""Segoe UI"", system-ui, sans-serif"
uppgradera,en,desktop,button,btn btn-primary,Try free for 14 days,Schibsted Grotesk,16.8px,700,normal,normal,normal,none,center,215,"rgb(58, 43, 16)","rgb(255, 255, 255)",none,none,"""Schibsted Grotesk"", ""Schibsted Grotesk Fallback"", ""Segoe UI"", system-ui, sans-serif"
uppgradera,en,desktop,button,trait,For schools,Schibsted Grotesk,14.08px,700,normal,normal,normal,none,center,114,"rgb(207, 197, 236)","rgb(95, 88, 120)",none,none,"""Schibsted Grotesk"", ""Schibsted Grotesk Fallback"", ""Segoe UI"", system-ui, sans-serif"
uppgradera,en,desktop,span,,"Tale Forge, storybooks that remember your world.",Schibsted Grotesk,14.4px,400,normal,normal,normal,none,start,334,"rgb(183, 169, 214)","rgb(95, 88, 120)",none,none,"""Schibsted Grotesk"", ""Schibsted Grotesk Fallback"", ""Segoe UI"", system-ui, sans-serif"
uppgradera,en,desktop,span,,Beta,Schibsted Grotesk,11.2px,400,normal,normal,0.336px,none,start,41,"rgb(183, 169, 214)","rgb(95, 88, 120)",none,none,"""Schibsted Grotesk"", ""Schibsted Grotesk Fallback"", ""Segoe UI"", system-ui, sans-serif"
uppgradera,en,desktop,span,,Version 16ab1756 · 26 Sep 2026,Schibsted Grotesk,12.8px,400,normal,normal,normal,none,start,385,"rgb(181, 172, 211)","rgb(95, 88, 120)",none,none,"""Schibsted Grotesk"", ""Schibsted Grotesk Fallback"", ""Segoe UI"", system-ui, sans-serif"
uppgradera,en,desktop,span,,"Tale Forge AB, reg. no. 559543-1122, Varnamo, Sweden",Schibsted Grotesk,14.4px,400,normal,normal,normal,none,start,364,"rgb(181, 172, 211)","rgb(95, 88, 120)",none,none,"""Schibsted Grotesk"", ""Schibsted Grotesk Fallback"", ""Segoe UI"", system-ui, sans-serif"
uppgradera,en,desktop,a,,Contact,Schibsted Grotesk,14.4px,400,normal,normal,normal,none,start,52,"rgb(181, 172, 211)","rgb(95, 88, 120)",none,none,"""Schibsted Grotesk"", ""Schibsted Grotesk Fallback"", ""Segoe UI"", system-ui, sans-serif"
uppgradera,en,desktop,a,,Privacy,Schibsted Grotesk,14.4px,400,normal,normal,normal,none,start,49,"rgb(181, 172, 211)","rgb(95, 88, 120)",none,none,"""Schibsted Grotesk"", ""Schibsted Grotesk Fallback"", ""Segoe UI"", system-ui, sans-serif"
uppgradera,en,desktop,a,,Terms,Schibsted Grotesk,14.4px,400,normal,normal,normal,none,start,41,"rgb(181, 172, 211)","rgb(95, 88, 120)",none,none,"""Schibsted Grotesk"", ""Schibsted Grotesk Fallback"", ""Segoe UI"", system-ui, sans-serif"
uppgradera,en,mobile,a,skip-link,Skip to content,Schibsted Grotesk,16px,800,normal,normal,normal,none,start,148,"rgb(36, 22, 8)","rgb(36, 22, 8)",none,none,"""Schibsted Grotesk"", ""Schibsted Grotesk Fallback"", ""Segoe UI"", system-ui, sans-serif"
uppgradera,en,mobile,a,logo,Tale Forge,Cinzel,16.8px,700,normal,normal,1.5px,uppercase,start,158,"rgb(245, 197, 66)","rgb(109, 79, 224)","rgba(5, 8, 20, 0.8) 0px 2px 6px, rgba(245, 197, 66, 0.45) 0px 0px 34px","rgba(36, 31, 53, 0.18) 0px 1px 2px, rgba(109, 79, 224, 0.32) 0px 0px 24px","Cinzel, ""Cinzel Fallback"", ""Playfair Display"", Georgia, serif"
uppgradera,en,mobile,a,,Login,Schibsted Grotesk,13.12px,700,normal,13.12px,normal,none,start,57,"rgb(181, 172, 211)","rgb(95, 88, 120)",none,none,"""Schibsted Grotesk"", ""Schibsted Grotesk Fallback"", ""Segoe UI"", system-ui, sans-serif"
uppgradera,en,mobile,a,,Pricing,Schibsted Grotesk,13.12px,700,normal,13.12px,normal,none,start,67,"rgb(181, 172, 211)","rgb(95, 88, 120)",none,none,"""Schibsted Grotesk"", ""Schibsted Grotesk Fallback"", ""Segoe UI"", system-ui, sans-serif"
uppgradera,en,mobile,button,,SV,Schibsted Grotesk,13.12px,700,normal,normal,0.2624px,none,center,44,"rgb(181, 172, 211)","rgb(95, 88, 120)",none,none,"""Schibsted Grotesk"", ""Schibsted Grotesk Fallback"", ""Segoe UI"", system-ui, sans-serif"
uppgradera,en,mobile,button,,EN,Schibsted Grotesk,13.12px,800,normal,normal,0.2624px,none,center,44,"rgb(58, 43, 16)","rgb(255, 255, 255)",none,none,"""Schibsted Grotesk"", ""Schibsted Grotesk Fallback"", ""Segoe UI"", system-ui, sans-serif"
uppgradera,en,mobile,span,tt-opt night,Night,Schibsted Grotesk,0px,700,normal,normal,normal,none,center,31,"rgb(58, 43, 16)","rgb(36, 31, 53)",none,none,"""Schibsted Grotesk"", ""Schibsted Grotesk Fallback"", ""Segoe UI"", system-ui, sans-serif"
uppgradera,en,mobile,span,tt-opt day,Morning,Schibsted Grotesk,0px,700,normal,normal,normal,none,center,31,"rgb(255, 243, 217)","rgb(255, 255, 255)",none,none,"""Schibsted Grotesk"", ""Schibsted Grotesk Fallback"", ""Segoe UI"", system-ui, sans-serif"
uppgradera,en,mobile,h1,page-title,Upgrade,Lora,24px,600,normal,25.44px,normal,none,start,96,"rgb(255, 247, 233)","rgb(36, 31, 53)","rgba(12, 8, 40, 0.35) 0px 2px 30px",none,"Lora, ""Lora Fallback"", Georgia, serif"
uppgradera,en,mobile,p,,"New personalized books every month, in a world that remember",Schibsted Grotesk,15.2px,400,normal,23.56px,normal,none,start,276,"rgb(181, 172, 211)","rgb(95, 88, 120)",none,none,"""Schibsted Grotesk"", ""Schibsted Grotesk Fallback"", ""Segoe UI"", system-ui, sans-serif"
uppgradera,en,mobile,h2,,What is included,Lora,24px,600,normal,normal,-0.24px,none,start,188,"rgb(255, 247, 233)","rgb(36, 31, 53)",none,none,"Lora, ""Lora Fallback"", Georgia, serif"
uppgradera,en,mobile,figcaption,upgrade-sample-caption,Sample book: Iris och den sparade platsen,Schibsted Grotesk,12.48px,400,normal,16.848px,normal,none,center,128,"rgb(242, 238, 255)","rgb(36, 31, 53)",none,none,"""Schibsted Grotesk"", ""Schibsted Grotesk Fallback"", ""Segoe UI"", system-ui, sans-serif"
uppgradera,en,mobile,li,,Personalized illustrated storybooks,Schibsted Grotesk,15.2px,400,normal,25.84px,normal,none,start,276,"rgb(242, 238, 255)","rgb(36, 31, 53)",none,none,"""Schibsted Grotesk"", ""Schibsted Grotesk Fallback"", ""Segoe UI"", system-ui, sans-serif"
uppgradera,en,mobile,li,,Meaningful choices that shape the story,Schibsted Grotesk,15.2px,400,normal,25.84px,normal,none,start,276,"rgb(242, 238, 255)","rgb(36, 31, 53)",none,none,"""Schibsted Grotesk"", ""Schibsted Grotesk Fallback"", ""Segoe UI"", system-ui, sans-serif"
uppgradera,en,mobile,button,trait,Monthly,Schibsted Grotesk,14.08px,700,normal,normal,normal,none,center,91,"rgb(207, 197, 236)","rgb(95, 88, 120)",none,none,"""Schibsted Grotesk"", ""Schibsted Grotesk Fallback"", ""Segoe UI"", system-ui, sans-serif"
uppgradera,en,mobile,button,trait on,Yearly,Schibsted Grotesk,14.08px,700,normal,normal,normal,none,center,77,"rgb(233, 226, 255)","rgb(74, 54, 168)",none,none,"""Schibsted Grotesk"", ""Schibsted Grotesk Fallback"", ""Segoe UI"", system-ui, sans-serif"
uppgradera,en,mobile,h2,,Family,Lora,24px,600,normal,normal,-0.24px,none,start,73,"rgb(255, 247, 233)","rgb(36, 31, 53)",none,none,"Lora, ""Lora Fallback"", Georgia, serif"
uppgradera,en,mobile,p,,For the family that wants to keep telling stories together.,Schibsted Grotesk,15.2px,400,normal,23.56px,normal,none,start,276,"rgb(181, 172, 211)","rgb(95, 88, 120)",none,none,"""Schibsted Grotesk"", ""Schibsted Grotesk Fallback"", ""Segoe UI"", system-ui, sans-serif"
uppgradera,en,mobile,p,,$149.00 per year,Lora,25.6px,700,normal,normal,normal,none,start,276,"rgb(242, 238, 255)","rgb(36, 31, 53)",none,none,"Lora, ""Lora Fallback"", Georgia, serif"
uppgradera,en,mobile,p,,$12.42 per month billed yearly,Schibsted Grotesk,15.2px,400,normal,23.56px,normal,none,start,276,"rgb(181, 172, 211)","rgb(95, 88, 120)",none,none,"""Schibsted Grotesk"", ""Schibsted Grotesk Fallback"", ""Segoe UI"", system-ui, sans-serif"
uppgradera,en,mobile,p,,"14 days free, cancel anytime. Card required.",Schibsted Grotesk,15.2px,700,normal,23.56px,normal,none,start,276,"rgb(181, 172, 211)","rgb(95, 88, 120)",none,none,"""Schibsted Grotesk"", ""Schibsted Grotesk Fallback"", ""Segoe UI"", system-ui, sans-serif"
uppgradera,en,mobile,button,btn btn-primary,Try free for 14 days,Schibsted Grotesk,16.8px,700,normal,normal,normal,none,center,215,"rgb(58, 43, 16)","rgb(255, 255, 255)",none,none,"""Schibsted Grotesk"", ""Schibsted Grotesk Fallback"", ""Segoe UI"", system-ui, sans-serif"
uppgradera,en,mobile,button,trait,For schools,Schibsted Grotesk,14.08px,700,normal,normal,normal,none,center,114,"rgb(207, 197, 236)","rgb(95, 88, 120)",none,none,"""Schibsted Grotesk"", ""Schibsted Grotesk Fallback"", ""Segoe UI"", system-ui, sans-serif"
uppgradera,en,mobile,span,,"Tale Forge, storybooks that remember your world.",Schibsted Grotesk,14.4px,400,normal,normal,normal,none,start,334,"rgb(183, 169, 214)","rgb(95, 88, 120)",none,none,"""Schibsted Grotesk"", ""Schibsted Grotesk Fallback"", ""Segoe UI"", system-ui, sans-serif"
uppgradera,en,mobile,span,,Beta,Schibsted Grotesk,11.2px,400,normal,normal,0.336px,none,start,41,"rgb(183, 169, 214)","rgb(95, 88, 120)",none,none,"""Schibsted Grotesk"", ""Schibsted Grotesk Fallback"", ""Segoe UI"", system-ui, sans-serif"
uppgradera,en,mobile,span,,Version 16ab1756 · 26 Sep 2026,Schibsted Grotesk,12.8px,400,normal,normal,normal,none,start,334,"rgb(181, 172, 211)","rgb(95, 88, 120)",none,none,"""Schibsted Grotesk"", ""Schibsted Grotesk Fallback"", ""Segoe UI"", system-ui, sans-serif"
uppgradera,en,mobile,span,,"Tale Forge AB, reg. no. 559543-1122, Varnamo, Sweden",Schibsted Grotesk,14.4px,400,normal,normal,normal,none,start,334,"rgb(181, 172, 211)","rgb(95, 88, 120)",none,none,"""Schibsted Grotesk"", ""Schibsted Grotesk Fallback"", ""Segoe UI"", system-ui, sans-serif"
uppgradera,en,mobile,a,,Contact,Schibsted Grotesk,14.4px,400,normal,normal,normal,none,start,52,"rgb(181, 172, 211)","rgb(95, 88, 120)",none,none,"""Schibsted Grotesk"", ""Schibsted Grotesk Fallback"", ""Segoe UI"", system-ui, sans-serif"
uppgradera,en,mobile,a,,Privacy,Schibsted Grotesk,14.4px,400,normal,normal,normal,none,start,49,"rgb(181, 172, 211)","rgb(95, 88, 120)",none,none,"""Schibsted Grotesk"", ""Schibsted Grotesk Fallback"", ""Segoe UI"", system-ui, sans-serif"
uppgradera,en,mobile,a,,Terms,Schibsted Grotesk,14.4px,400,normal,normal,normal,none,start,41,"rgb(181, 172, 211)","rgb(95, 88, 120)",none,none,"""Schibsted Grotesk"", ""Schibsted Grotesk Fallback"", ""Segoe UI"", system-ui, sans-serif"
uppgradera,sv,desktop,a,skip-link,Hoppa till innehållet,Schibsted Grotesk,16px,800,normal,normal,normal,none,start,188,"rgb(36, 22, 8)","rgb(36, 22, 8)",none,none,"""Schibsted Grotesk"", ""Schibsted Grotesk Fallback"", ""Segoe UI"", system-ui, sans-serif"
uppgradera,sv,desktop,a,logo,Tale Forge,Cinzel,27.52px,700,normal,normal,3px,uppercase,start,261,"rgb(245, 197, 66)","rgb(109, 79, 224)","rgba(5, 8, 20, 0.8) 0px 2px 6px, rgba(245, 197, 66, 0.45) 0px 0px 34px","rgba(36, 31, 53, 0.18) 0px 1px 2px, rgba(109, 79, 224, 0.32) 0px 0px 24px","Cinzel, ""Cinzel Fallback"", ""Playfair Display"", Georgia, serif"
uppgradera,sv,desktop,a,,Logga in,Schibsted Grotesk,13.12px,700,normal,13.12px,normal,none,start,75,"rgb(181, 172, 211)","rgb(95, 88, 120)",none,none,"""Schibsted Grotesk"", ""Schibsted Grotesk Fallback"", ""Segoe UI"", system-ui, sans-serif"
uppgradera,sv,desktop,a,,Priser,Schibsted Grotesk,13.12px,700,normal,13.12px,normal,none,start,61,"rgb(181, 172, 211)","rgb(95, 88, 120)",none,none,"""Schibsted Grotesk"", ""Schibsted Grotesk Fallback"", ""Segoe UI"", system-ui, sans-serif"
uppgradera,sv,desktop,button,,SV,Schibsted Grotesk,13.12px,800,normal,normal,0.2624px,none,center,44,"rgb(58, 43, 16)","rgb(255, 255, 255)",none,none,"""Schibsted Grotesk"", ""Schibsted Grotesk Fallback"", ""Segoe UI"", system-ui, sans-serif"
uppgradera,sv,desktop,button,,EN,Schibsted Grotesk,13.12px,700,normal,normal,0.2624px,none,center,44,"rgb(181, 172, 211)","rgb(95, 88, 120)",none,none,"""Schibsted Grotesk"", ""Schibsted Grotesk Fallback"", ""Segoe UI"", system-ui, sans-serif"
uppgradera,sv,desktop,span,tt-opt night,Natt,Schibsted Grotesk,15.2px,700,normal,normal,normal,none,center,82,"rgb(58, 43, 16)","rgb(36, 31, 53)",none,none,"""Schibsted Grotesk"", ""Schibsted Grotesk Fallback"", ""Segoe UI"", system-ui, sans-serif"
uppgradera,sv,desktop,span,tt-opt day,Morgon,Schibsted Grotesk,15.2px,700,normal,normal,normal,none,center,107,"rgb(255, 243, 217)","rgb(255, 255, 255)",none,none,"""Schibsted Grotesk"", ""Schibsted Grotesk Fallback"", ""Segoe UI"", system-ui, sans-serif"
uppgradera,sv,desktop,h1,page-title,Uppgradera,Lora,32px,600,normal,33.92px,normal,none,start,179,"rgb(255, 247, 233)","rgb(36, 31, 53)","rgba(12, 8, 40, 0.35) 0px 2px 30px",none,"Lora, ""Lora Fallback"", Georgia, serif"
uppgradera,sv,desktop,p,,"Nya personliga böcker varje månad, i en värld som minns. Ing",Schibsted Grotesk,15.2px,400,normal,23.56px,normal,none,start,502,"rgb(181, 172, 211)","rgb(95, 88, 120)",none,none,"""Schibsted Grotesk"", ""Schibsted Grotesk Fallback"", ""Segoe UI"", system-ui, sans-serif"
uppgradera,sv,desktop,h2,,Det här ingår,Lora,32px,600,normal,normal,-0.32px,none,start,197,"rgb(255, 247, 233)","rgb(36, 31, 53)",none,none,"Lora, ""Lora Fallback"", Georgia, serif"
uppgradera,sv,desktop,figcaption,upgrade-sample-caption,Exempelbok: Iris och den sparade platsen,Schibsted Grotesk,12.48px,400,normal,16.848px,normal,none,center,112,"rgb(242, 238, 255)","rgb(36, 31, 53)",none,none,"""Schibsted Grotesk"", ""Schibsted Grotesk Fallback"", ""Segoe UI"", system-ui, sans-serif"
uppgradera,sv,desktop,li,,"Personliga, illustrerade sagoböcker",Schibsted Grotesk,15.2px,400,normal,25.84px,normal,none,start,370,"rgb(242, 238, 255)","rgb(36, 31, 53)",none,none,"""Schibsted Grotesk"", ""Schibsted Grotesk Fallback"", ""Segoe UI"", system-ui, sans-serif"
uppgradera,sv,desktop,button,trait,Månadsvis,Schibsted Grotesk,14.08px,700,normal,normal,normal,none,center,109,"rgb(207, 197, 236)","rgb(95, 88, 120)",none,none,"""Schibsted Grotesk"", ""Schibsted Grotesk Fallback"", ""Segoe UI"", system-ui, sans-serif"
uppgradera,sv,desktop,button,trait on,Årsvis,Schibsted Grotesk,14.08px,700,normal,normal,normal,none,center,78,"rgb(233, 226, 255)","rgb(74, 54, 168)",none,none,"""Schibsted Grotesk"", ""Schibsted Grotesk Fallback"", ""Segoe UI"", system-ui, sans-serif"
uppgradera,sv,desktop,h2,,Familj,Lora,32px,600,normal,normal,-0.32px,none,start,89,"rgb(255, 247, 233)","rgb(36, 31, 53)",none,none,"Lora, ""Lora Fallback"", Georgia, serif"
uppgradera,sv,desktop,p,,För familjen som vill fortsätta berätta tillsammans.,Schibsted Grotesk,15.2px,400,normal,23.56px,normal,none,start,502,"rgb(181, 172, 211)","rgb(95, 88, 120)",none,none,"""Schibsted Grotesk"", ""Schibsted Grotesk Fallback"", ""Segoe UI"", system-ui, sans-serif"
uppgradera,sv,desktop,p,,1490 kr per år,Lora,25.6px,700,normal,normal,normal,none,start,502,"rgb(242, 238, 255)","rgb(36, 31, 53)",none,none,"Lora, ""Lora Fallback"", Georgia, serif"
uppgradera,sv,desktop,li,,"3 nya böcker varje månad, oanvända följer med",Schibsted Grotesk,15.2px,400,normal,25.84px,normal,none,start,502,"rgb(242, 238, 255)","rgb(36, 31, 53)",none,none,"""Schibsted Grotesk"", ""Schibsted Grotesk Fallback"", ""Segoe UI"", system-ui, sans-serif"
uppgradera,sv,desktop,p,,"14 dagar gratis, avsluta när du vill. Kort krävs.",Schibsted Grotesk,15.2px,700,normal,23.56px,normal,none,start,502,"rgb(181, 172, 211)","rgb(95, 88, 120)",none,none,"""Schibsted Grotesk"", ""Schibsted Grotesk Fallback"", ""Segoe UI"", system-ui, sans-serif"
uppgradera,sv,desktop,button,btn btn-primary,Prova gratis i 14 dagar,Schibsted Grotesk,16.8px,700,normal,normal,normal,none,center,239,"rgb(58, 43, 16)","rgb(255, 255, 255)",none,none,"""Schibsted Grotesk"", ""Schibsted Grotesk Fallback"", ""Segoe UI"", system-ui, sans-serif"
uppgradera,sv,desktop,button,trait,För skolor,Schibsted Grotesk,14.08px,700,normal,normal,normal,none,center,104,"rgb(207, 197, 236)","rgb(95, 88, 120)",none,none,"""Schibsted Grotesk"", ""Schibsted Grotesk Fallback"", ""Segoe UI"", system-ui, sans-serif"
uppgradera,sv,desktop,span,,"Tale Forge, sagor som minns er värld.",Schibsted Grotesk,14.4px,400,normal,normal,normal,none,start,249,"rgb(183, 169, 214)","rgb(95, 88, 120)",none,none,"""Schibsted Grotesk"", ""Schibsted Grotesk Fallback"", ""Segoe UI"", system-ui, sans-serif"
uppgradera,sv,desktop,span,,Beta,Schibsted Grotesk,11.2px,400,normal,normal,0.336px,none,start,41,"rgb(183, 169, 214)","rgb(95, 88, 120)",none,none,"""Schibsted Grotesk"", ""Schibsted Grotesk Fallback"", ""Segoe UI"", system-ui, sans-serif"
uppgradera,sv,desktop,span,,Version 16ab1756 · 26 sep. 2026,Schibsted Grotesk,12.8px,400,normal,normal,normal,none,start,300,"rgb(181, 172, 211)","rgb(95, 88, 120)",none,none,"""Schibsted Grotesk"", ""Schibsted Grotesk Fallback"", ""Segoe UI"", system-ui, sans-serif"
uppgradera,sv,desktop,span,,"Tale Forge AB, org.nr 559543-1122, Värnamo, Sverige",Schibsted Grotesk,14.4px,400,normal,normal,normal,none,start,351,"rgb(181, 172, 211)","rgb(95, 88, 120)",none,none,"""Schibsted Grotesk"", ""Schibsted Grotesk Fallback"", ""Segoe UI"", system-ui, sans-serif"
uppgradera,sv,desktop,a,,Kontakt,Schibsted Grotesk,14.4px,400,normal,normal,normal,none,start,51,"rgb(181, 172, 211)","rgb(95, 88, 120)",none,none,"""Schibsted Grotesk"", ""Schibsted Grotesk Fallback"", ""Segoe UI"", system-ui, sans-serif"
uppgradera,sv,desktop,a,,Integritet,Schibsted Grotesk,14.4px,400,normal,normal,normal,none,start,61,"rgb(181, 172, 211)","rgb(95, 88, 120)",none,none,"""Schibsted Grotesk"", ""Schibsted Grotesk Fallback"", ""Segoe UI"", system-ui, sans-serif"
uppgradera,sv,desktop,a,,Villkor,Schibsted Grotesk,14.4px,400,normal,normal,normal,none,start,43,"rgb(181, 172, 211)","rgb(95, 88, 120)",none,none,"""Schibsted Grotesk"", ""Schibsted Grotesk Fallback"", ""Segoe UI"", system-ui, sans-serif"
uppgradera,sv,mobile,a,skip-link,Hoppa till innehållet,Schibsted Grotesk,16px,800,normal,normal,normal,none,start,188,"rgb(36, 22, 8)","rgb(36, 22, 8)",none,none,"""Schibsted Grotesk"", ""Schibsted Grotesk Fallback"", ""Segoe UI"", system-ui, sans-serif"
uppgradera,sv,mobile,a,logo,Tale Forge,Cinzel,16.8px,700,normal,normal,1.5px,uppercase,start,158,"rgb(245, 197, 66)","rgb(109, 79, 224)","rgba(5, 8, 20, 0.8) 0px 2px 6px, rgba(245, 197, 66, 0.45) 0px 0px 34px","rgba(36, 31, 53, 0.18) 0px 1px 2px, rgba(109, 79, 224, 0.32) 0px 0px 24px","Cinzel, ""Cinzel Fallback"", ""Playfair Display"", Georgia, serif"
uppgradera,sv,mobile,a,,Logga in,Schibsted Grotesk,13.12px,700,normal,13.12px,normal,none,start,75,"rgb(181, 172, 211)","rgb(95, 88, 120)",none,none,"""Schibsted Grotesk"", ""Schibsted Grotesk Fallback"", ""Segoe UI"", system-ui, sans-serif"
uppgradera,sv,mobile,a,,Priser,Schibsted Grotesk,13.12px,700,normal,13.12px,normal,none,start,61,"rgb(181, 172, 211)","rgb(95, 88, 120)",none,none,"""Schibsted Grotesk"", ""Schibsted Grotesk Fallback"", ""Segoe UI"", system-ui, sans-serif"
uppgradera,sv,mobile,button,,SV,Schibsted Grotesk,13.12px,800,normal,normal,0.2624px,none,center,44,"rgb(58, 43, 16)","rgb(255, 255, 255)",none,none,"""Schibsted Grotesk"", ""Schibsted Grotesk Fallback"", ""Segoe UI"", system-ui, sans-serif"
uppgradera,sv,mobile,button,,EN,Schibsted Grotesk,13.12px,700,normal,normal,0.2624px,none,center,44,"rgb(181, 172, 211)","rgb(95, 88, 120)",none,none,"""Schibsted Grotesk"", ""Schibsted Grotesk Fallback"", ""Segoe UI"", system-ui, sans-serif"
uppgradera,sv,mobile,span,tt-opt night,Natt,Schibsted Grotesk,0px,700,normal,normal,normal,none,center,31,"rgb(58, 43, 16)","rgb(36, 31, 53)",none,none,"""Schibsted Grotesk"", ""Schibsted Grotesk Fallback"", ""Segoe UI"", system-ui, sans-serif"
uppgradera,sv,mobile,span,tt-opt day,Morgon,Schibsted Grotesk,0px,700,normal,normal,normal,none,center,31,"rgb(255, 243, 217)","rgb(255, 255, 255)",none,none,"""Schibsted Grotesk"", ""Schibsted Grotesk Fallback"", ""Segoe UI"", system-ui, sans-serif"
uppgradera,sv,mobile,h1,page-title,Uppgradera,Lora,24px,600,normal,25.44px,normal,none,start,134,"rgb(255, 247, 233)","rgb(36, 31, 53)","rgba(12, 8, 40, 0.35) 0px 2px 30px",none,"Lora, ""Lora Fallback"", Georgia, serif"
uppgradera,sv,mobile,p,,"Nya personliga böcker varje månad, i en värld som minns. Ing",Schibsted Grotesk,15.2px,400,normal,23.56px,normal,none,start,276,"rgb(181, 172, 211)","rgb(95, 88, 120)",none,none,"""Schibsted Grotesk"", ""Schibsted Grotesk Fallback"", ""Segoe UI"", system-ui, sans-serif"
uppgradera,sv,mobile,h2,,Det här ingår,Lora,24px,600,normal,normal,-0.24px,none,start,148,"rgb(255, 247, 233)","rgb(36, 31, 53)",none,none,"Lora, ""Lora Fallback"", Georgia, serif"
uppgradera,sv,mobile,figcaption,upgrade-sample-caption,Exempelbok: Iris och den sparade platsen,Schibsted Grotesk,12.48px,400,normal,16.848px,normal,none,center,128,"rgb(242, 238, 255)","rgb(36, 31, 53)",none,none,"""Schibsted Grotesk"", ""Schibsted Grotesk Fallback"", ""Segoe UI"", system-ui, sans-serif"
uppgradera,sv,mobile,li,,"Personliga, illustrerade sagoböcker",Schibsted Grotesk,15.2px,400,normal,25.84px,normal,none,start,276,"rgb(242, 238, 255)","rgb(36, 31, 53)",none,none,"""Schibsted Grotesk"", ""Schibsted Grotesk Fallback"", ""Segoe UI"", system-ui, sans-serif"
uppgradera,sv,mobile,li,,Meningsfulla val som formar berättelsen,Schibsted Grotesk,15.2px,400,normal,25.84px,normal,none,start,276,"rgb(242, 238, 255)","rgb(36, 31, 53)",none,none,"""Schibsted Grotesk"", ""Schibsted Grotesk Fallback"", ""Segoe UI"", system-ui, sans-serif"
uppgradera,sv,mobile,button,trait,Månadsvis,Schibsted Grotesk,14.08px,700,normal,normal,normal,none,center,109,"rgb(207, 197, 236)","rgb(95, 88, 120)",none,none,"""Schibsted Grotesk"", ""Schibsted Grotesk Fallback"", ""Segoe UI"", system-ui, sans-serif"
uppgradera,sv,mobile,button,trait on,Årsvis,Schibsted Grotesk,14.08px,700,normal,normal,normal,none,center,78,"rgb(233, 226, 255)","rgb(74, 54, 168)",none,none,"""Schibsted Grotesk"", ""Schibsted Grotesk Fallback"", ""Segoe UI"", system-ui, sans-serif"
uppgradera,sv,mobile,h2,,Familj,Lora,24px,600,normal,normal,-0.24px,none,start,67,"rgb(255, 247, 233)","rgb(36, 31, 53)",none,none,"Lora, ""Lora Fallback"", Georgia, serif"
uppgradera,sv,mobile,p,,För familjen som vill fortsätta berätta tillsammans.,Schibsted Grotesk,15.2px,400,normal,23.56px,normal,none,start,276,"rgb(181, 172, 211)","rgb(95, 88, 120)",none,none,"""Schibsted Grotesk"", ""Schibsted Grotesk Fallback"", ""Segoe UI"", system-ui, sans-serif"
uppgradera,sv,mobile,p,,1490 kr per år,Lora,25.6px,700,normal,normal,normal,none,start,276,"rgb(242, 238, 255)","rgb(36, 31, 53)",none,none,"Lora, ""Lora Fallback"", Georgia, serif"
uppgradera,sv,mobile,p,,124 kr per månad vid årsbetalning,Schibsted Grotesk,15.2px,400,normal,23.56px,normal,none,start,276,"rgb(181, 172, 211)","rgb(95, 88, 120)",none,none,"""Schibsted Grotesk"", ""Schibsted Grotesk Fallback"", ""Segoe UI"", system-ui, sans-serif"
uppgradera,sv,mobile,p,,"14 dagar gratis, avsluta när du vill. Kort krävs.",Schibsted Grotesk,15.2px,700,normal,23.56px,normal,none,start,276,"rgb(181, 172, 211)","rgb(95, 88, 120)",none,none,"""Schibsted Grotesk"", ""Schibsted Grotesk Fallback"", ""Segoe UI"", system-ui, sans-serif"
uppgradera,sv,mobile,button,btn btn-primary,Prova gratis i 14 dagar,Schibsted Grotesk,16.8px,700,normal,normal,normal,none,center,239,"rgb(58, 43, 16)","rgb(255, 255, 255)",none,none,"""Schibsted Grotesk"", ""Schibsted Grotesk Fallback"", ""Segoe UI"", system-ui, sans-serif"
uppgradera,sv,mobile,button,trait,För skolor,Schibsted Grotesk,14.08px,700,normal,normal,normal,none,center,104,"rgb(207, 197, 236)","rgb(95, 88, 120)",none,none,"""Schibsted Grotesk"", ""Schibsted Grotesk Fallback"", ""Segoe UI"", system-ui, sans-serif"
uppgradera,sv,mobile,span,,"Tale Forge, sagor som minns er värld.",Schibsted Grotesk,14.4px,400,normal,normal,normal,none,start,249,"rgb(183, 169, 214)","rgb(95, 88, 120)",none,none,"""Schibsted Grotesk"", ""Schibsted Grotesk Fallback"", ""Segoe UI"", system-ui, sans-serif"
uppgradera,sv,mobile,span,,Beta,Schibsted Grotesk,11.2px,400,normal,normal,0.336px,none,start,41,"rgb(183, 169, 214)","rgb(95, 88, 120)",none,none,"""Schibsted Grotesk"", ""Schibsted Grotesk Fallback"", ""Segoe UI"", system-ui, sans-serif"
uppgradera,sv,mobile,span,,Version 16ab1756 · 26 sep. 2026,Schibsted Grotesk,12.8px,400,normal,normal,normal,none,start,300,"rgb(181, 172, 211)","rgb(95, 88, 120)",none,none,"""Schibsted Grotesk"", ""Schibsted Grotesk Fallback"", ""Segoe UI"", system-ui, sans-serif"
uppgradera,sv,mobile,span,,"Tale Forge AB, org.nr 559543-1122, Värnamo, Sverige",Schibsted Grotesk,14.4px,400,normal,normal,normal,none,start,334,"rgb(181, 172, 211)","rgb(95, 88, 120)",none,none,"""Schibsted Grotesk"", ""Schibsted Grotesk Fallback"", ""Segoe UI"", system-ui, sans-serif"
uppgradera,sv,mobile,a,,Kontakt,Schibsted Grotesk,14.4px,400,normal,normal,normal,none,start,51,"rgb(181, 172, 211)","rgb(95, 88, 120)",none,none,"""Schibsted Grotesk"", ""Schibsted Grotesk Fallback"", ""Segoe UI"", system-ui, sans-serif"
uppgradera,sv,mobile,a,,Integritet,Schibsted Grotesk,14.4px,400,normal,normal,normal,none,start,61,"rgb(181, 172, 211)","rgb(95, 88, 120)",none,none,"""Schibsted Grotesk"", ""Schibsted Grotesk Fallback"", ""Segoe UI"", system-ui, sans-serif"
uppgradera,sv,mobile,a,,Villkor,Schibsted Grotesk,14.4px,400,normal,normal,normal,none,start,43,"rgb(181, 172, 211)","rgb(95, 88, 120)",none,none,"""Schibsted Grotesk"", ""Schibsted Grotesk Fallback"", ""Segoe UI"", system-ui, sans-serif"
villkor,en,desktop,a,skip-link,Skip to content,Schibsted Grotesk,16px,800,normal,normal,normal,none,start,148,"rgb(36, 22, 8)","rgb(36, 22, 8)",none,none,"""Schibsted Grotesk"", ""Schibsted Grotesk Fallback"", ""Segoe UI"", system-ui, sans-serif"
villkor,en,desktop,a,logo,Tale Forge,Cinzel,27.52px,700,normal,normal,3px,uppercase,start,261,"rgb(245, 197, 66)","rgb(109, 79, 224)","rgba(5, 8, 20, 0.8) 0px 2px 6px, rgba(245, 197, 66, 0.45) 0px 0px 34px","rgba(36, 31, 53, 0.18) 0px 1px 2px, rgba(109, 79, 224, 0.32) 0px 0px 24px","Cinzel, ""Cinzel Fallback"", ""Playfair Display"", Georgia, serif"
villkor,en,desktop,a,,Login,Schibsted Grotesk,13.12px,700,normal,13.12px,normal,none,start,57,"rgb(181, 172, 211)","rgb(95, 88, 120)",none,none,"""Schibsted Grotesk"", ""Schibsted Grotesk Fallback"", ""Segoe UI"", system-ui, sans-serif"
villkor,en,desktop,a,,Pricing,Schibsted Grotesk,13.12px,700,normal,13.12px,normal,none,start,67,"rgb(181, 172, 211)","rgb(95, 88, 120)",none,none,"""Schibsted Grotesk"", ""Schibsted Grotesk Fallback"", ""Segoe UI"", system-ui, sans-serif"
villkor,en,desktop,button,,SV,Schibsted Grotesk,13.12px,700,normal,normal,0.2624px,none,center,44,"rgb(181, 172, 211)","rgb(95, 88, 120)",none,none,"""Schibsted Grotesk"", ""Schibsted Grotesk Fallback"", ""Segoe UI"", system-ui, sans-serif"
villkor,en,desktop,button,,EN,Schibsted Grotesk,13.12px,800,normal,normal,0.2624px,none,center,44,"rgb(58, 43, 16)","rgb(255, 255, 255)",none,none,"""Schibsted Grotesk"", ""Schibsted Grotesk Fallback"", ""Segoe UI"", system-ui, sans-serif"
villkor,en,desktop,span,tt-opt night,Night,Schibsted Grotesk,15.2px,700,normal,normal,normal,none,center,90,"rgb(58, 43, 16)","rgb(36, 31, 53)",none,none,"""Schibsted Grotesk"", ""Schibsted Grotesk Fallback"", ""Segoe UI"", system-ui, sans-serif"
villkor,en,desktop,span,tt-opt day,Morning,Schibsted Grotesk,15.2px,700,normal,normal,normal,none,center,112,"rgb(255, 243, 217)","rgb(255, 255, 255)",none,none,"""Schibsted Grotesk"", ""Schibsted Grotesk Fallback"", ""Segoe UI"", system-ui, sans-serif"
villkor,en,desktop,h1,page-title,Terms of service,Lora,32px,600,normal,33.92px,normal,none,start,251,"rgb(255, 247, 233)","rgb(36, 31, 53)","rgba(12, 8, 40, 0.35) 0px 2px 30px",none,"Lora, ""Lora Fallback"", Georgia, serif"
villkor,en,desktop,p,lede,Plain terms for using Tale Forge. The same text appears in E,Source Serif 4,16.32px,400,normal,26.928px,normal,none,start,397,"rgb(181, 172, 211)","rgb(95, 88, 120)",none,none,"""Source Serif 4"", ""Source Serif 4 Fallback"", Georgia, serif"
villkor,en,desktop,span,,English,Schibsted Grotesk,12.48px,800,normal,normal,0.9984px,uppercase,start,91,"rgb(181, 172, 211)","rgb(95, 88, 120)",none,none,"""Schibsted Grotesk"", ""Schibsted Grotesk Fallback"", ""Segoe UI"", system-ui, sans-serif"
villkor,en,desktop,h3,,In short,Schibsted Grotesk,16.32px,800,normal,normal,normal,none,start,690,"rgb(242, 238, 255)","rgb(36, 31, 53)",none,none,"""Schibsted Grotesk"", ""Schibsted Grotesk Fallback"", ""Segoe UI"", system-ui, sans-serif"
villkor,en,desktop,p,prose-plain,"We are Tale Forge AB, a small Swedish company in Värnamo (or",Source Serif 4,16.8px,400,normal,28.56px,normal,none,start,690,"rgb(181, 172, 211)","rgb(95, 88, 120)",none,none,"""Source Serif 4"", ""Source Serif 4 Fallback"", Georgia, serif"
villkor,en,desktop,a,,kevin@tale-forge.app,Source Serif 4,16.8px,700,normal,28.56px,normal,none,start,173,"rgb(245, 197, 66)","rgb(109, 79, 224)",none,none,"""Source Serif 4"", ""Source Serif 4 Fallback"", Georgia, serif"
villkor,en,desktop,p,prose-plain,The free plan lets you create one book for one child. The Fa,Source Serif 4,16.8px,400,normal,28.56px,normal,none,start,690,"rgb(181, 172, 211)","rgb(95, 88, 120)",none,none,"""Source Serif 4"", ""Source Serif 4 Fallback"", Georgia, serif"
villkor,en,desktop,p,prose-plain,No lock-in: you can cancel at any time. The plan then runs t,Source Serif 4,16.8px,400,normal,28.56px,normal,none,start,690,"rgb(181, 172, 211)","rgb(95, 88, 120)",none,none,"""Source Serif 4"", ""Source Serif 4 Fallback"", Georgia, serif"
villkor,en,desktop,p,prose-plain,As a consumer in the EU you have a 14-day right of withdrawa,Source Serif 4,16.8px,400,normal,28.56px,normal,none,start,690,"rgb(181, 172, 211)","rgb(95, 88, 120)",none,none,"""Source Serif 4"", ""Source Serif 4 Fallback"", Georgia, serif"
villkor,en,desktop,p,prose-plain,"The account is created by an adult at the school, who accept",Source Serif 4,16.8px,400,normal,28.56px,normal,none,start,690,"rgb(181, 172, 211)","rgb(95, 88, 120)",none,none,"""Source Serif 4"", ""Source Serif 4 Fallback"", Georgia, serif"
villkor,en,desktop,summary,,Läs på svenska,Schibsted Grotesk,16px,800,normal,normal,normal,none,start,690,"rgb(245, 197, 66)","rgb(109, 79, 224)",none,none,"""Schibsted Grotesk"", ""Schibsted Grotesk Fallback"", ""Segoe UI"", system-ui, sans-serif"
villkor,en,desktop,span,,Svenska,Schibsted Grotesk,12.48px,800,normal,normal,0.9984px,uppercase,start,95,"rgb(181, 172, 211)","rgb(95, 88, 120)",none,none,"""Schibsted Grotesk"", ""Schibsted Grotesk Fallback"", ""Segoe UI"", system-ui, sans-serif"
villkor,en,desktop,span,,"Tale Forge, storybooks that remember your world.",Schibsted Grotesk,14.4px,400,normal,normal,normal,none,start,334,"rgb(183, 169, 214)","rgb(95, 88, 120)",none,none,"""Schibsted Grotesk"", ""Schibsted Grotesk Fallback"", ""Segoe UI"", system-ui, sans-serif"
villkor,en,desktop,span,,Beta,Schibsted Grotesk,11.2px,400,normal,normal,0.336px,none,start,41,"rgb(183, 169, 214)","rgb(95, 88, 120)",none,none,"""Schibsted Grotesk"", ""Schibsted Grotesk Fallback"", ""Segoe UI"", system-ui, sans-serif"
villkor,en,desktop,span,,Version 16ab1756 · 26 Sep 2026,Schibsted Grotesk,12.8px,400,normal,normal,normal,none,start,385,"rgb(181, 172, 211)","rgb(95, 88, 120)",none,none,"""Schibsted Grotesk"", ""Schibsted Grotesk Fallback"", ""Segoe UI"", system-ui, sans-serif"
villkor,en,desktop,span,,"Tale Forge AB, reg. no. 559543-1122, Varnamo, Sweden",Schibsted Grotesk,14.4px,400,normal,normal,normal,none,start,364,"rgb(181, 172, 211)","rgb(95, 88, 120)",none,none,"""Schibsted Grotesk"", ""Schibsted Grotesk Fallback"", ""Segoe UI"", system-ui, sans-serif"
villkor,en,desktop,a,,Contact,Schibsted Grotesk,14.4px,400,normal,normal,normal,none,start,52,"rgb(181, 172, 211)","rgb(95, 88, 120)",none,none,"""Schibsted Grotesk"", ""Schibsted Grotesk Fallback"", ""Segoe UI"", system-ui, sans-serif"
villkor,en,desktop,a,,Privacy,Schibsted Grotesk,14.4px,400,normal,normal,normal,none,start,49,"rgb(181, 172, 211)","rgb(95, 88, 120)",none,none,"""Schibsted Grotesk"", ""Schibsted Grotesk Fallback"", ""Segoe UI"", system-ui, sans-serif"
villkor,en,desktop,a,,Terms,Schibsted Grotesk,14.4px,400,normal,normal,normal,none,start,41,"rgb(181, 172, 211)","rgb(95, 88, 120)",none,none,"""Schibsted Grotesk"", ""Schibsted Grotesk Fallback"", ""Segoe UI"", system-ui, sans-serif"
villkor,en,mobile,a,skip-link,Skip to content,Schibsted Grotesk,16px,800,normal,normal,normal,none,start,148,"rgb(36, 22, 8)","rgb(36, 22, 8)",none,none,"""Schibsted Grotesk"", ""Schibsted Grotesk Fallback"", ""Segoe UI"", system-ui, sans-serif"
villkor,en,mobile,a,logo,Tale Forge,Cinzel,16.8px,700,normal,normal,1.5px,uppercase,start,158,"rgb(245, 197, 66)","rgb(109, 79, 224)","rgba(5, 8, 20, 0.8) 0px 2px 6px, rgba(245, 197, 66, 0.45) 0px 0px 34px","rgba(36, 31, 53, 0.18) 0px 1px 2px, rgba(109, 79, 224, 0.32) 0px 0px 24px","Cinzel, ""Cinzel Fallback"", ""Playfair Display"", Georgia, serif"
villkor,en,mobile,a,,Login,Schibsted Grotesk,13.12px,700,normal,13.12px,normal,none,start,57,"rgb(181, 172, 211)","rgb(95, 88, 120)",none,none,"""Schibsted Grotesk"", ""Schibsted Grotesk Fallback"", ""Segoe UI"", system-ui, sans-serif"
villkor,en,mobile,a,,Pricing,Schibsted Grotesk,13.12px,700,normal,13.12px,normal,none,start,67,"rgb(181, 172, 211)","rgb(95, 88, 120)",none,none,"""Schibsted Grotesk"", ""Schibsted Grotesk Fallback"", ""Segoe UI"", system-ui, sans-serif"
villkor,en,mobile,button,,SV,Schibsted Grotesk,13.12px,700,normal,normal,0.2624px,none,center,44,"rgb(181, 172, 211)","rgb(95, 88, 120)",none,none,"""Schibsted Grotesk"", ""Schibsted Grotesk Fallback"", ""Segoe UI"", system-ui, sans-serif"
villkor,en,mobile,button,,EN,Schibsted Grotesk,13.12px,800,normal,normal,0.2624px,none,center,44,"rgb(58, 43, 16)","rgb(255, 255, 255)",none,none,"""Schibsted Grotesk"", ""Schibsted Grotesk Fallback"", ""Segoe UI"", system-ui, sans-serif"
villkor,en,mobile,span,tt-opt night,Night,Schibsted Grotesk,0px,700,normal,normal,normal,none,center,31,"rgb(58, 43, 16)","rgb(36, 31, 53)",none,none,"""Schibsted Grotesk"", ""Schibsted Grotesk Fallback"", ""Segoe UI"", system-ui, sans-serif"
villkor,en,mobile,span,tt-opt day,Morning,Schibsted Grotesk,0px,700,normal,normal,normal,none,center,31,"rgb(255, 243, 217)","rgb(255, 255, 255)",none,none,"""Schibsted Grotesk"", ""Schibsted Grotesk Fallback"", ""Segoe UI"", system-ui, sans-serif"
villkor,en,mobile,h1,page-title,Terms of service,Lora,24px,600,normal,25.44px,normal,none,start,188,"rgb(255, 247, 233)","rgb(36, 31, 53)","rgba(12, 8, 40, 0.35) 0px 2px 30px",none,"Lora, ""Lora Fallback"", Georgia, serif"
villkor,en,mobile,p,lede,Plain terms for using Tale Forge. The same text appears in E,Source Serif 4,16.32px,400,normal,26.928px,normal,none,start,264,"rgb(181, 172, 211)","rgb(95, 88, 120)",none,none,"""Source Serif 4"", ""Source Serif 4 Fallback"", Georgia, serif"
villkor,en,mobile,span,,English,Schibsted Grotesk,12.48px,800,normal,normal,0.9984px,uppercase,start,91,"rgb(181, 172, 211)","rgb(95, 88, 120)",none,none,"""Schibsted Grotesk"", ""Schibsted Grotesk Fallback"", ""Segoe UI"", system-ui, sans-serif"
villkor,en,mobile,h3,,In short,Schibsted Grotesk,16.32px,800,normal,normal,normal,none,start,264,"rgb(242, 238, 255)","rgb(36, 31, 53)",none,none,"""Schibsted Grotesk"", ""Schibsted Grotesk Fallback"", ""Segoe UI"", system-ui, sans-serif"
villkor,en,mobile,p,prose-plain,"We are Tale Forge AB, a small Swedish company in Värnamo (or",Source Serif 4,16.8px,400,normal,28.56px,normal,none,start,264,"rgb(181, 172, 211)","rgb(95, 88, 120)",none,none,"""Source Serif 4"", ""Source Serif 4 Fallback"", Georgia, serif"
villkor,en,mobile,a,,kevin@tale-forge.app,Source Serif 4,16.8px,700,normal,28.56px,normal,none,start,233,"rgb(245, 197, 66)","rgb(109, 79, 224)",none,none,"""Source Serif 4"", ""Source Serif 4 Fallback"", Georgia, serif"
villkor,en,mobile,p,prose-plain,The free plan lets you create one book for one child. The Fa,Source Serif 4,16.8px,400,normal,28.56px,normal,none,start,264,"rgb(181, 172, 211)","rgb(95, 88, 120)",none,none,"""Source Serif 4"", ""Source Serif 4 Fallback"", Georgia, serif"
villkor,en,mobile,p,prose-plain,No lock-in: you can cancel at any time. The plan then runs t,Source Serif 4,16.8px,400,normal,28.56px,normal,none,start,264,"rgb(181, 172, 211)","rgb(95, 88, 120)",none,none,"""Source Serif 4"", ""Source Serif 4 Fallback"", Georgia, serif"
villkor,en,mobile,p,prose-plain,As a consumer in the EU you have a 14-day right of withdrawa,Source Serif 4,16.8px,400,normal,28.56px,normal,none,start,264,"rgb(181, 172, 211)","rgb(95, 88, 120)",none,none,"""Source Serif 4"", ""Source Serif 4 Fallback"", Georgia, serif"
villkor,en,mobile,p,prose-plain,"The account is created by an adult at the school, who accept",Source Serif 4,16.8px,400,normal,28.56px,normal,none,start,264,"rgb(181, 172, 211)","rgb(95, 88, 120)",none,none,"""Source Serif 4"", ""Source Serif 4 Fallback"", Georgia, serif"
villkor,en,mobile,p,prose-plain,"The stories and pictures are generated with AI, and sometime",Source Serif 4,16.8px,400,normal,28.56px,normal,none,start,264,"rgb(181, 172, 211)","rgb(95, 88, 120)",none,none,"""Source Serif 4"", ""Source Serif 4 Fallback"", Georgia, serif"
villkor,en,mobile,summary,,Läs på svenska,Schibsted Grotesk,16px,800,normal,normal,normal,none,start,264,"rgb(245, 197, 66)","rgb(109, 79, 224)",none,none,"""Schibsted Grotesk"", ""Schibsted Grotesk Fallback"", ""Segoe UI"", system-ui, sans-serif"
villkor,en,mobile,span,,Svenska,Schibsted Grotesk,12.48px,800,normal,normal,0.9984px,uppercase,start,95,"rgb(181, 172, 211)","rgb(95, 88, 120)",none,none,"""Schibsted Grotesk"", ""Schibsted Grotesk Fallback"", ""Segoe UI"", system-ui, sans-serif"
villkor,en,mobile,h3,,"Planer, provperiod och uppsägning",Schibsted Grotesk,16.32px,800,normal,normal,normal,none,start,264,"rgb(242, 238, 255)","rgb(36, 31, 53)",none,none,"""Schibsted Grotesk"", ""Schibsted Grotesk Fallback"", ""Segoe UI"", system-ui, sans-serif"
villkor,en,mobile,p,prose-plain,Som konsument i EU har ni 14 dagars ångerrätt. När ni starta,Source Serif 4,16.8px,400,normal,28.56px,normal,none,start,264,"rgb(181, 172, 211)","rgb(95, 88, 120)",none,none,"""Source Serif 4"", ""Source Serif 4 Fallback"", Georgia, serif"
villkor,en,mobile,p,prose-plain,Tale Forge är byggt för barnfamiljer och klassrum. Försök in,Source Serif 4,16.8px,400,normal,28.56px,normal,none,start,264,"rgb(181, 172, 211)","rgb(95, 88, 120)",none,none,"""Source Serif 4"", ""Source Serif 4 Fallback"", Georgia, serif"
villkor,en,mobile,p,prose-plain,"Berättelserna och bilderna skapas med AI, och ibland blir nå",Source Serif 4,16.8px,400,normal,28.56px,normal,none,start,264,"rgb(181, 172, 211)","rgb(95, 88, 120)",none,none,"""Source Serif 4"", ""Source Serif 4 Fallback"", Georgia, serif"
villkor,en,mobile,span,,"Tale Forge, storybooks that remember your world.",Schibsted Grotesk,14.4px,400,normal,normal,normal,none,start,334,"rgb(183, 169, 214)","rgb(95, 88, 120)",none,none,"""Schibsted Grotesk"", ""Schibsted Grotesk Fallback"", ""Segoe UI"", system-ui, sans-serif"
villkor,en,mobile,span,,Beta,Schibsted Grotesk,11.2px,400,normal,normal,0.336px,none,start,41,"rgb(183, 169, 214)","rgb(95, 88, 120)",none,none,"""Schibsted Grotesk"", ""Schibsted Grotesk Fallback"", ""Segoe UI"", system-ui, sans-serif"
villkor,en,mobile,span,,Version 16ab1756 · 26 Sep 2026,Schibsted Grotesk,12.8px,400,normal,normal,normal,none,start,334,"rgb(181, 172, 211)","rgb(95, 88, 120)",none,none,"""Schibsted Grotesk"", ""Schibsted Grotesk Fallback"", ""Segoe UI"", system-ui, sans-serif"
villkor,en,mobile,span,,"Tale Forge AB, reg. no. 559543-1122, Varnamo, Sweden",Schibsted Grotesk,14.4px,400,normal,normal,normal,none,start,334,"rgb(181, 172, 211)","rgb(95, 88, 120)",none,none,"""Schibsted Grotesk"", ""Schibsted Grotesk Fallback"", ""Segoe UI"", system-ui, sans-serif"
villkor,en,mobile,a,,Contact,Schibsted Grotesk,14.4px,400,normal,normal,normal,none,start,52,"rgb(181, 172, 211)","rgb(95, 88, 120)",none,none,"""Schibsted Grotesk"", ""Schibsted Grotesk Fallback"", ""Segoe UI"", system-ui, sans-serif"
villkor,en,mobile,a,,Privacy,Schibsted Grotesk,14.4px,400,normal,normal,normal,none,start,49,"rgb(181, 172, 211)","rgb(95, 88, 120)",none,none,"""Schibsted Grotesk"", ""Schibsted Grotesk Fallback"", ""Segoe UI"", system-ui, sans-serif"
villkor,en,mobile,a,,Terms,Schibsted Grotesk,14.4px,400,normal,normal,normal,none,start,41,"rgb(181, 172, 211)","rgb(95, 88, 120)",none,none,"""Schibsted Grotesk"", ""Schibsted Grotesk Fallback"", ""Segoe UI"", system-ui, sans-serif"
villkor,sv,desktop,a,skip-link,Hoppa till innehållet,Schibsted Grotesk,16px,800,normal,normal,normal,none,start,188,"rgb(36, 22, 8)","rgb(36, 22, 8)",none,none,"""Schibsted Grotesk"", ""Schibsted Grotesk Fallback"", ""Segoe UI"", system-ui, sans-serif"
villkor,sv,desktop,a,logo,Tale Forge,Cinzel,27.52px,700,normal,normal,3px,uppercase,start,261,"rgb(245, 197, 66)","rgb(109, 79, 224)","rgba(5, 8, 20, 0.8) 0px 2px 6px, rgba(245, 197, 66, 0.45) 0px 0px 34px","rgba(36, 31, 53, 0.18) 0px 1px 2px, rgba(109, 79, 224, 0.32) 0px 0px 24px","Cinzel, ""Cinzel Fallback"", ""Playfair Display"", Georgia, serif"
villkor,sv,desktop,a,,Logga in,Schibsted Grotesk,13.12px,700,normal,13.12px,normal,none,start,75,"rgb(181, 172, 211)","rgb(95, 88, 120)",none,none,"""Schibsted Grotesk"", ""Schibsted Grotesk Fallback"", ""Segoe UI"", system-ui, sans-serif"
villkor,sv,desktop,a,,Priser,Schibsted Grotesk,13.12px,700,normal,13.12px,normal,none,start,61,"rgb(181, 172, 211)","rgb(95, 88, 120)",none,none,"""Schibsted Grotesk"", ""Schibsted Grotesk Fallback"", ""Segoe UI"", system-ui, sans-serif"
villkor,sv,desktop,button,,SV,Schibsted Grotesk,13.12px,800,normal,normal,0.2624px,none,center,44,"rgb(58, 43, 16)","rgb(255, 255, 255)",none,none,"""Schibsted Grotesk"", ""Schibsted Grotesk Fallback"", ""Segoe UI"", system-ui, sans-serif"
villkor,sv,desktop,button,,EN,Schibsted Grotesk,13.12px,700,normal,normal,0.2624px,none,center,44,"rgb(181, 172, 211)","rgb(95, 88, 120)",none,none,"""Schibsted Grotesk"", ""Schibsted Grotesk Fallback"", ""Segoe UI"", system-ui, sans-serif"
villkor,sv,desktop,span,tt-opt night,Natt,Schibsted Grotesk,15.2px,700,normal,normal,normal,none,center,82,"rgb(58, 43, 16)","rgb(36, 31, 53)",none,none,"""Schibsted Grotesk"", ""Schibsted Grotesk Fallback"", ""Segoe UI"", system-ui, sans-serif"
villkor,sv,desktop,span,tt-opt day,Morgon,Schibsted Grotesk,15.2px,700,normal,normal,normal,none,center,107,"rgb(255, 243, 217)","rgb(255, 255, 255)",none,none,"""Schibsted Grotesk"", ""Schibsted Grotesk Fallback"", ""Segoe UI"", system-ui, sans-serif"
villkor,sv,desktop,h1,page-title,Användarvillkor,Lora,32px,600,normal,33.92px,normal,none,start,242,"rgb(255, 247, 233)","rgb(36, 31, 53)","rgba(12, 8, 40, 0.35) 0px 2px 30px",none,"Lora, ""Lora Fallback"", Georgia, serif"
villkor,sv,desktop,p,lede,Enkla villkor för att använda Tale Forge. Samma text finns p,Source Serif 4,16.32px,400,normal,26.928px,normal,none,start,397,"rgb(181, 172, 211)","rgb(95, 88, 120)",none,none,"""Source Serif 4"", ""Source Serif 4 Fallback"", Georgia, serif"
villkor,sv,desktop,span,,Svenska,Schibsted Grotesk,12.48px,800,normal,normal,0.9984px,uppercase,start,95,"rgb(181, 172, 211)","rgb(95, 88, 120)",none,none,"""Schibsted Grotesk"", ""Schibsted Grotesk Fallback"", ""Segoe UI"", system-ui, sans-serif"
villkor,sv,desktop,h3,,I korthet,Schibsted Grotesk,16.32px,800,normal,normal,normal,none,start,690,"rgb(242, 238, 255)","rgb(36, 31, 53)",none,none,"""Schibsted Grotesk"", ""Schibsted Grotesk Fallback"", ""Segoe UI"", system-ui, sans-serif"
villkor,sv,desktop,p,prose-plain,"Vi är Tale Forge AB, ett litet svenskt företag i Värnamo (or",Source Serif 4,16.8px,400,normal,28.56px,normal,none,start,690,"rgb(181, 172, 211)","rgb(95, 88, 120)",none,none,"""Source Serif 4"", ""Source Serif 4 Fallback"", Georgia, serif"
villkor,sv,desktop,a,,kevin@tale-forge.app,Source Serif 4,16.8px,700,normal,28.56px,normal,none,start,173,"rgb(245, 197, 66)","rgb(109, 79, 224)",none,none,"""Source Serif 4"", ""Source Serif 4 Fallback"", Georgia, serif"
villkor,sv,desktop,p,prose-plain,Gratisplanen låter er skapa en bok för ett barn. Familjeplan,Source Serif 4,16.8px,400,normal,28.56px,normal,none,start,690,"rgb(181, 172, 211)","rgb(95, 88, 120)",none,none,"""Source Serif 4"", ""Source Serif 4 Fallback"", Georgia, serif"
villkor,sv,desktop,p,prose-plain,Ingen bindningstid: ni kan säga upp när som helst. Planen gä,Source Serif 4,16.8px,400,normal,28.56px,normal,none,start,690,"rgb(181, 172, 211)","rgb(95, 88, 120)",none,none,"""Source Serif 4"", ""Source Serif 4 Fallback"", Georgia, serif"
villkor,sv,desktop,p,prose-plain,"Kontot skapas av en vuxen på skolan, som godkänner villkoren",Source Serif 4,16.8px,400,normal,28.56px,normal,none,start,690,"rgb(181, 172, 211)","rgb(95, 88, 120)",none,none,"""Source Serif 4"", ""Source Serif 4 Fallback"", Georgia, serif"
villkor,sv,desktop,summary,,Read in English,Schibsted Grotesk,16px,800,normal,normal,normal,none,start,690,"rgb(245, 197, 66)","rgb(109, 79, 224)",none,none,"""Schibsted Grotesk"", ""Schibsted Grotesk Fallback"", ""Segoe UI"", system-ui, sans-serif"
villkor,sv,desktop,span,,English,Schibsted Grotesk,12.48px,800,normal,normal,0.9984px,uppercase,start,91,"rgb(181, 172, 211)","rgb(95, 88, 120)",none,none,"""Schibsted Grotesk"", ""Schibsted Grotesk Fallback"", ""Segoe UI"", system-ui, sans-serif"
villkor,sv,desktop,p,prose-plain,The free plan lets you create one book for one child. The Fa,Source Serif 4,16.8px,400,normal,28.56px,normal,none,start,690,"rgb(181, 172, 211)","rgb(95, 88, 120)",none,none,"""Source Serif 4"", ""Source Serif 4 Fallback"", Georgia, serif"
villkor,sv,desktop,span,,"Tale Forge, sagor som minns er värld.",Schibsted Grotesk,14.4px,400,normal,normal,normal,none,start,249,"rgb(183, 169, 214)","rgb(95, 88, 120)",none,none,"""Schibsted Grotesk"", ""Schibsted Grotesk Fallback"", ""Segoe UI"", system-ui, sans-serif"
villkor,sv,desktop,span,,Beta,Schibsted Grotesk,11.2px,400,normal,normal,0.336px,none,start,41,"rgb(183, 169, 214)","rgb(95, 88, 120)",none,none,"""Schibsted Grotesk"", ""Schibsted Grotesk Fallback"", ""Segoe UI"", system-ui, sans-serif"
villkor,sv,desktop,span,,Version 16ab1756 · 26 sep. 2026,Schibsted Grotesk,12.8px,400,normal,normal,normal,none,start,300,"rgb(181, 172, 211)","rgb(95, 88, 120)",none,none,"""Schibsted Grotesk"", ""Schibsted Grotesk Fallback"", ""Segoe UI"", system-ui, sans-serif"
villkor,sv,desktop,span,,"Tale Forge AB, org.nr 559543-1122, Värnamo, Sverige",Schibsted Grotesk,14.4px,400,normal,normal,normal,none,start,351,"rgb(181, 172, 211)","rgb(95, 88, 120)",none,none,"""Schibsted Grotesk"", ""Schibsted Grotesk Fallback"", ""Segoe UI"", system-ui, sans-serif"
villkor,sv,desktop,a,,Kontakt,Schibsted Grotesk,14.4px,400,normal,normal,normal,none,start,51,"rgb(181, 172, 211)","rgb(95, 88, 120)",none,none,"""Schibsted Grotesk"", ""Schibsted Grotesk Fallback"", ""Segoe UI"", system-ui, sans-serif"
villkor,sv,desktop,a,,Integritet,Schibsted Grotesk,14.4px,400,normal,normal,normal,none,start,61,"rgb(181, 172, 211)","rgb(95, 88, 120)",none,none,"""Schibsted Grotesk"", ""Schibsted Grotesk Fallback"", ""Segoe UI"", system-ui, sans-serif"
villkor,sv,desktop,a,,Villkor,Schibsted Grotesk,14.4px,400,normal,normal,normal,none,start,43,"rgb(181, 172, 211)","rgb(95, 88, 120)",none,none,"""Schibsted Grotesk"", ""Schibsted Grotesk Fallback"", ""Segoe UI"", system-ui, sans-serif"
villkor,sv,mobile,a,skip-link,Hoppa till innehållet,Schibsted Grotesk,16px,800,normal,normal,normal,none,start,188,"rgb(36, 22, 8)","rgb(36, 22, 8)",none,none,"""Schibsted Grotesk"", ""Schibsted Grotesk Fallback"", ""Segoe UI"", system-ui, sans-serif"
villkor,sv,mobile,a,logo,Tale Forge,Cinzel,16.8px,700,normal,normal,1.5px,uppercase,start,158,"rgb(245, 197, 66)","rgb(109, 79, 224)","rgba(5, 8, 20, 0.8) 0px 2px 6px, rgba(245, 197, 66, 0.45) 0px 0px 34px","rgba(36, 31, 53, 0.18) 0px 1px 2px, rgba(109, 79, 224, 0.32) 0px 0px 24px","Cinzel, ""Cinzel Fallback"", ""Playfair Display"", Georgia, serif"
villkor,sv,mobile,a,,Logga in,Schibsted Grotesk,13.12px,700,normal,13.12px,normal,none,start,75,"rgb(181, 172, 211)","rgb(95, 88, 120)",none,none,"""Schibsted Grotesk"", ""Schibsted Grotesk Fallback"", ""Segoe UI"", system-ui, sans-serif"
villkor,sv,mobile,a,,Priser,Schibsted Grotesk,13.12px,700,normal,13.12px,normal,none,start,61,"rgb(181, 172, 211)","rgb(95, 88, 120)",none,none,"""Schibsted Grotesk"", ""Schibsted Grotesk Fallback"", ""Segoe UI"", system-ui, sans-serif"
villkor,sv,mobile,button,,SV,Schibsted Grotesk,13.12px,800,normal,normal,0.2624px,none,center,44,"rgb(58, 43, 16)","rgb(255, 255, 255)",none,none,"""Schibsted Grotesk"", ""Schibsted Grotesk Fallback"", ""Segoe UI"", system-ui, sans-serif"
villkor,sv,mobile,button,,EN,Schibsted Grotesk,13.12px,700,normal,normal,0.2624px,none,center,44,"rgb(181, 172, 211)","rgb(95, 88, 120)",none,none,"""Schibsted Grotesk"", ""Schibsted Grotesk Fallback"", ""Segoe UI"", system-ui, sans-serif"
villkor,sv,mobile,span,tt-opt night,Natt,Schibsted Grotesk,0px,700,normal,normal,normal,none,center,31,"rgb(58, 43, 16)","rgb(36, 31, 53)",none,none,"""Schibsted Grotesk"", ""Schibsted Grotesk Fallback"", ""Segoe UI"", system-ui, sans-serif"
villkor,sv,mobile,span,tt-opt day,Morgon,Schibsted Grotesk,0px,700,normal,normal,normal,none,center,31,"rgb(255, 243, 217)","rgb(255, 255, 255)",none,none,"""Schibsted Grotesk"", ""Schibsted Grotesk Fallback"", ""Segoe UI"", system-ui, sans-serif"
villkor,sv,mobile,h1,page-title,Användarvillkor,Lora,24px,600,normal,25.44px,normal,none,start,181,"rgb(255, 247, 233)","rgb(36, 31, 53)","rgba(12, 8, 40, 0.35) 0px 2px 30px",none,"Lora, ""Lora Fallback"", Georgia, serif"
villkor,sv,mobile,p,lede,Enkla villkor för att använda Tale Forge. Samma text finns p,Source Serif 4,16.32px,400,normal,26.928px,normal,none,start,264,"rgb(181, 172, 211)","rgb(95, 88, 120)",none,none,"""Source Serif 4"", ""Source Serif 4 Fallback"", Georgia, serif"
villkor,sv,mobile,span,,Svenska,Schibsted Grotesk,12.48px,800,normal,normal,0.9984px,uppercase,start,95,"rgb(181, 172, 211)","rgb(95, 88, 120)",none,none,"""Schibsted Grotesk"", ""Schibsted Grotesk Fallback"", ""Segoe UI"", system-ui, sans-serif"
villkor,sv,mobile,h3,,I korthet,Schibsted Grotesk,16.32px,800,normal,normal,normal,none,start,264,"rgb(242, 238, 255)","rgb(36, 31, 53)",none,none,"""Schibsted Grotesk"", ""Schibsted Grotesk Fallback"", ""Segoe UI"", system-ui, sans-serif"
villkor,sv,mobile,p,prose-plain,"Vi är Tale Forge AB, ett litet svenskt företag i Värnamo (or",Source Serif 4,16.8px,400,normal,28.56px,normal,none,start,264,"rgb(181, 172, 211)","rgb(95, 88, 120)",none,none,"""Source Serif 4"", ""Source Serif 4 Fallback"", Georgia, serif"
villkor,sv,mobile,a,,kevin@tale-forge.app,Source Serif 4,16.8px,700,normal,28.56px,normal,none,start,173,"rgb(245, 197, 66)","rgb(109, 79, 224)",none,none,"""Source Serif 4"", ""Source Serif 4 Fallback"", Georgia, serif"
villkor,sv,mobile,h3,,"Planer, provperiod och uppsägning",Schibsted Grotesk,16.32px,800,normal,normal,normal,none,start,264,"rgb(242, 238, 255)","rgb(36, 31, 53)",none,none,"""Schibsted Grotesk"", ""Schibsted Grotesk Fallback"", ""Segoe UI"", system-ui, sans-serif"
villkor,sv,mobile,p,prose-plain,Gratisplanen låter er skapa en bok för ett barn. Familjeplan,Source Serif 4,16.8px,400,normal,28.56px,normal,none,start,264,"rgb(181, 172, 211)","rgb(95, 88, 120)",none,none,"""Source Serif 4"", ""Source Serif 4 Fallback"", Georgia, serif"
villkor,sv,mobile,p,prose-plain,Ingen bindningstid: ni kan säga upp när som helst. Planen gä,Source Serif 4,16.8px,400,normal,28.56px,normal,none,start,264,"rgb(181, 172, 211)","rgb(95, 88, 120)",none,none,"""Source Serif 4"", ""Source Serif 4 Fallback"", Georgia, serif"
villkor,sv,mobile,p,prose-plain,Som konsument i EU har ni 14 dagars ångerrätt. När ni starta,Source Serif 4,16.8px,400,normal,28.56px,normal,none,start,264,"rgb(181, 172, 211)","rgb(95, 88, 120)",none,none,"""Source Serif 4"", ""Source Serif 4 Fallback"", Georgia, serif"
villkor,sv,mobile,p,prose-plain,"Kontot skapas av en vuxen på skolan, som godkänner villkoren",Source Serif 4,16.8px,400,normal,28.56px,normal,none,start,264,"rgb(181, 172, 211)","rgb(95, 88, 120)",none,none,"""Source Serif 4"", ""Source Serif 4 Fallback"", Georgia, serif"
villkor,sv,mobile,p,prose-plain,Tale Forge är byggt för barnfamiljer och klassrum. Försök in,Source Serif 4,16.8px,400,normal,28.56px,normal,none,start,264,"rgb(181, 172, 211)","rgb(95, 88, 120)",none,none,"""Source Serif 4"", ""Source Serif 4 Fallback"", Georgia, serif"
villkor,sv,mobile,p,prose-plain,"Berättelserna och bilderna skapas med AI, och ibland blir nå",Source Serif 4,16.8px,400,normal,28.56px,normal,none,start,264,"rgb(181, 172, 211)","rgb(95, 88, 120)",none,none,"""Source Serif 4"", ""Source Serif 4 Fallback"", Georgia, serif"
villkor,sv,mobile,summary,,Read in English,Schibsted Grotesk,16px,800,normal,normal,normal,none,start,264,"rgb(245, 197, 66)","rgb(109, 79, 224)",none,none,"""Schibsted Grotesk"", ""Schibsted Grotesk Fallback"", ""Segoe UI"", system-ui, sans-serif"
villkor,sv,mobile,span,,English,Schibsted Grotesk,12.48px,800,normal,normal,0.9984px,uppercase,start,91,"rgb(181, 172, 211)","rgb(95, 88, 120)",none,none,"""Schibsted Grotesk"", ""Schibsted Grotesk Fallback"", ""Segoe UI"", system-ui, sans-serif"
villkor,sv,mobile,p,prose-plain,The free plan lets you create one book for one child. The Fa,Source Serif 4,16.8px,400,normal,28.56px,normal,none,start,264,"rgb(181, 172, 211)","rgb(95, 88, 120)",none,none,"""Source Serif 4"", ""Source Serif 4 Fallback"", Georgia, serif"
villkor,sv,mobile,p,prose-plain,No lock-in: you can cancel at any time. The plan then runs t,Source Serif 4,16.8px,400,normal,28.56px,normal,none,start,264,"rgb(181, 172, 211)","rgb(95, 88, 120)",none,none,"""Source Serif 4"", ""Source Serif 4 Fallback"", Georgia, serif"
villkor,sv,mobile,span,,"Tale Forge, sagor som minns er värld.",Schibsted Grotesk,14.4px,400,normal,normal,normal,none,start,249,"rgb(183, 169, 214)","rgb(95, 88, 120)",none,none,"""Schibsted Grotesk"", ""Schibsted Grotesk Fallback"", ""Segoe UI"", system-ui, sans-serif"
villkor,sv,mobile,span,,Beta,Schibsted Grotesk,11.2px,400,normal,normal,0.336px,none,start,41,"rgb(183, 169, 214)","rgb(95, 88, 120)",none,none,"""Schibsted Grotesk"", ""Schibsted Grotesk Fallback"", ""Segoe UI"", system-ui, sans-serif"
villkor,sv,mobile,span,,Version 16ab1756 · 26 sep. 2026,Schibsted Grotesk,12.8px,400,normal,normal,normal,none,start,300,"rgb(181, 172, 211)","rgb(95, 88, 120)",none,none,"""Schibsted Grotesk"", ""Schibsted Grotesk Fallback"", ""Segoe UI"", system-ui, sans-serif"
villkor,sv,mobile,span,,"Tale Forge AB, org.nr 559543-1122, Värnamo, Sverige",Schibsted Grotesk,14.4px,400,normal,normal,normal,none,start,334,"rgb(181, 172, 211)","rgb(95, 88, 120)",none,none,"""Schibsted Grotesk"", ""Schibsted Grotesk Fallback"", ""Segoe UI"", system-ui, sans-serif"
villkor,sv,mobile,a,,Kontakt,Schibsted Grotesk,14.4px,400,normal,normal,normal,none,start,51,"rgb(181, 172, 211)","rgb(95, 88, 120)",none,none,"""Schibsted Grotesk"", ""Schibsted Grotesk Fallback"", ""Segoe UI"", system-ui, sans-serif"
villkor,sv,mobile,a,,Integritet,Schibsted Grotesk,14.4px,400,normal,normal,normal,none,start,61,"rgb(181, 172, 211)","rgb(95, 88, 120)",none,none,"""Schibsted Grotesk"", ""Schibsted Grotesk Fallback"", ""Segoe UI"", system-ui, sans-serif"
villkor,sv,mobile,a,,Villkor,Schibsted Grotesk,14.4px,400,normal,normal,normal,none,start,43,"rgb(181, 172, 211)","rgb(95, 88, 120)",none,none,"""Schibsted Grotesk"", ""Schibsted Grotesk Fallback"", ""Segoe UI"", system-ui, sans-serif"
